# Blender 5.1.2
# www.blender.org
mtllib camera.mtl
o Cube
v -0.436413 0.749712 0.905856
v -0.392979 0.721961 0.905856
v -0.393085 1.350790 0.905856
v -0.420280 1.307006 0.905856
v 0.393085 0.705828 0.905856
v 0.420280 0.749613 0.905856
v 0.436413 1.306907 0.905856
v 0.392979 1.334657 0.905856
v 0.464045 0.722430 0.905856
v 0.436850 0.678645 0.905856
v 0.420717 1.378073 0.905856
v 0.464151 1.350322 0.905856
v -0.420717 0.678546 0.905856
v -0.464151 0.706297 0.905856
v -0.464045 1.334189 0.905856
v -0.436850 1.377974 0.905856
v 0.447816 0.745122 0.904831
v 0.409315 0.683136 0.904831
v 0.397819 1.362133 0.904831
v 0.459311 1.322846 0.904831
v -0.397819 0.694486 0.904831
v -0.459311 0.733772 0.904831
v -0.447816 1.311496 0.904831
v -0.409315 1.373483 0.904831
v 0.434490 0.750130 0.904831
v 0.422641 0.678128 0.904831
v 0.392642 1.348872 0.904831
v 0.464488 1.336107 0.904831
v -0.392643 0.707747 0.904831
v -0.464488 0.720511 0.904831
v -0.434490 1.306489 0.904831
v -0.422641 1.378491 0.904831
v 0.458211 0.735396 0.904831
v 0.398919 0.692862 0.904831
v 0.407677 1.372404 0.904831
v 0.449453 1.312576 0.904831
v -0.407677 0.684215 0.904831
v -0.449453 0.744043 0.904831
v -0.458211 1.321223 0.904831
v -0.398919 1.363757 0.904831
v 0.450936 0.682944 0.913010
v 0.435688 0.671722 0.913010
v 0.460032 1.364462 0.913010
v 0.471553 1.348703 0.913010
v -0.460032 0.692157 0.913010
v -0.471553 0.707916 0.913010
v -0.450936 1.373674 0.913010
v -0.435688 1.384897 0.913010
v 0.390695 0.720361 0.913010
v 0.421851 1.304702 0.913010
v -0.421851 0.751916 0.913010
v -0.390695 1.336258 0.913010
v 0.418380 0.753499 0.913010
v 0.388714 1.333166 0.913010
v -0.388714 0.723452 0.913010
v -0.418380 1.303120 0.913010
v 0.466435 0.707897 0.913010
v 0.461167 0.693879 0.913010
v 0.435279 1.380277 0.913010
v 0.449228 1.374832 0.913010
v -0.435279 0.676342 0.913010
v -0.449228 0.681787 0.913010
v -0.466435 1.348722 0.913010
v -0.461167 1.362740 0.913010
v 0.406194 0.745314 0.913010
v 0.395963 0.734379 0.913010
v 0.397098 1.320517 0.913010
v 0.407902 1.310148 0.913010
v -0.397098 0.736101 0.913010
v -0.407902 0.746471 0.913010
v -0.406194 1.311305 0.913010
v -0.395963 1.322240 0.913010
v 0.471314 0.722118 0.913010
v 0.421483 1.384838 0.913010
v -0.421483 0.671781 0.913010
v -0.471314 1.334500 0.913010
v -0.443717 1.354909 0.863936
v -0.413413 1.330070 0.863936
v -0.428565 1.342490 0.863936
v -0.437154 1.331943 0.863936
v -0.419976 1.353036 0.863936
v -0.441845 0.699814 0.863936
v -0.415285 0.728444 0.863936
v -0.428565 0.714129 0.863936
v -0.418080 0.705454 0.863936
v -0.439050 0.722804 0.863936
v 0.441845 1.356805 0.863936
v 0.415285 1.328174 0.863936
v 0.428565 1.342490 0.863936
v 0.418080 1.351164 0.863936
v 0.439050 1.333815 0.863936
v 0.443717 0.701710 0.863936
v 0.413413 0.726548 0.863936
v 0.428565 0.714129 0.863936
v 0.437154 0.724676 0.863936
v 0.419976 0.703582 0.863936
v 0.407088 0.716227 0.863936
v 0.421187 0.734967 0.863936
v 0.452495 0.714471 0.863936
v 0.425655 1.321623 0.863936
v 0.407060 1.335924 0.863936
v 0.429022 1.365796 0.863936
v -0.425655 0.734996 0.863936
v -0.407060 0.720694 0.863936
v -0.429022 0.690823 0.863936
v -0.407088 1.340392 0.863936
v -0.421187 1.321651 0.863936
v -0.452496 1.342148 0.863936
v -0.433490 1.365767 0.863936
v -0.452524 0.710003 0.863936
v 0.452524 1.346616 0.863936
v 0.433490 0.690851 0.863936
v 0.437080 0.679625 0.874704
v 0.463206 1.350540 0.874704
v -0.463206 0.706079 0.874704
v -0.437080 1.376993 0.874704
v 0.394078 1.334287 0.874704
v -0.394078 0.722332 0.874704
v 0.463321 0.721505 0.874704
v -0.463321 1.335114 0.874704
v 0.471002 0.832343 0.913010
v 0.280834 0.669831 0.913010
v 0.278929 1.384907 0.913010
v 0.472907 1.226157 0.913010
v -0.278929 0.671712 0.913010
v -0.472907 0.830462 0.913010
v -0.471002 1.224275 0.913010
v -0.280834 1.386788 0.913010
v 0.444314 0.678146 0.913010
v 0.464832 1.357714 0.913010
v -0.464832 0.698905 0.913010
v -0.444314 1.378473 0.913010
v 0.389687 0.713658 0.913010
v 0.428476 1.303672 0.913010
v -0.428476 0.752946 0.913010
v -0.389687 1.342961 0.913010
v 0.492966 0.719271 0.913010
v 0.432831 0.651763 0.913010
v 0.425005 1.404825 0.913010
v 0.493096 1.345173 0.913010
v -0.425005 0.651793 0.913010
v -0.493097 0.711446 0.913010
v -0.492966 1.337347 0.913010
v -0.432831 1.404856 0.913010
v 0.374750 0.723939 0.913010
v 0.408723 0.765507 0.913010
v 0.416550 1.291142 0.913010
v 0.374620 1.324854 0.913010
v -0.416550 0.765477 0.913010
v -0.374620 0.731764 0.913010
v -0.374750 1.332680 0.913010
v -0.408723 1.291111 0.913010
v 0.464489 0.700629 0.913010
v 0.442521 1.378239 0.913010
v -0.442521 0.678380 0.913010
v -0.464489 1.355989 0.913010
v 0.400542 0.740348 0.913010
v 0.401991 1.314802 0.913010
v -0.401991 0.741816 0.913010
v -0.400542 1.316270 0.913010
v 0.456589 0.687909 0.913010
v 0.455139 1.370177 0.913010
v -0.455139 0.686442 0.913010
v -0.456589 1.368709 0.913010
v 0.392641 0.727628 0.913010
v 0.414609 1.306740 0.913010
v -0.414609 0.749878 0.913010
v -0.392641 1.328990 0.913010
v 0.468044 0.715195 0.913010
v 0.428065 1.381891 0.913010
v -0.428065 0.674728 0.913010
v -0.468044 1.341424 0.913010
v 0.412228 0.749528 0.913010
v 0.392898 1.326671 0.913010
v -0.392898 0.729948 0.913010
v -0.412228 1.307091 0.913010
v 0.457846 0.734731 0.888473
v -0.407519 1.313152 0.888473
v -0.398962 0.734800 0.888473
v 0.463682 0.722244 0.889003
v 0.398962 1.321818 0.888473
v 0.407519 0.743467 0.888473
v -0.447413 1.312247 0.888473
v -0.464192 1.348353 0.888473
v -0.458567 0.733359 0.888473
v -0.434881 0.678579 0.888473
v -0.398563 0.694899 0.888473
v 0.434881 1.378039 0.888473
v 0.458567 1.323260 0.888473
v 0.464192 0.708266 0.888473
v 0.398563 1.361720 0.888473
v -0.422921 1.377898 0.888473
v -0.436807 1.377579 0.889003
v 0.409717 0.683886 0.888473
v -0.434132 1.307158 0.888473
v -0.420296 1.307427 0.889003
v 0.447413 0.744372 0.888473
v -0.463915 0.720235 0.888473
v -0.463762 0.706338 0.889003
v -0.397894 1.323439 0.888473
v -0.393292 0.708099 0.888473
v -0.393395 0.721946 0.889003
v -0.409126 0.744555 0.888473
v 0.463915 1.336384 0.888473
v 0.463762 1.350280 0.889003
v 0.409126 1.312063 0.888473
v 0.393292 1.348520 0.888473
v 0.393395 1.334673 0.889003
v 0.397894 0.733180 0.888473
v 0.392938 0.719992 0.888473
v -0.463682 1.334375 0.889003
v -0.457846 1.321888 0.888473
v 0.422921 0.678721 0.888473
v 0.436807 0.679039 0.889003
v -0.449611 1.371828 0.888473
v -0.459237 1.361540 0.888473
v -0.448704 0.743577 0.888473
v 0.434132 0.749461 0.888473
v 0.420296 0.749192 0.889003
v -0.458169 0.693458 0.888473
v -0.448005 0.683702 0.888473
v -0.420902 0.678917 0.889003
v -0.408350 0.684605 0.888473
v -0.392938 1.336627 0.888473
v -0.393475 1.350578 0.889003
v 0.458168 1.363161 0.888473
v 0.448005 1.372916 0.888473
v 0.448704 1.313042 0.888473
v -0.422249 0.749678 0.888473
v -0.436201 0.749314 0.889003
v 0.449611 0.684791 0.888473
v 0.459237 0.695078 0.888473
v 0.420902 1.377702 0.889003
v 0.408350 1.372014 0.888473
v 0.422249 1.306940 0.888473
v 0.436201 1.307304 0.889003
v -0.399361 1.363015 0.888473
v -0.409717 1.372732 0.888473
v 0.393475 0.706041 0.889003
v 0.399361 0.693604 0.888473
v 0.427352 0.750592 0.904831
v 0.429778 0.677666 0.904831
v 0.392090 1.341741 0.904831
v 0.465040 1.343238 0.904831
v -0.392090 0.714877 0.904831
v -0.465040 0.713381 0.904831
v -0.427352 1.306027 0.904831
v -0.429778 1.378952 0.904831
v 0.453491 0.740769 0.904831
v 0.403640 0.687488 0.904831
v 0.402244 1.367752 0.904831
v 0.454886 1.317227 0.904831
v -0.402244 0.688866 0.904831
v -0.454886 0.739392 0.904831
v -0.453491 1.315849 0.904831
v -0.403640 1.369130 0.904831
v 0.441398 0.748280 0.904831
v 0.415732 0.679978 0.904831
v 0.394580 1.355757 0.904831
v 0.462550 1.329223 0.904831
v -0.394580 0.700862 0.904831
v -0.462550 0.727396 0.904831
v -0.441398 1.308339 0.904831
v -0.415732 1.376641 0.904831
v 0.461788 0.729203 0.904831
v 0.395342 0.699055 0.904831
v 0.413915 1.375902 0.904831
v 0.443215 1.309078 0.904831
v -0.413915 0.680717 0.904831
v -0.443215 0.747541 0.904831
v -0.461788 1.327416 0.904831
v -0.395342 1.357564 0.904831
v 0.450274 0.683868 0.913010
v 0.459100 1.363812 0.913010
v -0.459100 0.692807 0.913010
v -0.450274 1.372751 0.913010
v 0.391817 0.720176 0.913010
v 0.422050 1.305821 0.913010
v -0.422050 0.750798 0.913010
v -0.391817 1.336442 0.913010
v 0.465314 0.708081 0.913010
v 0.460202 0.694479 0.913010
v 0.435080 1.379158 0.913010
v 0.448616 1.373874 0.913010
v -0.435080 0.677460 0.913010
v -0.448616 0.682745 0.913010
v -0.465314 1.348537 0.913010
v -0.460202 1.362140 0.913010
v 0.396928 0.733779 0.913010
v 0.406856 0.744390 0.913010
v 0.408514 1.311106 0.913010
v 0.398030 1.321168 0.913010
v -0.408514 0.745513 0.913010
v -0.398030 0.735451 0.913010
v -0.396928 1.322839 0.913010
v -0.406856 1.312228 0.913010
v -0.451442 1.358767 0.863936
v -0.421024 1.335737 0.863936
v -0.424446 1.346865 0.863936
v -0.445592 0.691926 0.863936
v -0.421258 0.721118 0.863936
v -0.432921 0.718270 0.863936
v 0.445592 1.364692 0.863936
v 0.421258 1.335500 0.863936
v 0.432921 1.338348 0.863936
v 0.451442 0.697851 0.863936
v 0.421024 0.720881 0.863936
v 0.424446 0.709754 0.863936
v -0.436107 1.349242 0.863936
v -0.405688 1.326212 0.863936
v -0.432684 1.338114 0.863936
v -0.435873 0.707140 0.863936
v -0.411538 0.736331 0.863936
v -0.424209 0.709988 0.863936
v 0.435872 1.349479 0.863936
v 0.411538 1.320287 0.863936
v 0.424209 1.346631 0.863936
v 0.436107 0.707377 0.863936
v 0.405688 0.730407 0.863936
v 0.432684 0.718504 0.863936
v 0.413627 0.710700 0.863936
v 0.400139 0.718954 0.863936
v 0.410357 0.722613 0.863936
v 0.428978 0.730027 0.863936
v 0.414130 0.739372 0.863936
v 0.416750 0.730184 0.863936
v 0.458678 0.710981 0.863936
v 0.445190 0.719236 0.863936
v 0.448460 0.707322 0.863936
v 0.431453 1.327929 0.863936
v 0.423003 1.314523 0.863936
v 0.419207 1.325067 0.863936
v 0.412259 1.343462 0.863936
v 0.402749 1.328757 0.863936
v 0.411694 1.331531 0.863936
v 0.432441 1.372133 0.863936
v 0.423991 1.358728 0.863936
v 0.436236 1.361590 0.863936
v -0.431453 0.728690 0.863936
v -0.423003 0.742096 0.863936
v -0.419208 0.731552 0.863936
v -0.412259 0.713157 0.863936
v -0.402749 0.727861 0.863936
v -0.411694 0.725087 0.863936
v -0.432441 0.684485 0.863936
v -0.423991 0.697891 0.863936
v -0.436236 0.695029 0.863936
v -0.413627 1.345919 0.863936
v -0.400139 1.337664 0.863936
v -0.410357 1.334006 0.863936
v -0.428978 1.326592 0.863936
v -0.414130 1.317246 0.863936
v -0.416750 1.326435 0.863936
v -0.458678 1.345638 0.863936
v -0.445190 1.337383 0.863936
v -0.448460 1.349297 0.863936
v -0.441314 1.369411 0.863936
v -0.426465 1.360065 0.863936
v -0.438693 1.360222 0.863936
v -0.456068 0.702074 0.863936
v -0.446558 0.716778 0.863936
v -0.447123 0.704848 0.863936
v 0.456068 1.354545 0.863936
v 0.446558 1.339841 0.863936
v 0.447123 1.351771 0.863936
v 0.441314 0.687208 0.863936
v 0.426465 0.696554 0.863936
v 0.438693 0.696397 0.863936
v 0.431525 0.679520 0.872645
v 0.463298 1.344938 0.872645
v -0.463298 0.711681 0.872645
v -0.431525 1.377098 0.872645
v 0.506505 0.642728 0.000000
v 0.506505 1.413890 0.000000
v -0.506505 0.642728 -0.000000
v -0.506505 1.413890 -0.000000
v 0.000000 0.565525 0.000000
v 0.000000 1.028309 -0.913010
v -0.583708 1.028309 -0.000000
v 0.000000 1.491094 0.000000
v 0.583708 1.028309 0.000000
v -0.000000 1.028309 0.918647
v 0.392496 0.712943 0.888605
v -0.453102 1.316583 0.888473
v 0.461427 0.728703 0.888605
v -0.443479 1.375356 0.888605
v 0.000210 0.666404 0.913010
v -0.476378 1.028102 0.913010
v -0.000210 1.390214 0.913010
v 0.476378 1.028517 0.913010
v 0.469838 0.682274 0.913010
v 0.462448 1.381829 0.913010
v -0.462448 0.674789 0.913010
v -0.469838 1.374345 0.913010
v 0.387389 0.746079 0.913010
v 0.394779 1.303055 0.913010
v -0.394779 0.753564 0.913010
v -0.387389 1.310540 0.913010
v 0.454427 0.750741 0.913010
v 0.398277 0.680771 0.913010
v 0.390909 1.368573 0.913010
v 0.461796 1.313154 0.913010
v -0.390909 0.688046 0.913010
v -0.461796 0.743465 0.913010
v -0.454427 1.305878 0.913010
v -0.398277 1.375848 0.913010
v -0.454097 0.738930 0.888473
v -0.413647 1.309628 0.888605
v -0.461620 0.699636 0.888605
v -0.402981 0.689276 0.888473
v -0.395515 0.728626 0.888605
v 0.461620 1.356983 0.888605
v 0.454097 1.317689 0.888473
v 0.395515 1.327992 0.888605
v 0.443479 0.681262 0.888605
v 0.402980 1.367343 0.888473
v 0.413647 0.746991 0.888605
v 0.404081 0.688275 0.888473
v -0.464639 1.341299 0.888605
v 0.453102 0.740036 0.888473
v -0.427834 0.678044 0.888605
v -0.402201 1.317823 0.888473
v 0.427834 1.378574 0.888605
v -0.403565 0.740177 0.888473
v 0.464638 0.715320 0.888605
v 0.403565 1.316442 0.888473
v -0.416074 1.375964 0.888473
v 0.402201 0.738796 0.888473
v -0.441003 1.309067 0.888473
v -0.462362 1.355190 0.888473
v -0.461890 0.727053 0.888473
v -0.441694 0.680497 0.888473
v -0.395293 0.701258 0.888473
v 0.441694 1.376122 0.888473
v 0.461890 1.329566 0.888473
v 0.462362 0.701429 0.888473
v 0.395293 1.355361 0.888473
v -0.429960 1.378435 0.888605
v 0.416074 0.680654 0.888473
v -0.427113 1.306601 0.888605
v 0.441003 0.747551 0.888473
v -0.464537 0.713201 0.888605
v -0.394769 1.329790 0.888473
v -0.392650 0.715114 0.888605
v -0.415436 0.747761 0.888473
v 0.464537 1.343418 0.888605
v 0.415436 1.308858 0.888473
v -0.395761 1.357008 0.888605
v 0.392650 1.341505 0.888605
v 0.394769 0.726829 0.888473
v -0.461427 1.327915 0.888605
v 0.429960 0.678184 0.888605
v -0.454929 1.367156 0.888473
v -0.442654 0.747105 0.888605
v 0.427113 0.750018 0.888605
v -0.453565 0.688081 0.888473
v -0.414419 0.681096 0.888605
v -0.392496 1.343676 0.888605
v 0.453565 1.368537 0.888473
v 0.442654 1.309514 0.888605
v -0.429291 0.750209 0.888605
v 0.454929 0.689462 0.888473
v 0.414419 1.375522 0.888605
v 0.429291 1.306409 0.888605
v -0.404081 1.368344 0.888473
v 0.395760 0.699611 0.888605
v 0.463425 0.701029 0.913010
v 0.442107 1.377180 0.913010
v -0.442108 0.679438 0.913010
v -0.463425 1.355589 0.913010
v 0.401371 0.739572 0.913010
v 0.402778 1.315622 0.913010
v -0.402778 0.740996 0.913010
v -0.401371 1.317047 0.913010
v 0.455759 0.688686 0.913010
v 0.454352 1.369357 0.913010
v -0.454352 0.687261 0.913010
v -0.455759 1.367933 0.913010
v 0.393705 0.727229 0.913010
v 0.415023 1.307799 0.913010
v -0.415023 0.748820 0.913010
v -0.393705 1.329390 0.913010
v -0.455585 1.352741 0.863936
v -0.424590 1.331982 0.863936
v -0.439582 0.687724 0.863936
v -0.417536 0.717535 0.863936
v 0.439582 1.368895 0.863936
v 0.417536 1.339083 0.863936
v 0.455585 0.703878 0.863936
v 0.424590 0.724636 0.863936
v 0.417539 0.716989 0.863936
v 0.402704 0.725533 0.863936
v 0.409345 0.734776 0.863936
v 0.440750 0.712422 0.863936
v 0.425137 1.331979 0.863936
v 0.416388 1.317237 0.863936
v 0.407220 1.323985 0.863936
v 0.430834 1.354154 0.863936
v -0.425137 0.724640 0.863936
v -0.416388 0.739381 0.863936
v -0.407220 0.732634 0.863936
v -0.430834 0.702465 0.863936
v -0.417539 1.339630 0.863936
v -0.402705 1.331086 0.863936
v -0.409345 1.321843 0.863936
v -0.440751 1.344197 0.863936
v -0.446626 1.364290 0.863936
v -0.431380 1.354150 0.863936
v -0.451070 0.696777 0.863936
v -0.440754 0.711875 0.863936
v 0.451070 1.359842 0.863936
v 0.440754 1.344743 0.863936
v 0.446626 0.692329 0.863936
v 0.431380 0.702469 0.863936
v 0.345668 0.791127 0.903433
v 0.345668 1.265491 0.903433
v -0.345668 0.791127 0.903433
v -0.345668 1.265491 0.903433
v -0.000000 0.772734 0.903433
v -0.363630 1.028309 0.903433
v -0.000000 1.283885 0.903433
v 0.363630 1.028309 0.903433
v -0.000000 0.784666 0.906252
v -0.351697 1.028309 0.906252
v -0.000000 1.271952 0.906252
v 0.351697 1.028309 0.906252
v -0.434758 0.571679 -0.845609
v -0.434473 0.571276 -0.844680
v -0.435423 0.571647 -0.845003
v -0.434612 0.571393 -0.845182
v -0.434936 0.571413 -0.845147
v -0.434982 0.571375 -0.844842
v -0.435143 0.571570 -0.845349
v -0.577426 0.737287 -0.913010
v -0.577642 0.736650 -0.912410
v -0.577988 0.737648 -0.912455
v -0.577629 0.736904 -0.912835
v -0.577812 0.737152 -0.912766
v -0.577882 0.737125 -0.912432
v -0.577822 0.737465 -0.912847
v -0.577426 1.319313 -0.913010
v -0.577988 1.318971 -0.912455
v -0.577642 1.319969 -0.912455
v -0.577822 1.319144 -0.912847
v -0.577812 1.319464 -0.912775
v -0.577882 1.319493 -0.912455
v -0.577627 1.319713 -0.912847
v -0.402609 1.485371 -0.912455
v -0.403012 1.484810 -0.913010
v -0.403621 1.485047 -0.912455
v -0.402812 1.485206 -0.912847
v -0.403118 1.485201 -0.912775
v -0.403378 1.485022 -0.912847
v -0.403135 1.485273 -0.912455
v 0.577426 0.737306 -0.913010
v 0.577988 0.737648 -0.912455
v 0.577642 0.736650 -0.912405
v 0.577823 0.737475 -0.912847
v 0.577813 0.737156 -0.912765
v 0.577882 0.737125 -0.912430
v 0.577631 0.736912 -0.912833
v 0.392527 0.576710 -0.818263
v 0.392879 0.577017 -0.819254
v 0.393560 0.576969 -0.818572
v 0.392702 0.576799 -0.818778
v 0.393018 0.576809 -0.818725
v 0.393248 0.576920 -0.818931
v 0.393059 0.576778 -0.818418
v 0.403012 1.484810 -0.913010
v 0.402609 1.485371 -0.912455
v 0.403621 1.485047 -0.912455
v 0.402812 1.485206 -0.912847
v 0.403118 1.485201 -0.912775
v 0.403135 1.485273 -0.912455
v 0.403378 1.485022 -0.912847
v 0.577426 1.319313 -0.913010
v 0.577642 1.319969 -0.912455
v 0.577988 1.318971 -0.912455
v 0.577627 1.319713 -0.912847
v 0.577812 1.319464 -0.912775
v 0.577882 1.319493 -0.912455
v 0.577822 1.319144 -0.912847
v 0.577642 0.736650 0.912455
v 0.577988 0.737648 0.912455
v 0.577426 0.737281 0.913010
v 0.577882 0.737125 0.912455
v 0.577811 0.737149 0.912775
v 0.577822 0.737462 0.912847
v 0.577626 0.736897 0.912847
v 0.402985 0.571808 0.913010
v 0.402609 0.571248 0.912455
v 0.403621 0.571571 0.912455
v 0.402798 0.571413 0.912847
v 0.403112 0.571418 0.912775
v 0.403135 0.571346 0.912455
v 0.403369 0.571595 0.912847
v 0.402609 1.485371 0.912455
v 0.403016 1.484810 0.913010
v 0.403621 1.485047 0.912455
v 0.402814 1.485206 0.912847
v 0.403119 1.485201 0.912775
v 0.403380 1.485022 0.912847
v 0.403135 1.485273 0.912455
v 0.577426 1.319309 0.913010
v 0.577988 1.318971 0.912455
v 0.577642 1.319969 0.912455
v 0.577822 1.319143 0.912847
v 0.577812 1.319463 0.912775
v 0.577882 1.319493 0.912455
v 0.577627 1.319712 0.912847
v -0.428746 0.565525 0.912455
v -0.429075 0.566080 0.913010
v -0.429693 0.565917 0.912455
v -0.428911 0.565687 0.912847
v -0.429226 0.565708 0.912775
v -0.429465 0.565917 0.912847
v -0.429253 0.565640 0.912455
v -0.577426 0.737289 0.913010
v -0.577988 0.737648 0.912455
v -0.577642 0.736650 0.912455
v -0.577822 0.737466 0.912847
v -0.577812 0.737151 0.912775
v -0.577882 0.737125 0.912455
v -0.577626 0.736899 0.912847
v -0.577642 1.319969 0.912455
v -0.577988 1.318971 0.912455
v -0.577426 1.319337 0.913010
v -0.577882 1.319493 0.912455
v -0.577812 1.319469 0.912775
v -0.577822 1.319156 0.912847
v -0.577626 1.319722 0.912847
v -0.402985 1.484810 0.913010
v -0.402609 1.485371 0.912455
v -0.403621 1.485047 0.912455
v -0.402799 1.485206 0.912847
v -0.403112 1.485201 0.912775
v -0.403135 1.485273 0.912455
v -0.403369 1.485024 0.912847
v 0.346868 0.824397 0.918126
v 0.346128 0.824690 0.918647
v 0.346575 0.824514 0.918495
v 0.307940 0.790249 0.918647
v 0.308063 0.789509 0.918127
v 0.307994 0.789802 0.918495
v 0.308063 1.267110 0.918127
v 0.307940 1.266370 0.918647
v 0.307994 1.266816 0.918495
v 0.346128 1.231929 0.918647
v 0.346868 1.232222 0.918126
v 0.346575 1.232105 0.918495
v -0.308063 0.789509 0.918127
v -0.307940 0.790249 0.918647
v -0.307995 0.789802 0.918495
v -0.346128 0.824690 0.918647
v -0.346868 0.824397 0.918126
v -0.346575 0.824514 0.918495
v -0.346868 1.232222 0.918126
v -0.346128 1.231929 0.918647
v -0.346575 1.232105 0.918495
v -0.307940 1.266370 0.918647
v -0.308063 1.267110 0.918127
v -0.307995 1.266816 0.918495
v 0.459237 0.695078 0.912453
v 0.459710 0.694784 0.913010
v 0.459375 0.694992 0.912847
v 0.448005 1.372916 0.912453
v 0.448305 1.373386 0.913010
v 0.448093 1.373054 0.912847
v -0.448005 0.683702 0.912453
v -0.448305 0.683232 0.913010
v -0.448093 0.683565 0.912847
v -0.459237 1.361540 0.912453
v -0.459710 1.361835 0.913010
v -0.459375 1.361627 0.912847
v 0.397420 0.733474 0.913010
v 0.397894 0.733180 0.912453
v 0.397755 0.733266 0.912847
v 0.408825 1.311593 0.913010
v 0.409126 1.312063 0.912453
v 0.409038 1.311926 0.912847
v -0.408825 0.745025 0.913010
v -0.409126 0.744555 0.912453
v -0.409038 0.744693 0.912847
v -0.397420 1.323145 0.913010
v -0.397894 1.323439 0.912453
v -0.397755 1.323353 0.912847
v 0.449937 0.684338 0.913010
v 0.449611 0.684791 0.912453
v 0.449707 0.684658 0.912847
v 0.458626 1.363480 0.913010
v 0.458169 1.363161 0.912453
v 0.458302 1.363255 0.912847
v -0.458626 0.693138 0.913010
v -0.458169 0.693458 0.912453
v -0.458303 0.693364 0.912847
v -0.449937 1.372281 0.913010
v -0.449612 1.371828 0.912453
v -0.449707 1.371960 0.912847
v 0.392938 0.719992 0.912453
v 0.392388 0.720083 0.913010
v 0.392777 0.720018 0.912847
v 0.422249 1.306940 0.912453
v 0.422151 1.306391 0.913010
v 0.422220 1.306779 0.912847
v -0.422249 0.749678 0.912453
v -0.422151 0.750228 0.913010
v -0.422220 0.749839 0.912847
v -0.392938 1.336627 0.912453
v -0.392388 1.336536 0.913010
v -0.392777 1.336600 0.912847
v 0.464743 0.708175 0.913010
v 0.464192 0.708266 0.912453
v 0.464353 0.708239 0.912847
v 0.434979 1.378588 0.913010
v 0.434881 1.378039 0.912453
v 0.434910 1.378200 0.912847
v -0.434979 0.678030 0.913010
v -0.434881 0.678579 0.912453
v -0.434910 0.678419 0.912847
v -0.464743 1.348443 0.913010
v -0.464192 1.348353 0.912453
v -0.464353 1.348379 0.912847
v 0.407519 0.743467 0.912453
v 0.407194 0.743920 0.913010
v 0.407423 0.743600 0.912847
v 0.398962 1.321819 0.912453
v 0.398504 1.321499 0.913010
v 0.398828 1.321725 0.912847
v -0.398962 0.734800 0.912453
v -0.398504 0.735120 0.913010
v -0.398828 0.734894 0.912847
v -0.407519 1.313152 0.912453
v -0.407194 1.312699 0.913010
v -0.407423 1.313019 0.912847
v 0.390353 0.707066 0.912790
v 0.387866 0.711196 0.913348
v 0.389045 0.709180 0.913044
v 0.435291 1.304653 0.912756
v 0.430458 1.302260 0.913333
v 0.432754 1.303341 0.913030
v -0.435291 0.751966 0.912756
v -0.430458 0.754359 0.913333
v -0.432754 0.753278 0.913030
v -0.390353 1.349553 0.912790
v -0.387866 1.345422 0.913348
v -0.389045 1.347438 0.913044
v 0.437028 0.750706 0.912646
v 0.438192 0.751236 0.913010
v 0.437802 0.750856 0.912903
v 0.420114 0.677563 0.912646
v 0.417113 0.677839 0.913010
v 0.418804 0.677651 0.912903
v 0.392097 1.351384 0.912642
v 0.391583 1.352558 0.913010
v 0.391957 1.352160 0.912902
v 0.465044 1.333556 0.912652
v 0.464818 1.330886 0.913010
v 0.464970 1.332351 0.912905
v -0.392097 0.705235 0.912642
v -0.391583 0.704061 0.913010
v -0.391957 0.704459 0.912902
v -0.465044 0.723063 0.912652
v -0.464818 0.725733 0.913010
v -0.464970 0.724268 0.912905
v -0.437028 1.305912 0.912646
v -0.438192 1.305383 0.913010
v -0.437802 1.305763 0.912903
v -0.420114 1.379056 0.912646
v -0.417113 1.378780 0.913010
v -0.418804 1.378968 0.912903
v 0.458492 0.737330 0.912620
v 0.458307 0.738934 0.913010
v 0.458395 0.738108 0.912896
v 0.449830 0.746958 0.913010
v 0.449022 0.746142 0.912591
v 0.449451 0.746490 0.912887
v 0.398642 0.690988 0.912594
v 0.397017 0.691579 0.913010
v 0.398214 0.690835 0.912888
v 0.407316 0.681315 0.913010
v 0.408135 0.682135 0.912577
v 0.407699 0.681785 0.912883
v 0.405754 1.372687 0.912616
v 0.403989 1.372394 0.913010
v 0.404924 1.372558 0.912894
v 0.396021 1.364127 0.913010
v 0.396816 1.363325 0.912587
v 0.396476 1.363751 0.912886
v 0.451354 1.312277 0.912599
v 0.450764 1.310702 0.913010
v 0.451510 1.311859 0.912889
v 0.461140 1.320827 0.913010
v 0.460322 1.321648 0.912583
v 0.460673 1.321213 0.912885
v -0.405754 0.683931 0.912616
v -0.403989 0.684225 0.913010
v -0.404924 0.684061 0.912894
v -0.396021 0.692491 0.913010
v -0.396816 0.693294 0.912587
v -0.396476 0.692868 0.912886
v -0.451354 0.744342 0.912599
v -0.450765 0.745917 0.913010
v -0.451510 0.744760 0.912889
v -0.461140 0.735792 0.913010
v -0.460322 0.734970 0.912583
v -0.460673 0.735406 0.912885
v -0.458492 1.319289 0.912620
v -0.458307 1.317685 0.913010
v -0.458396 1.318510 0.912896
v -0.449830 1.309660 0.913010
v -0.449022 1.310476 0.912591
v -0.449451 1.310129 0.912887
v -0.398642 1.365630 0.912594
v -0.397017 1.365040 0.913010
v -0.398214 1.365784 0.912888
v -0.407316 1.375303 0.913010
v -0.408135 1.374484 0.912577
v -0.407699 1.374834 0.912883
v -0.458673 1.361340 0.863936
v -0.459237 1.361540 0.864496
v -0.459072 1.361482 0.864100
v -0.445848 1.315461 0.872657
v -0.445600 1.315962 0.871750
v -0.445753 1.315654 0.872167
v -0.447834 0.684284 0.863936
v -0.448005 0.683702 0.864514
v -0.447955 0.683873 0.864105
v -0.401747 0.696515 0.872657
v -0.402244 0.696771 0.871750
v -0.401938 0.696613 0.872167
v 0.447834 1.372335 0.863936
v 0.448005 1.372916 0.864514
v 0.447955 1.372746 0.864105
v 0.401747 1.360103 0.872657
v 0.402244 1.359848 0.871750
v 0.401938 1.360005 0.872167
v 0.458673 0.695279 0.863936
v 0.459237 0.695078 0.864496
v 0.459071 0.695137 0.864100
v 0.445848 0.741157 0.872657
v 0.445600 0.740656 0.871750
v 0.445753 0.740965 0.872167
v -0.397894 1.323439 0.864531
v -0.398436 1.323632 0.863936
v -0.398053 1.323496 0.864110
v -0.411283 1.369518 0.872657
v -0.411530 1.369017 0.871751
v -0.411377 1.369326 0.872167
v -0.409126 0.744555 0.864514
v -0.409290 0.743995 0.863936
v -0.409174 0.744391 0.864105
v -0.455383 0.731743 0.872657
v -0.454887 0.731487 0.871750
v -0.455192 0.731645 0.872167
v 0.409126 1.312063 0.864514
v 0.409290 1.312624 0.863936
v 0.409174 1.312227 0.864105
v 0.455383 1.324876 0.872657
v 0.454887 1.325132 0.871750
v 0.455192 1.324974 0.872167
v 0.397894 0.733180 0.864531
v 0.398436 0.732987 0.863936
v 0.398052 0.733123 0.864110
v 0.411282 0.687101 0.872657
v 0.411530 0.687601 0.871751
v 0.411377 0.687293 0.872167
v 0.393521 0.719908 0.863936
v 0.392938 0.719992 0.864538
v 0.393109 0.719967 0.864112
v 0.400751 0.697919 0.871756
v 0.400566 0.697343 0.872656
v 0.400637 0.697564 0.872168
v 0.407993 0.743173 0.863936
v 0.407519 0.743467 0.864537
v 0.407657 0.743381 0.864112
v 0.431719 0.746708 0.871713
v 0.432070 0.747104 0.872661
v 0.431938 0.746954 0.872157
v 0.464192 0.708266 0.864497
v 0.463652 0.708532 0.863936
v 0.464034 0.708344 0.864100
v 0.457040 0.730963 0.871715
v 0.457160 0.731508 0.872660
v 0.457115 0.731302 0.872158
v 0.422308 1.307538 0.863936
v 0.422249 1.306940 0.864526
v 0.422266 1.307115 0.864109
v 0.444311 1.314598 0.871763
v 0.444889 1.314393 0.872655
v 0.444666 1.314472 0.872170
v 0.399230 1.322310 0.863936
v 0.398962 1.321819 0.864511
v 0.399040 1.321962 0.864104
v 0.395906 1.346173 0.871705
v 0.395525 1.346520 0.872661
v 0.395669 1.346390 0.872155
v 0.434881 1.378039 0.864525
v 0.434651 1.377484 0.863936
v 0.434814 1.377877 0.864109
v 0.412193 1.371036 0.871723
v 0.411644 1.371179 0.872660
v 0.411852 1.371125 0.872160
v -0.422309 0.749081 0.863936
v -0.422249 0.749678 0.864526
v -0.422266 0.749503 0.864109
v -0.444311 0.742021 0.871763
v -0.444889 0.742226 0.872655
v -0.444666 0.742147 0.872170
v -0.399230 0.734309 0.863936
v -0.398962 0.734800 0.864511
v -0.399040 0.734656 0.864104
v -0.395906 0.710446 0.871705
v -0.395525 0.710099 0.872661
v -0.395669 0.710229 0.872155
v -0.434881 0.678579 0.864525
v -0.434651 0.679135 0.863936
v -0.434814 0.678742 0.864109
v -0.412193 0.685582 0.871723
v -0.411644 0.685440 0.872660
v -0.411852 0.685493 0.872160
v -0.393521 1.336711 0.863936
v -0.392938 1.336627 0.864538
v -0.393109 1.336651 0.864112
v -0.400751 1.358700 0.871756
v -0.400566 1.359276 0.872656
v -0.400637 1.359054 0.872168
v -0.407993 1.313446 0.863936
v -0.407519 1.313152 0.864537
v -0.407658 1.313238 0.864112
v -0.431719 1.309911 0.871713
v -0.432070 1.309515 0.872661
v -0.431938 1.309665 0.872157
v -0.464192 1.348353 0.864497
v -0.463653 1.348087 0.863936
v -0.464034 1.348275 0.864100
v -0.457040 1.325656 0.871715
v -0.457160 1.325111 0.872660
v -0.457115 1.325316 0.872158
v -0.449612 1.371828 0.864497
v -0.449003 1.371650 0.863936
v -0.449433 1.371776 0.864100
v -0.424756 1.375717 0.871672
v -0.424464 1.376057 0.872665
v -0.425065 1.376079 0.872156
v -0.424572 1.375931 0.872146
v -0.458169 0.693458 0.864511
v -0.458016 0.694084 0.863936
v -0.458124 0.693641 0.864104
v -0.461879 0.718466 0.871663
v -0.462201 0.718751 0.872665
v -0.462231 0.718153 0.872156
v -0.462082 0.718646 0.872144
v 0.458169 1.363161 0.864511
v 0.458016 1.362535 0.863936
v 0.458124 1.362978 0.864104
v 0.461878 1.338153 0.871663
v 0.462201 1.337867 0.872665
v 0.462231 1.338465 0.872156
v 0.462082 1.337972 0.872144
v 0.449611 0.684791 0.864497
v 0.449003 0.684968 0.863936
v 0.449433 0.684843 0.864100
v 0.424756 0.680902 0.871672
v 0.424464 0.680562 0.872665
v 0.425065 0.680539 0.872156
v 0.424572 0.680688 0.872146
v 0.394232 0.706460 0.874486
v 0.393940 0.706865 0.875374
v 0.394035 0.706763 0.874836
v 0.435765 1.308097 0.874485
v 0.435360 1.307803 0.875363
v 0.435462 1.307899 0.874833
v -0.435765 0.748522 0.874485
v -0.435360 0.748816 0.875363
v -0.435462 0.748720 0.874833
v -0.394232 1.350159 0.874486
v -0.393940 1.349753 0.875374
v -0.394035 1.349855 0.874836
v 0.419915 0.748513 0.875361
v 0.420427 0.748462 0.874497
v 0.420057 0.748484 0.874836
v -0.419915 1.308106 0.875361
v -0.420427 1.308157 0.874497
v -0.420057 1.308135 0.874836
v 0.421188 1.377069 0.874488
v 0.421622 1.377323 0.875357
v 0.421510 1.377241 0.874832
v -0.421188 0.679550 0.874488
v -0.421622 0.679295 0.875357
v -0.421510 0.679377 0.874832
v 0.370357 0.806208 0.912572
v 0.371654 0.806252 0.913010
v 0.370757 0.807190 0.912572
v 0.370974 0.806261 0.912881
v 0.370958 0.806536 0.912816
v 0.371161 0.806721 0.912881
v 0.370605 0.806679 0.912528
v 0.331109 0.766017 0.912572
v 0.330135 0.765607 0.912572
v 0.331086 0.764710 0.913010
v 0.330643 0.765762 0.912526
v 0.330792 0.765407 0.912815
v 0.330610 0.765202 0.912881
v 0.331066 0.765394 0.912881
v 0.331109 1.290602 0.912572
v 0.331086 1.291909 0.913010
v 0.330135 1.291012 0.912572
v 0.331066 1.291224 0.912881
v 0.330792 1.291211 0.912815
v 0.330610 1.291416 0.912881
v 0.330643 1.290857 0.912526
v 0.370357 1.250411 0.912572
v 0.370757 1.249429 0.912572
v 0.371654 1.250366 0.913010
v 0.370605 1.249939 0.912528
v 0.370958 1.250083 0.912816
v 0.371161 1.249897 0.912881
v 0.370974 1.250357 0.912881
v -0.331109 0.766017 0.912572
v -0.331086 0.764710 0.913010
v -0.330135 0.765607 0.912572
v -0.331066 0.765394 0.912881
v -0.330792 0.765407 0.912815
v -0.330610 0.765202 0.912881
v -0.330643 0.765762 0.912526
v -0.370357 0.806208 0.912572
v -0.370757 0.807190 0.912572
v -0.371654 0.806252 0.913010
v -0.370605 0.806679 0.912528
v -0.370959 0.806536 0.912816
v -0.371161 0.806721 0.912881
v -0.370974 0.806261 0.912881
v -0.370357 1.250411 0.912572
v -0.371654 1.250366 0.913010
v -0.370757 1.249429 0.912572
v -0.370974 1.250357 0.912881
v -0.370959 1.250083 0.912816
v -0.371161 1.249897 0.912881
v -0.370605 1.249939 0.912528
v -0.331109 1.290602 0.912572
v -0.330135 1.291012 0.912572
v -0.331086 1.291909 0.913010
v -0.330643 1.290857 0.912526
v -0.330792 1.291211 0.912815
v -0.330610 1.291416 0.912881
v -0.331066 1.291224 0.912881
v 0.355591 0.812498 0.894277
v 0.356102 0.812014 0.894294
v 0.356502 0.812996 0.894294
v 0.355951 0.813677 0.894370
v 0.355850 0.812253 0.894108
v 0.356087 0.812717 0.894120
v 0.356351 0.812485 0.894250
v 0.356199 0.813337 0.894135
v 0.355835 0.813065 0.894368
v 0.324537 0.780775 0.894223
v 0.323126 0.780413 0.894370
v 0.324131 0.779861 0.894294
v 0.325105 0.780272 0.894294
v 0.323853 0.780529 0.894350
v 0.324337 0.780278 0.894113
v 0.323628 0.780164 0.894135
v 0.324639 0.780017 0.894248
v 0.324832 0.780512 0.894092
v 0.324537 1.275844 0.894223
v 0.325105 1.276347 0.894294
v 0.324131 1.276757 0.894294
v 0.323126 1.276205 0.894370
v 0.324832 1.276106 0.894092
v 0.324337 1.276341 0.894113
v 0.324639 1.276602 0.894248
v 0.323628 1.276454 0.894135
v 0.323853 1.276090 0.894350
v 0.355591 1.244121 0.894277
v 0.355951 1.242941 0.894370
v 0.356502 1.243623 0.894294
v 0.356102 1.244605 0.894294
v 0.355835 1.243554 0.894368
v 0.356087 1.243902 0.894120
v 0.356199 1.243282 0.894135
v 0.356351 1.244134 0.894250
v 0.355850 1.244366 0.894108
v -0.324537 0.780775 0.894223
v -0.325105 0.780272 0.894294
v -0.324131 0.779861 0.894294
v -0.323126 0.780413 0.894370
v -0.324832 0.780512 0.894092
v -0.324337 0.780278 0.894113
v -0.324639 0.780017 0.894248
v -0.323628 0.780164 0.894135
v -0.323853 0.780529 0.894350
v -0.355591 0.812498 0.894277
v -0.355951 0.813677 0.894370
v -0.356502 0.812996 0.894294
v -0.356102 0.812014 0.894294
v -0.355835 0.813065 0.894368
v -0.356087 0.812717 0.894120
v -0.356199 0.813336 0.894135
v -0.356351 0.812485 0.894250
v -0.355850 0.812253 0.894108
v -0.355591 1.244121 0.894277
v -0.356102 1.244605 0.894294
v -0.356502 1.243623 0.894294
v -0.355951 1.242941 0.894370
v -0.355850 1.244366 0.894108
v -0.356087 1.243902 0.894120
v -0.356351 1.244134 0.894250
v -0.356199 1.243282 0.894135
v -0.355835 1.243554 0.894368
v -0.324537 1.275844 0.894223
v -0.323126 1.276205 0.894370
v -0.324131 1.276757 0.894294
v -0.325105 1.276347 0.894294
v -0.323853 1.276090 0.894350
v -0.324337 1.276341 0.894113
v -0.323628 1.276454 0.894135
v -0.324639 1.276602 0.894248
v -0.324832 1.276107 0.894092
v 0.506122 0.643141 0.913010
v 0.506505 0.642728 0.912455
v 0.506393 0.642849 0.912847
v 0.402609 0.571248 0.000000
v 0.403621 0.571571 0.000000
v 0.403135 0.571346 0.000000
v 0.506052 0.643073 -0.913010
v 0.506505 0.642728 -0.912404
v 0.506372 0.642829 -0.912832
v 0.577988 0.737648 0.000000
v 0.577642 0.736650 0.000000
v 0.577882 0.737126 0.000000
v 0.506052 1.413546 -0.913010
v 0.506505 1.413890 -0.912455
v 0.506372 1.413790 -0.912847
v 0.402609 1.485371 0.000000
v 0.403621 1.485047 0.000000
v 0.403135 1.485273 0.000000
v 0.506043 1.413554 0.913010
v 0.506505 1.413890 0.912455
v 0.506369 1.413792 0.912847
v 0.577988 1.318971 0.000000
v 0.577642 1.319969 0.000000
v 0.577882 1.319493 0.000000
v -0.506061 0.643066 -0.913010
v -0.506505 0.642728 -0.912408
v -0.506375 0.642827 -0.912834
v -0.428746 0.565525 -0.000000
v -0.429693 0.565917 -0.000000
v -0.429253 0.565640 -0.000000
v -0.506053 0.643057 0.913010
v -0.506505 0.642728 0.912455
v -0.506372 0.642825 0.912847
v -0.577988 0.737648 -0.000000
v -0.577642 0.736650 -0.000000
v -0.577882 0.737126 -0.000000
v -0.506122 1.413478 0.913010
v -0.506505 1.413890 0.912455
v -0.506393 1.413770 0.912847
v -0.402609 1.485371 -0.000000
v -0.403621 1.485047 -0.000000
v -0.403135 1.485273 -0.000000
v -0.506052 1.413546 -0.913010
v -0.506505 1.413890 -0.912455
v -0.506372 1.413790 -0.912847
v -0.577988 1.318971 -0.000000
v -0.577642 1.319969 -0.000000
v -0.577882 1.319493 -0.000000
v 0.000000 0.590886 -0.845321
v 0.000000 0.590321 -0.844680
v 0.000000 0.590493 -0.845098
v 0.000001 0.566080 0.913010
v -0.000000 0.565525 0.912455
v 0.000000 0.565687 0.912847
v -0.583708 1.028309 -0.912455
v -0.583153 1.028309 -0.913010
v -0.583546 1.028309 -0.912847
v 0.000000 1.491094 -0.912455
v 0.000000 1.490539 -0.913010
v 0.000000 1.490932 -0.912847
v 0.583708 1.028309 -0.912455
v 0.583153 1.028309 -0.913010
v 0.583546 1.028309 -0.912847
v -0.583153 1.028308 0.913010
v -0.583708 1.028309 0.912455
v -0.583546 1.028309 0.912847
v -0.000001 1.490539 0.913010
v -0.000000 1.491094 0.912455
v -0.000000 1.490932 0.912847
v 0.583153 1.028310 0.913010
v 0.583708 1.028309 0.912455
v 0.583546 1.028310 0.912847
v 0.350733 0.786112 0.912572
v 0.351351 0.785462 0.913010
v 0.351014 0.785822 0.912882
v 0.350733 1.270507 0.912572
v 0.351426 1.271080 0.913010
v 0.351036 1.270774 0.912882
v -0.350733 0.786112 0.912572
v -0.351426 0.785539 0.913010
v -0.351036 0.785845 0.912882
v -0.350733 1.270507 0.912572
v -0.351351 1.271157 0.913010
v -0.351014 1.270797 0.912882
v -0.000000 0.765607 0.912572
v 0.000001 0.764710 0.913010
v 0.000000 0.765202 0.912882
v -0.370757 1.028309 0.912572
v -0.371654 1.028308 0.913010
v -0.371161 1.028309 0.912882
v -0.000000 1.291012 0.912572
v -0.000001 1.291909 0.913010
v -0.000000 1.291416 0.912882
v 0.370757 1.028309 0.912572
v 0.371654 1.028310 0.913010
v 0.371161 1.028310 0.912882
v 0.432104 0.751565 0.912764
v 0.436900 0.751500 0.913010
v 0.432825 0.751720 0.913010
v 0.434036 0.751582 0.912938
v 0.423921 0.676010 0.912851
v 0.420489 0.676349 0.913010
v 0.423522 0.675679 0.913010
v 0.422532 0.676043 0.912963
v 0.391104 1.346603 0.912777
v 0.391007 1.350150 0.913010
v 0.390933 1.347267 0.913010
v 0.391041 1.348145 0.912942
v 0.466773 1.337241 0.912859
v 0.466443 1.334127 0.913010
v 0.467129 1.336867 0.913010
v 0.466743 1.335958 0.912965
v -0.391104 0.710015 0.912777
v -0.391007 0.706468 0.913010
v -0.390933 0.709352 0.913010
v -0.391041 0.708474 0.912942
v -0.466773 0.719378 0.912859
v -0.466443 0.722492 0.913010
v -0.467130 0.719752 0.913010
v -0.466743 0.720661 0.912965
v -0.432104 1.305054 0.912764
v -0.436900 1.305119 0.913010
v -0.432825 1.304899 0.913010
v -0.434036 1.305037 0.912938
v -0.423921 1.380609 0.912851
v -0.420489 1.380269 0.913010
v -0.423522 1.380940 0.913010
v -0.422532 1.380575 0.912963
v 0.454444 0.744089 0.913010
v 0.454311 0.742792 0.912701
v 0.454406 0.743400 0.912919
v 0.402297 0.684552 0.913010
v 0.402845 0.685513 0.912685
v 0.402629 0.684994 0.912915
v 0.398920 1.368677 0.913010
v 0.400238 1.368557 0.912697
v 0.399621 1.368646 0.912918
v 0.457939 1.315934 0.913010
v 0.456901 1.316406 0.912691
v 0.457443 1.316211 0.912916
v -0.398920 0.687942 0.913010
v -0.400238 0.688062 0.912697
v -0.399621 0.687973 0.912918
v -0.457939 0.740684 0.913010
v -0.456901 0.740212 0.912691
v -0.457443 0.740408 0.912916
v -0.454444 1.312530 0.913010
v -0.454311 1.313827 0.912701
v -0.454406 1.313218 0.912919
v -0.402297 1.372067 0.913010
v -0.402845 1.371106 0.912685
v -0.402629 1.371625 0.912915
v 0.446211 0.749228 0.913010
v 0.444281 0.749007 0.912694
v 0.445251 0.749090 0.912917
v 0.410382 0.679403 0.913010
v 0.412896 0.679271 0.912685
v 0.411747 0.679294 0.912915
v 0.393599 1.360353 0.913010
v 0.393889 1.358596 0.912690
v 0.393790 1.359514 0.912916
v 0.463117 1.323888 0.913010
v 0.463261 1.326357 0.912692
v 0.463235 1.325231 0.912917
v -0.393599 0.696266 0.913010
v -0.393889 0.698023 0.912690
v -0.393790 0.697104 0.912916
v -0.463117 0.732731 0.913010
v -0.463261 0.730261 0.912692
v -0.463235 0.731388 0.912917
v -0.446211 1.307391 0.913010
v -0.444282 1.307612 0.912694
v -0.445251 1.307529 0.912917
v -0.410382 1.377216 0.913010
v -0.412896 1.377347 0.912685
v -0.411747 1.377325 0.912915
v 0.461849 0.735454 0.913010
v 0.462540 0.733202 0.912812
v 0.462901 0.733519 0.913010
v 0.462351 0.734178 0.912952
v 0.395715 0.693467 0.913010
v 0.395203 0.696153 0.912679
v 0.395428 0.694934 0.912913
v 0.407734 1.375919 0.913010
v 0.410035 1.376565 0.912801
v 0.409706 1.376889 0.913010
v 0.409034 1.376382 0.912949
v 0.449279 1.309743 0.913010
v 0.446037 1.308954 0.912663
v 0.447436 1.309269 0.912908
v -0.407735 0.680700 0.913010
v -0.410035 0.680054 0.912801
v -0.409706 0.679729 0.913010
v -0.409034 0.680237 0.912949
v -0.449279 0.746876 0.913010
v -0.446037 0.747664 0.912663
v -0.447437 0.747350 0.912908
v -0.461849 1.321165 0.913010
v -0.462540 1.323416 0.912812
v -0.462901 1.323100 0.913010
v -0.462351 1.322441 0.912952
v -0.395715 1.363152 0.913010
v -0.395203 1.360466 0.912679
v -0.395428 1.361685 0.912913
v 0.444131 0.681053 0.912380
v 0.443113 0.681073 0.911372
v 0.443569 0.681122 0.911922
v 0.461840 1.357629 0.912379
v 0.461803 1.356618 0.911372
v 0.461761 1.357072 0.911922
v -0.461840 0.698990 0.912379
v -0.461803 0.700000 0.911372
v -0.461761 0.699547 0.911922
v -0.444131 1.375566 0.912380
v -0.443113 1.375545 0.911372
v -0.443569 1.375497 0.911922
v 0.392022 0.713509 0.912392
v 0.392495 0.712430 0.911538
v 0.392331 0.712948 0.911974
v 0.428715 1.305943 0.912394
v 0.429808 1.306401 0.911536
v 0.429284 1.306244 0.911974
v -0.428715 0.750676 0.912394
v -0.429808 0.750218 0.911536
v -0.429284 0.750374 0.911974
v -0.392022 1.343110 0.912392
v -0.392495 1.344189 0.911538
v -0.392331 1.343671 0.911974
v 0.462362 0.701429 0.912453
v 0.462884 0.701233 0.913010
v 0.462515 0.701371 0.912847
v 0.441694 1.376122 0.912453
v 0.441897 1.376641 0.913010
v 0.441754 1.376274 0.912847
v -0.441694 0.680497 0.912453
v -0.441897 0.679977 0.913010
v -0.441754 0.680345 0.912847
v -0.462362 1.355190 0.912453
v -0.462884 1.355386 0.913010
v -0.462515 1.355247 0.912847
v 0.401794 0.739177 0.913010
v 0.402201 0.738796 0.912453
v 0.402082 0.738907 0.912847
v 0.403179 1.316040 0.913010
v 0.403565 1.316442 0.912453
v 0.403452 1.316324 0.912847
v -0.403179 0.740579 0.913010
v -0.403565 0.740177 0.912453
v -0.403452 0.740295 0.912847
v -0.401794 1.317442 0.913010
v -0.402201 1.317823 0.912453
v -0.402082 1.317711 0.912847
v 0.454929 0.689462 0.912453
v 0.455336 0.689081 0.913010
v 0.455048 0.689351 0.912847
v 0.453565 1.368537 0.912453
v 0.453952 1.368940 0.913010
v 0.453678 1.368655 0.912847
v -0.453565 0.688081 0.912453
v -0.453952 0.687679 0.913010
v -0.453679 0.687963 0.912847
v -0.454929 1.367156 0.912453
v -0.455336 1.367537 0.913010
v -0.455048 1.367268 0.912847
v 0.394246 0.727025 0.913010
v 0.394769 0.726829 0.912453
v 0.394616 0.726886 0.912847
v 0.415233 1.308338 0.913010
v 0.415436 1.308858 0.912453
v 0.415376 1.308705 0.912847
v -0.415233 0.748281 0.913010
v -0.415436 0.747761 0.912453
v -0.415376 0.747913 0.912847
v -0.394246 1.329594 0.913010
v -0.394769 1.329790 0.912453
v -0.394616 1.329732 0.912847
v 0.465120 0.714789 0.912374
v 0.464639 0.715806 0.911553
v 0.464803 0.715315 0.911974
v 0.428374 1.379048 0.912376
v 0.427345 1.378582 0.911552
v 0.427841 1.378739 0.911974
v -0.428374 0.677571 0.912376
v -0.427345 0.678037 0.911552
v -0.427841 0.677879 0.911974
v -0.465120 1.341829 0.912374
v -0.464639 1.340812 0.911553
v -0.464803 1.341303 0.911974
v 0.412958 0.747180 0.912388
v 0.414040 0.747192 0.911369
v 0.413556 0.747131 0.911924
v 0.395315 1.327310 0.912387
v 0.395320 1.328384 0.911369
v 0.395374 1.327903 0.911923
v -0.395315 0.729309 0.912387
v -0.395320 0.728235 0.911369
v -0.395374 0.728716 0.911923
v -0.412958 1.309439 0.912388
v -0.414040 1.309426 0.911369
v -0.413556 1.309488 0.911924
v 0.436789 0.677299 0.911617
v 0.436707 0.676796 0.912217
v 0.436763 0.677099 0.912017
v 0.465551 1.350204 0.911619
v 0.466059 1.350098 0.912212
v 0.465754 1.350168 0.912016
v -0.465552 0.706414 0.911619
v -0.466059 0.706521 0.912212
v -0.465754 0.706450 0.912016
v -0.436789 1.379320 0.911617
v -0.436707 1.379823 0.912217
v -0.436763 1.379520 0.912017
v 0.391717 0.705581 0.912332
v 0.392077 0.706035 0.911607
v 0.391269 0.707610 0.912420
v 0.391964 0.705822 0.912046
v 0.391788 0.706328 0.912157
v 0.391767 0.706822 0.912104
v 0.391483 0.706595 0.912345
v 0.436628 1.305606 0.912371
v 0.436155 1.305941 0.911606
v 0.434246 1.305119 0.912461
v 0.436380 1.305837 0.912057
v 0.435782 1.305655 0.912174
v 0.435202 1.305624 0.912123
v 0.435438 1.305348 0.912378
v -0.436628 0.751013 0.912371
v -0.436155 0.750678 0.911606
v -0.434246 0.751500 0.912461
v -0.436380 0.750781 0.912057
v -0.435782 0.750964 0.912174
v -0.435202 0.750994 0.912123
v -0.435438 0.751270 0.912378
v -0.391717 1.351037 0.912332
v -0.392077 1.350584 0.911607
v -0.391269 1.349009 0.912420
v -0.391964 1.350796 0.912046
v -0.391789 1.350291 0.912157
v -0.391767 1.349796 0.912104
v -0.391484 1.350024 0.912345
v 0.419678 0.751190 0.912308
v 0.419983 0.750603 0.911610
v 0.419882 0.750814 0.912041
v 0.435088 0.750683 0.911436
v 0.436233 0.750716 0.912369
v 0.434584 0.750773 0.911987
v 0.435444 0.750712 0.911938
v 0.422045 0.677577 0.911435
v 0.420733 0.677553 0.912429
v 0.421640 0.677551 0.911955
v 0.391458 1.334236 0.912264
v 0.391946 1.334412 0.911611
v 0.391763 1.334351 0.912029
v 0.392097 1.349472 0.911435
v 0.392082 1.350762 0.912423
v 0.392074 1.349870 0.911953
v 0.465035 1.335505 0.911435
v 0.465057 1.334204 0.912426
v 0.465061 1.335103 0.911954
v -0.391458 0.722382 0.912264
v -0.391946 0.722207 0.911611
v -0.391763 0.722268 0.912029
v -0.392097 0.707147 0.911435
v -0.392082 0.705857 0.912423
v -0.392074 0.706748 0.911953
v -0.465035 0.721114 0.911435
v -0.465057 0.722415 0.912426
v -0.465061 0.721515 0.911954
v -0.419678 1.305429 0.912308
v -0.419983 1.306016 0.911610
v -0.419882 1.305805 0.912041
v -0.435088 1.305936 0.911436
v -0.436233 1.305903 0.912369
v -0.434584 1.305846 0.911987
v -0.435444 1.305907 0.911938
v -0.422045 1.379041 0.911435
v -0.420733 1.379066 0.912429
v -0.421640 1.379068 0.911955
v 0.448818 0.746027 0.912408
v 0.448310 0.745714 0.911436
v 0.448476 0.745826 0.911949
v 0.458625 0.736064 0.911436
v 0.458549 0.736916 0.912404
v 0.458617 0.736336 0.911948
v 0.408279 0.682216 0.912445
v 0.408822 0.682546 0.911435
v 0.408646 0.682429 0.911960
v 0.398508 0.692197 0.911435
v 0.398597 0.691299 0.912431
v 0.398520 0.691911 0.911956
v 0.396905 1.363167 0.912442
v 0.397234 1.362630 0.911435
v 0.397117 1.362805 0.911959
v 0.407015 1.372821 0.911435
v 0.406113 1.372738 0.912429
v 0.406728 1.372811 0.911955
v 0.460233 1.321805 0.912441
v 0.459899 1.322347 0.911435
v 0.460017 1.322171 0.911958
v 0.450118 1.312156 0.911435
v 0.451021 1.312233 0.912426
v 0.450406 1.312164 0.911954
v -0.396905 0.693452 0.912442
v -0.397234 0.693989 0.911435
v -0.397117 0.693814 0.911959
v -0.407015 0.683798 0.911435
v -0.406113 0.683881 0.912429
v -0.406728 0.683808 0.911955
v -0.460233 0.734813 0.912441
v -0.459899 0.734272 0.911435
v -0.460017 0.734448 0.911958
v -0.450118 0.744463 0.911435
v -0.451021 0.744386 0.912426
v -0.450406 0.744455 0.911954
v -0.448818 1.310592 0.912408
v -0.448310 1.310905 0.911436
v -0.448476 1.310792 0.911949
v -0.458625 1.320555 0.911436
v -0.458549 1.319703 0.912404
v -0.458617 1.320282 0.911948
v -0.408280 1.374403 0.912445
v -0.408823 1.374072 0.911435
v -0.408646 1.374190 0.911960
v -0.398508 1.364422 0.911435
v -0.398597 1.365320 0.912431
v -0.398520 1.364708 0.911956
v 0.466056 0.722558 0.912233
v 0.465421 0.722586 0.911616
v 0.465661 0.722584 0.912021
v 0.420695 1.380048 0.912242
v 0.420617 1.379395 0.911615
v 0.420636 1.379638 0.912023
v -0.420695 0.676571 0.912242
v -0.420617 0.677223 0.911615
v -0.420636 0.676980 0.912023
v -0.466056 1.334061 0.912233
v -0.465421 1.334033 0.911616
v -0.465661 1.334035 0.912021
v -0.441708 1.323740 0.864900
v -0.442173 1.322863 0.865317
v -0.441958 1.323279 0.865047
v -0.409949 0.700784 0.864900
v -0.409079 0.700306 0.865317
v -0.409492 0.700527 0.865047
v 0.409949 1.355835 0.864900
v 0.409079 1.356313 0.865317
v 0.409492 1.356091 0.865047
v 0.441708 0.732878 0.864900
v 0.442173 0.733756 0.865317
v 0.441958 0.733339 0.865047
v -0.414956 1.362119 0.865319
v -0.415425 1.361234 0.864900
v -0.415173 1.361699 0.865047
v -0.448054 0.727954 0.865320
v -0.447173 0.727470 0.864900
v -0.447637 0.727730 0.865047
v 0.448054 1.328665 0.865320
v 0.447173 1.329149 0.864900
v 0.447637 1.328889 0.865047
v 0.414956 0.694500 0.865319
v 0.415425 0.695385 0.864900
v 0.415173 0.694919 0.865047
v 0.403690 0.706954 0.864901
v 0.403345 0.705958 0.865311
v 0.403505 0.706432 0.865045
v 0.427277 0.741721 0.865349
v 0.426616 0.740985 0.864890
v 0.426970 0.741379 0.865053
v 0.455501 0.724037 0.865347
v 0.455227 0.723050 0.864895
v 0.455382 0.723572 0.865054
v 0.435103 1.317885 0.864902
v 0.436095 1.317510 0.865305
v 0.435622 1.317684 0.865043
v 0.400618 1.341872 0.865357
v 0.401339 1.341210 0.864888
v 0.400952 1.341566 0.865054
v 0.419288 1.369178 0.865340
v 0.420268 1.368871 0.864897
v 0.419750 1.369042 0.865052
v -0.435103 0.738734 0.864902
v -0.436095 0.739109 0.865305
v -0.435622 0.738934 0.865043
v -0.400618 0.714746 0.865357
v -0.401339 0.715409 0.864888
v -0.400952 0.715052 0.865054
v -0.419288 0.687441 0.865340
v -0.420268 0.687747 0.864897
v -0.419750 0.687577 0.865052
v -0.403690 1.349665 0.864901
v -0.403345 1.350660 0.865311
v -0.403505 1.350187 0.865045
v -0.427277 1.314897 0.865349
v -0.426616 1.315634 0.864890
v -0.426970 1.315240 0.865053
v -0.455501 1.332582 0.865347
v -0.455227 1.333569 0.864895
v -0.455382 1.333046 0.865054
v -0.428746 1.371099 0.864882
v -0.428130 1.371799 0.865391
v -0.428407 1.371482 0.865063
v -0.457554 0.714605 0.864879
v -0.458237 0.715224 0.865401
v -0.457930 0.714948 0.865065
v 0.457554 1.342013 0.864879
v 0.458236 1.341395 0.865401
v 0.457930 1.341671 0.865065
v 0.428746 0.685520 0.864882
v 0.428130 0.684819 0.865391
v 0.428407 0.685136 0.865063
v 0.443390 0.681823 0.865514
v 0.443280 0.681309 0.866270
v 0.443382 0.681484 0.865834
v 0.461081 1.356901 0.865512
v 0.461570 1.356798 0.866272
v 0.461406 1.356891 0.865835
v -0.461081 0.699718 0.865512
v -0.461570 0.699821 0.866272
v -0.461406 0.699727 0.865835
v -0.443390 1.374795 0.865514
v -0.443280 1.375310 0.866270
v -0.443382 1.375135 0.865834
v 0.393203 0.713352 0.865522
v 0.392614 0.713020 0.866364
v 0.393201 0.712418 0.866185
v 0.392790 0.713168 0.865851
v 0.392863 0.712935 0.865924
v 0.392817 0.712707 0.866261
v 0.393168 0.712833 0.865786
v 0.428866 1.307142 0.865525
v 0.429212 1.306532 0.866353
v 0.429793 1.307123 0.866187
v 0.429059 1.306715 0.865849
v 0.429289 1.306787 0.865922
v 0.429516 1.306734 0.866255
v 0.429382 1.307100 0.865788
v -0.428866 0.749477 0.865525
v -0.429212 0.750087 0.866353
v -0.429793 0.749496 0.866187
v -0.429059 0.749904 0.865849
v -0.429289 0.749832 0.865922
v -0.429516 0.749884 0.866255
v -0.429382 0.749519 0.865788
v -0.393203 1.343266 0.865522
v -0.392614 1.343599 0.866364
v -0.393201 1.344201 0.866185
v -0.392790 1.343450 0.865852
v -0.392863 1.343684 0.865924
v -0.392817 1.343912 0.866261
v -0.393168 1.343785 0.865786
v 0.424862 0.748066 0.872192
v 0.425234 0.748360 0.873194
v 0.424650 0.748319 0.872847
v 0.425097 0.748250 0.872673
v 0.394495 1.339303 0.872187
v 0.394215 1.339671 0.873195
v 0.394252 1.339088 0.872845
v 0.394320 1.339536 0.872672
v -0.394495 0.717316 0.872187
v -0.394215 0.716948 0.873195
v -0.394252 0.717531 0.872845
v -0.394320 0.717083 0.872672
v -0.424862 1.308553 0.872192
v -0.425234 1.308258 0.873194
v -0.424650 1.308300 0.872847
v -0.425097 1.308369 0.872673
v 0.461803 0.701631 0.863936
v 0.462362 0.701429 0.864497
v 0.462198 0.701488 0.864100
v 0.441526 1.375546 0.863936
v 0.441694 1.376122 0.864519
v 0.441645 1.375953 0.864107
v -0.441526 0.681073 0.863936
v -0.441694 0.680497 0.864519
v -0.441645 0.680666 0.864107
v -0.461803 1.354988 0.863936
v -0.462362 1.355190 0.864497
v -0.462198 1.355131 0.864100
v 0.402201 0.738796 0.864533
v 0.402689 0.738521 0.863936
v 0.402344 0.738715 0.864111
v 0.403565 1.316442 0.864512
v 0.403810 1.316949 0.863936
v 0.403637 1.316591 0.864105
v -0.403565 0.740177 0.864512
v -0.403810 0.739670 0.863936
v -0.403637 0.740028 0.864105
v -0.402201 1.317823 0.864533
v -0.402689 1.318098 0.863936
v -0.402344 1.317904 0.864111
v 0.451973 0.736674 0.872658
v 0.451789 0.736139 0.871742
v 0.451903 0.736469 0.872165
v 0.405567 0.691992 0.872655
v 0.405791 0.692548 0.871768
v 0.405654 0.692207 0.872171
v 0.406379 1.366092 0.872657
v 0.406914 1.365891 0.871747
v 0.406584 1.366015 0.872166
v 0.450341 1.319295 0.872654
v 0.449785 1.319534 0.871773
v 0.450125 1.319388 0.872172
v -0.406379 0.690527 0.872657
v -0.406915 0.690728 0.871747
v -0.406584 0.690603 0.872166
v -0.450341 0.737324 0.872654
v -0.449785 0.737084 0.871773
v -0.450125 0.737231 0.872172
v -0.451973 1.319945 0.872658
v -0.451789 1.320480 0.871742
v -0.451903 1.320149 0.872165
v -0.405567 1.364627 0.872655
v -0.405791 1.364071 0.871768
v -0.405654 1.364412 0.872171
v 0.454355 0.689660 0.863936
v 0.454929 0.689462 0.864497
v 0.454761 0.689520 0.864100
v 0.453395 1.367945 0.863936
v 0.453565 1.368537 0.864512
v 0.453515 1.368364 0.864105
v -0.453395 0.688674 0.863936
v -0.453565 0.688081 0.864512
v -0.453516 0.688255 0.864105
v -0.454355 1.366958 0.863936
v -0.454929 1.367156 0.864497
v -0.454761 1.367098 0.864100
v 0.394769 0.726829 0.864533
v 0.395353 0.726734 0.863936
v 0.394940 0.726801 0.864111
v 0.415436 1.308858 0.864519
v 0.415504 1.309458 0.863936
v 0.415456 1.309034 0.864107
v -0.415436 0.747761 0.864519
v -0.415504 0.747160 0.863936
v -0.415456 0.747585 0.864107
v -0.394769 1.329790 0.864533
v -0.395353 1.329885 0.863936
v -0.394940 1.329818 0.864111
v 0.439103 0.744676 0.872658
v 0.438797 0.744220 0.871741
v 0.438986 0.744501 0.872165
v 0.417618 0.683174 0.872661
v 0.417884 0.683600 0.871715
v 0.417718 0.683335 0.872158
v 0.398072 1.353483 0.872658
v 0.398518 1.353178 0.871736
v 0.398243 1.353367 0.872163
v 0.459468 1.331089 0.872662
v 0.459053 1.331355 0.871709
v 0.459311 1.331189 0.872156
v -0.398072 0.703135 0.872658
v -0.398518 0.703441 0.871736
v -0.398243 0.703252 0.872163
v -0.459468 0.725530 0.872662
v -0.459053 0.725264 0.871709
v -0.459312 0.725430 0.872156
v -0.439103 1.311943 0.872658
v -0.438797 1.312399 0.871741
v -0.438986 1.312117 0.872165
v -0.417618 1.373444 0.872661
v -0.417884 1.373019 0.871715
v -0.417718 1.373284 0.872158
v 0.464008 0.715084 0.865503
v 0.464514 0.715457 0.866369
v 0.464376 0.715267 0.865861
v 0.427161 1.377962 0.866178
v 0.428090 1.377916 0.865507
v 0.427893 1.378472 0.866353
v 0.427585 1.377985 0.865779
v 0.427748 1.378249 0.865920
v 0.427979 1.378306 0.865849
v 0.427536 1.378295 0.866260
v -0.427161 0.678657 0.866178
v -0.428090 0.678703 0.865507
v -0.427893 0.678146 0.866353
v -0.427585 0.678633 0.865779
v -0.427748 0.678369 0.865920
v -0.427979 0.678312 0.865849
v -0.427536 0.678324 0.866260
v -0.464008 1.341534 0.865504
v -0.464514 1.341161 0.866369
v -0.464376 1.341352 0.865860
v 0.414562 0.746738 0.866190
v 0.413656 0.746869 0.866364
v 0.413649 0.746325 0.865524
v 0.414069 0.746867 0.866272
v 0.413872 0.746741 0.865928
v 0.413615 0.746686 0.865852
v 0.414121 0.746592 0.865793
v 0.396156 1.327991 0.865523
v 0.395573 1.328204 0.866266
v 0.395770 1.328058 0.865836
v -0.396156 0.728628 0.865523
v -0.395573 0.728415 0.866266
v -0.395770 0.728560 0.865836
v -0.414562 1.309881 0.866190
v -0.413656 1.309750 0.866364
v -0.413649 1.310293 0.865524
v -0.414069 1.309751 0.866272
v -0.413872 1.309878 0.865928
v -0.413615 1.309933 0.865852
v -0.414121 1.310027 0.865793
v 0.461078 0.726088 0.873194
v 0.461027 0.725595 0.872200
v 0.461297 0.725536 0.872856
v 0.461058 0.725905 0.872675
v 0.396477 0.702593 0.873191
v 0.396582 0.703118 0.872226
v 0.396238 0.703137 0.872860
v 0.396519 0.702791 0.872682
v 0.417088 1.375065 0.873193
v 0.417586 1.374995 0.872205
v 0.417642 1.375280 0.872856
v 0.417273 1.375038 0.872677
v 0.439616 1.310338 0.873191
v 0.439088 1.310460 0.872231
v 0.439070 1.310102 0.872860
v 0.439416 1.310386 0.872684
v -0.417088 0.681554 0.873193
v -0.417586 0.681624 0.872205
v -0.417642 0.681339 0.872856
v -0.417273 0.681581 0.872677
v -0.439616 0.746281 0.873191
v -0.439088 0.746159 0.872231
v -0.439070 0.746517 0.872860
v -0.439416 0.746233 0.872684
v -0.461079 1.330531 0.873194
v -0.461027 1.331023 0.872200
v -0.461297 1.331083 0.872856
v -0.461058 1.330714 0.872675
v -0.396477 1.354025 0.873191
v -0.396582 1.353501 0.872226
v -0.396238 1.353481 0.872860
v -0.396519 1.353828 0.872682
v 0.340227 0.796515 0.894379
v 0.340603 0.796142 0.894294
v 0.340393 0.796351 0.894137
v 0.340227 1.260104 0.894379
v 0.340603 1.260476 0.894294
v 0.340393 1.260268 0.894137
v -0.340227 0.796515 0.894379
v -0.340603 0.796142 0.894294
v -0.340393 0.796351 0.894137
v -0.340227 1.260104 0.894379
v -0.340603 1.260476 0.894294
v -0.340393 1.260268 0.894137
v -0.000000 0.780391 0.894379
v -0.000000 0.779861 0.894294
v -0.000000 0.780158 0.894137
v -0.355973 1.028309 0.894379
v -0.356502 1.028309 0.894294
v -0.356206 1.028309 0.894137
v -0.000000 1.276228 0.894379
v -0.000000 1.276757 0.894294
v -0.000000 1.276461 0.894137
v 0.355973 1.028309 0.894379
v 0.356502 1.028309 0.894294
v 0.356206 1.028309 0.894137
v 0.363630 0.810093 0.903433
v 0.363230 0.809111 0.903433
v 0.363512 0.809568 0.903433
v 0.327133 0.772734 0.903433
v 0.328107 0.773144 0.903433
v 0.327656 0.772854 0.903433
v 0.327133 1.283885 0.903433
v 0.328107 1.283474 0.903433
v 0.327656 1.283765 0.903433
v 0.363630 1.246526 0.903433
v 0.363230 1.247508 0.903433
v 0.363512 1.247051 0.903433
v -0.327133 0.772734 0.903433
v -0.328107 0.773144 0.903433
v -0.327656 0.772854 0.903433
v -0.363630 0.810093 0.903433
v -0.363230 0.809111 0.903433
v -0.363512 0.809568 0.903433
v -0.363630 1.246526 0.903433
v -0.363230 1.247508 0.903433
v -0.363512 1.247051 0.903433
v -0.327133 1.283885 0.903433
v -0.328107 1.283474 0.903433
v -0.327656 1.283765 0.903433
v 0.334432 0.803013 0.918121
v 0.333527 0.802995 0.918647
v 0.333652 0.802281 0.918119
v 0.334054 0.802965 0.918493
v 0.333936 0.802710 0.918429
v 0.333623 0.802578 0.918493
v 0.334082 0.802604 0.918141
v 0.333652 1.254338 0.918119
v 0.333527 1.253623 0.918647
v 0.334432 1.253606 0.918121
v 0.333623 1.254041 0.918493
v 0.333936 1.253909 0.918429
v 0.334054 1.253654 0.918493
v 0.334082 1.254015 0.918141
v -0.333652 0.802281 0.918119
v -0.333527 0.802995 0.918647
v -0.334432 0.803013 0.918121
v -0.333623 0.802578 0.918493
v -0.333936 0.802710 0.918429
v -0.334054 0.802965 0.918493
v -0.334082 0.802604 0.918141
v -0.334432 1.253606 0.918121
v -0.333527 1.253623 0.918647
v -0.333652 1.254338 0.918119
v -0.334054 1.253654 0.918493
v -0.333936 1.253909 0.918429
v -0.333623 1.254041 0.918493
v -0.334082 1.254015 0.918141
v -0.000000 0.789685 0.918647
v -0.000000 0.788943 0.918127
v -0.000000 0.789238 0.918495
v -0.346678 1.028309 0.918647
v -0.347421 1.028309 0.918127
v -0.347126 1.028309 0.918495
v -0.000000 1.266934 0.918647
v -0.000000 1.267676 0.918127
v -0.000000 1.267381 0.918495
v 0.346678 1.028309 0.918647
v 0.347421 1.028309 0.918127
v 0.347126 1.028309 0.918495
v 0.350786 0.822164 0.906252
v 0.351095 0.823370 0.906252
v 0.350908 0.822750 0.906770
v 0.351004 0.822729 0.906252
v 0.309016 0.785284 0.906252
v 0.310424 0.785590 0.906252
v 0.309763 0.785470 0.906770
v 0.309770 0.785374 0.906252
v 0.310424 1.271029 0.906252
v 0.309016 1.271335 0.906252
v 0.309763 1.271149 0.906770
v 0.309770 1.271245 0.906252
v 0.351095 1.233249 0.906252
v 0.350786 1.234454 0.906252
v 0.350908 1.233869 0.906770
v 0.351004 1.233890 0.906252
v -0.310424 0.785590 0.906252
v -0.309016 0.785284 0.906252
v -0.309763 0.785470 0.906770
v -0.309770 0.785374 0.906252
v -0.351095 0.823370 0.906252
v -0.350786 0.822164 0.906252
v -0.350908 0.822750 0.906770
v -0.351004 0.822729 0.906252
v -0.350786 1.234454 0.906252
v -0.351095 1.233249 0.906252
v -0.350908 1.233869 0.906770
v -0.351004 1.233890 0.906252
v -0.309016 1.271335 0.906252
v -0.310424 1.271029 0.906252
v -0.309763 1.271149 0.906770
v -0.309770 1.271245 0.906252
v 0.443260 0.680259 0.912478
v 0.444584 0.679928 0.912872
v 0.443928 0.680070 0.912743
v 0.462633 1.356747 0.912480
v 0.462975 1.358055 0.912871
v 0.462829 1.357406 0.912744
v -0.462633 0.699872 0.912480
v -0.462975 0.698564 0.912871
v -0.462830 0.699212 0.912744
v -0.443260 1.376359 0.912478
v -0.444584 1.376691 0.912872
v -0.443928 1.376549 0.912743
v 0.391768 0.712420 0.912455
v 0.390797 0.713625 0.912877
v 0.391269 0.713023 0.912738
v 0.429800 1.305686 0.912452
v 0.428572 1.304728 0.912877
v 0.429185 1.305194 0.912737
v -0.429800 0.750932 0.912452
v -0.428572 0.751890 0.912877
v -0.429185 0.751425 0.912737
v -0.391768 1.344198 0.912455
v -0.390797 1.342993 0.912877
v -0.391269 1.343596 0.912738
v 0.430570 0.751459 0.912468
v 0.428024 0.751234 0.911435
v 0.428634 0.751244 0.911987
v 0.428794 0.751322 0.911967
v 0.427441 0.676615 0.912247
v 0.429018 0.676937 0.911437
v 0.428530 0.676817 0.911902
v 0.391262 1.344338 0.912343
v 0.391446 1.342425 0.911436
v 0.391370 1.343009 0.911930
v 0.466100 1.340966 0.912229
v 0.465779 1.342460 0.911437
v 0.465899 1.341995 0.911897
v -0.391262 0.712280 0.912343
v -0.391446 0.714193 0.911436
v -0.391370 0.713609 0.911930
v -0.466100 0.715653 0.912229
v -0.465780 0.714159 0.911437
v -0.465899 0.714623 0.911897
v -0.430570 1.305159 0.912468
v -0.428024 1.305385 0.911435
v -0.428634 1.305375 0.911987
v -0.428794 1.305296 0.911967
v -0.427441 1.380003 0.912247
v -0.429018 1.379682 0.911437
v -0.428530 1.379802 0.911902
v 0.454143 0.742104 0.912317
v 0.453959 0.741457 0.911436
v 0.454029 0.741670 0.911923
v 0.402987 0.686117 0.912344
v 0.403174 0.686805 0.911436
v 0.403104 0.686579 0.911930
v 0.400873 1.368409 0.912342
v 0.401563 1.368223 0.911436
v 0.401337 1.368294 0.911930
v 0.456263 1.316561 0.912339
v 0.455571 1.316754 0.911436
v 0.455797 1.316681 0.911929
v -0.400873 0.688209 0.912342
v -0.401563 0.688396 0.911436
v -0.401337 0.688325 0.911930
v -0.456263 0.740058 0.912339
v -0.455571 0.739865 0.911436
v -0.455797 0.739938 0.911929
v -0.454143 1.314514 0.912317
v -0.453959 1.315162 0.911436
v -0.454029 1.314949 0.911923
v -0.402987 1.370502 0.912344
v -0.403175 1.369814 0.911436
v -0.403104 1.370039 0.911930
v 0.443145 0.748954 0.912326
v 0.442044 0.748857 0.911436
v 0.442389 0.748905 0.911925
v 0.413876 0.679310 0.912365
v 0.415089 0.679404 0.911435
v 0.414712 0.679357 0.911936
v 0.393924 1.357595 0.912361
v 0.394011 1.356403 0.911436
v 0.393966 1.356775 0.911935
v 0.463218 1.327379 0.912359
v 0.463122 1.328573 0.911435
v 0.463170 1.328201 0.911935
v -0.393924 0.699024 0.912361
v -0.394011 0.700216 0.911436
v -0.393966 0.699844 0.911935
v -0.463218 0.729240 0.912359
v -0.463122 0.728045 0.911435
v -0.463170 0.728418 0.911935
v -0.443145 1.307665 0.912326
v -0.442044 1.307762 0.911436
v -0.442389 1.307713 0.911925
v -0.413876 1.377309 0.912365
v -0.415090 1.377215 0.911435
v -0.414712 1.377262 0.911936
v 0.465482 0.715891 0.912479
v 0.466391 0.714772 0.912872
v 0.465954 0.715333 0.912743
v 0.427279 1.379409 0.912476
v 0.428418 1.380322 0.912873
v 0.427848 1.379881 0.912743
v -0.427279 0.677210 0.912476
v -0.428418 0.676296 0.912873
v -0.427848 0.676738 0.912743
v -0.465482 1.340728 0.912479
v -0.466391 1.341846 0.912872
v -0.465954 1.341286 0.912743
v 0.413825 0.747913 0.912463
v 0.412308 0.748445 0.912888
v 0.413079 0.748157 0.912743
v 0.394587 1.328185 0.912465
v 0.394159 1.326749 0.912879
v 0.394370 1.327466 0.912741
v -0.394587 0.728433 0.912465
v -0.394159 0.729870 0.912879
v -0.394370 0.729152 0.912741
v -0.413825 1.308706 0.912463
v -0.412308 1.308173 0.912888
v -0.413079 1.308462 0.912743
v 0.462444 0.730896 0.912214
v 0.462360 0.729959 0.911437
v 0.462404 0.730260 0.911893
v 0.395026 0.697178 0.912355
v 0.394866 0.698393 0.911435
v 0.394896 0.698014 0.911933
v 0.412163 1.376528 0.912239
v 0.413176 1.376464 0.911437
v 0.412854 1.376502 0.911900
v 0.445116 1.308784 0.912369
v 0.443867 1.308603 0.911435
v 0.444255 1.308639 0.911937
v -0.412163 0.680091 0.912239
v -0.413176 0.680155 0.911437
v -0.412854 0.680117 0.911900
v -0.445116 0.747835 0.912369
v -0.443867 0.748016 0.911435
v -0.444255 0.747979 0.911937
v -0.462444 1.325722 0.912214
v -0.462360 1.326659 0.911437
v -0.462404 1.326359 0.911893
v -0.395026 1.359440 0.912355
v -0.394866 1.358226 0.911435
v -0.394896 1.358604 0.911933
v 0.435564 0.682474 0.865563
v 0.436315 0.683069 0.864989
v 0.435896 0.682730 0.865200
v 0.460557 1.348885 0.865569
v 0.459978 1.349644 0.864985
v 0.460311 1.349218 0.865200
v -0.460557 0.707734 0.865569
v -0.459978 0.706974 0.864985
v -0.460311 0.707401 0.865200
v -0.435565 1.374145 0.865563
v -0.436315 1.373549 0.864989
v -0.435896 1.373889 0.865200
v -0.409026 1.356073 0.865302
v -0.409439 1.355119 0.864903
v -0.409218 1.355617 0.865043
v -0.441694 0.733590 0.865299
v -0.440742 0.733154 0.864904
v -0.441239 0.733386 0.865042
v 0.441694 1.323028 0.865299
v 0.440742 1.323465 0.864904
v 0.441239 1.323232 0.865042
v 0.409026 0.700546 0.865302
v 0.409439 0.701500 0.864903
v 0.409218 0.701001 0.865043
v 0.397860 0.709838 0.865502
v 0.398087 0.710836 0.865013
v 0.397959 0.710300 0.865188
v 0.434112 0.737275 0.864897
v 0.434674 0.738087 0.865325
v 0.434412 0.737704 0.865048
v 0.419612 0.743984 0.865000
v 0.420377 0.744607 0.865533
v 0.420030 0.744330 0.865194
v 0.460281 0.718612 0.865006
v 0.460447 0.719612 0.865529
v 0.460382 0.719156 0.865194
v 0.448919 0.727965 0.864900
v 0.449287 0.728904 0.865324
v 0.449120 0.728459 0.865048
v 0.432243 1.311964 0.865498
v 0.431248 1.312218 0.865015
v 0.431781 1.312076 0.865188
v 0.405239 1.348543 0.864896
v 0.404438 1.349110 0.865330
v 0.404815 1.348846 0.865049
v 0.398362 1.334143 0.864997
v 0.397755 1.334914 0.865538
v 0.398024 1.334566 0.865194
v 0.424681 1.373991 0.865008
v 0.423688 1.374186 0.865524
v 0.424143 1.374107 0.865193
v 0.415171 1.362736 0.864901
v 0.414238 1.363128 0.865319
v 0.414682 1.362949 0.865047
v -0.432243 0.744654 0.865498
v -0.431248 0.744401 0.865015
v -0.431781 0.744543 0.865188
v -0.405239 0.708076 0.864896
v -0.404438 0.707509 0.865330
v -0.404815 0.707773 0.865049
v -0.398362 0.722475 0.864997
v -0.397755 0.721705 0.865538
v -0.398024 0.722053 0.865194
v -0.424681 0.682628 0.865008
v -0.423688 0.682432 0.865524
v -0.424143 0.682511 0.865193
v -0.415171 0.693883 0.864901
v -0.414238 0.693491 0.865319
v -0.414682 0.693670 0.865047
v -0.397860 1.346781 0.865502
v -0.398087 1.345783 0.865013
v -0.397959 1.346318 0.865188
v -0.434112 1.319344 0.864897
v -0.434674 1.318532 0.865325
v -0.434412 1.318915 0.865048
v -0.419612 1.312634 0.865000
v -0.420377 1.312012 0.865533
v -0.420030 1.312289 0.865194
v -0.460281 1.338007 0.865006
v -0.460447 1.337007 0.865529
v -0.460382 1.337462 0.865194
v -0.448920 1.328653 0.864900
v -0.449287 1.327714 0.865324
v -0.449120 1.328160 0.865048
v -0.421270 1.367635 0.865352
v -0.421799 1.366838 0.864893
v -0.421511 1.367264 0.865054
v -0.453886 0.721928 0.865358
v -0.453098 0.721392 0.864891
v -0.453521 0.721684 0.865056
v 0.453886 1.334690 0.865358
v 0.453098 1.335227 0.864891
v 0.453521 1.334934 0.865056
v 0.421270 0.688983 0.865352
v 0.421799 0.689781 0.864893
v 0.421511 0.689355 0.865054
v 0.337476 0.800001 0.906252
v 0.336694 0.799266 0.906252
v 0.337323 0.799391 0.905729
v 0.337128 0.799588 0.906252
v 0.336694 1.257353 0.906252
v 0.337476 1.256618 0.906252
v 0.337323 1.257228 0.905729
v 0.337128 1.257031 0.906252
v -0.336694 0.799266 0.906252
v -0.337476 0.800001 0.906252
v -0.337323 0.799391 0.905729
v -0.337128 0.799588 0.906252
v -0.337476 1.256618 0.906252
v -0.336694 1.257353 0.906252
v -0.337323 1.257228 0.905729
v -0.337128 1.257031 0.906252
vn 0.8075 0.5843 0.0802
vn 0.6798 0.7286 0.0840
vn 0.6663 0.7354 0.1234
vn 0.7921 0.6021 0.0999
vn 0.5251 0.8467 0.0854
vn 0.5227 0.8421 0.1330
vn -0.9759 -0.1924 0.1027
vn -0.9044 -0.4177 0.0867
vn -0.8961 -0.4389 0.0660
vn -0.9692 -0.2444 0.0297
vn -0.8075 -0.5843 0.0802
vn -0.7921 -0.6021 0.0999
vn -0.0553 -0.0047 0.9985
vn -0.0562 0.0284 0.9980
vn -0.0000 -0.0000 1.0000
vn -0.0135 0.0052 0.9999
vn -0.0111 0.0116 0.9999
vn -0.0545 0.0650 0.9964
vn -0.0060 0.0701 0.9975
vn 0.0037 -0.0607 0.9981
vn -0.0280 -0.0573 0.9980
vn -0.0053 -0.0136 0.9999
vn -0.0116 -0.0109 0.9999
vn -0.0647 -0.0539 0.9964
vn -0.0643 -0.0039 0.9979
vn -0.0037 0.0607 0.9981
vn 0.0280 0.0573 0.9980
vn 0.0053 0.0136 0.9999
vn 0.0116 0.0109 0.9999
vn 0.0647 0.0539 0.9964
vn 0.0643 0.0039 0.9979
vn 0.0553 0.0047 0.9985
vn 0.0562 -0.0284 0.9980
vn 0.0135 -0.0052 0.9999
vn 0.0111 -0.0116 0.9999
vn 0.0545 -0.0650 0.9964
vn 0.0060 -0.0701 0.9975
vn 0.0148 -0.0048 0.9999
vn 0.0006 0.0009 1.0000
vn 0.0838 -0.0162 0.9963
vn 0.0110 -0.0116 0.9999
vn 0.0510 -0.0679 0.9964
vn 0.0274 -0.1106 0.9935
vn 0.0050 0.0149 0.9999
vn -0.0007 0.0007 1.0000
vn 0.0147 0.0885 0.9960
vn 0.0117 0.0109 0.9999
vn 0.0661 0.0501 0.9965
vn 0.1074 0.0224 0.9940
vn -0.0050 -0.0149 0.9999
vn 0.0007 -0.0007 1.0000
vn -0.0147 -0.0885 0.9960
vn -0.0117 -0.0109 0.9999
vn -0.0661 -0.0501 0.9965
vn -0.1074 -0.0224 0.9940
vn -0.0148 0.0048 0.9999
vn -0.0006 -0.0009 1.0000
vn -0.0838 0.0162 0.9963
vn -0.0110 0.0116 0.9999
vn -0.0510 0.0679 0.9964
vn -0.0274 0.1106 0.9935
vn 0.5718 -0.8164 0.0806
vn 0.7182 -0.6905 0.0863
vn 0.7108 -0.6895 0.1390
vn 0.5887 -0.7986 0.1253
vn 0.8384 -0.5384 0.0855
vn 0.8202 -0.5566 0.1322
vn -0.5737 0.8151 0.0800
vn -0.7196 0.6893 0.0841
vn -0.7244 0.6778 0.1258
vn -0.5915 0.7996 0.1040
vn -0.8397 0.5363 0.0852
vn -0.8331 0.5369 0.1328
vn -0.5718 0.8164 0.0806
vn -0.7182 0.6905 0.0863
vn -0.7108 0.6895 0.1390
vn -0.5887 0.7986 0.1253
vn -0.8384 0.5384 0.0854
vn -0.8202 0.5566 0.1322
vn 0.5737 -0.8151 0.0800
vn 0.7196 -0.6893 0.0841
vn 0.7244 -0.6778 0.1258
vn 0.5915 -0.7996 0.1040
vn 0.8397 -0.5363 0.0852
vn 0.8331 -0.5369 0.1328
vn 0.8089 0.5824 0.0801
vn 0.6811 0.7272 0.0856
vn 0.6783 0.7220 0.1367
vn 0.7912 0.5993 0.1214
vn 0.5273 0.8454 0.0851
vn 0.5424 0.8296 0.1324
vn -0.6798 -0.7286 0.0840
vn -0.6663 -0.7354 0.1234
vn -0.5251 -0.8467 0.0854
vn -0.5227 -0.8421 0.1330
vn -0.5273 -0.8454 0.0851
vn -0.3524 -0.9325 0.0789
vn -0.3794 -0.9182 0.1139
vn -0.5424 -0.8296 0.1324
vn -0.1659 -0.9835 0.0723
vn -0.1924 -0.9774 0.0878
vn 0.3508 0.9330 0.0809
vn 0.3636 0.9228 0.1270
vn 0.1642 0.9837 0.0728
vn 0.1907 0.9759 0.1064
vn 0.9278 -0.3645 0.0789
vn 0.9124 -0.3940 0.1112
vn 0.9812 -0.1786 0.0725
vn 0.9751 -0.2050 0.0841
vn -0.9283 0.3629 0.0804
vn -0.9173 0.3782 0.1245
vn -0.9816 0.1768 0.0725
vn -0.9737 0.2033 0.1029
vn -0.9278 0.3645 0.0789
vn -0.9124 0.3940 0.1112
vn -0.9812 0.1786 0.0725
vn -0.9751 0.2050 0.0841
vn 0.9283 -0.3629 0.0804
vn 0.9173 -0.3782 0.1245
vn 0.9816 -0.1768 0.0725
vn 0.9737 -0.2033 0.1029
vn 0.0256 -0.9965 0.0797
vn 0.0075 -0.9983 0.0584
vn 0.2586 -0.9613 0.0950
vn 0.2126 -0.9767 0.0279
vn 0.1372 -0.9841 0.1127
vn -0.0678 -0.9584 0.2772
vn 0.3524 0.9325 0.0789
vn 0.3794 0.9182 0.1139
vn 0.1659 0.9835 0.0723
vn 0.1924 0.9774 0.0878
vn -0.0291 0.9970 0.0718
vn 0.0017 0.9973 0.0728
vn -0.2545 0.9636 0.0819
vn -0.2052 0.9781 0.0334
vn -0.3508 -0.9330 0.0809
vn -0.3636 -0.9228 0.1270
vn -0.1642 -0.9837 0.0728
vn -0.1907 -0.9759 0.1064
vn 0.9966 0.0125 0.0812
vn 0.9985 -0.0032 0.0555
vn 0.9641 0.2471 0.0972
vn 0.9791 0.2018 0.0267
vn 0.9856 0.1317 0.1060
vn 0.9623 -0.0722 0.2623
vn -0.9972 -0.0162 0.0725
vn -0.9975 0.0126 0.0700
vn -0.9665 -0.2428 0.0834
vn -0.9805 -0.1938 0.0324
vn -0.9966 -0.0125 0.0812
vn -0.9985 0.0032 0.0555
vn -0.9641 -0.2471 0.0972
vn -0.9791 -0.2018 0.0267
vn -0.9856 -0.1317 0.1060
vn -0.9623 0.0722 0.2623
vn -0.9768 -0.1982 0.0807
vn -0.9075 -0.4132 0.0752
vn -0.8892 -0.4496 0.0851
vn -0.9660 -0.2557 0.0381
vn -0.8089 -0.5824 0.0801
vn -0.7912 -0.5993 0.1214
vn 0.9972 0.0162 0.0725
vn 0.9975 -0.0126 0.0700
vn 0.9665 0.2428 0.0834
vn 0.9805 0.1938 0.0324
vn 0.9759 0.1924 0.1027
vn 0.9044 0.4177 0.0867
vn 0.8961 0.4389 0.0660
vn 0.9692 0.2444 0.0297
vn -0.0256 0.9965 0.0797
vn -0.0075 0.9983 0.0584
vn -0.2586 0.9613 0.0950
vn -0.2126 0.9767 0.0279
vn -0.1372 0.9841 0.1127
vn 0.0678 0.9584 0.2772
vn 0.1864 -0.9793 0.0784
vn 0.4012 -0.9130 0.0744
vn 0.4402 -0.8935 0.0886
vn 0.2456 -0.9686 0.0397
vn 0.0291 -0.9970 0.0718
vn -0.0017 -0.9973 0.0728
vn 0.2545 -0.9636 0.0819
vn 0.2052 -0.9781 0.0334
vn -0.1809 0.9785 0.0996
vn -0.4056 0.9101 0.0850
vn -0.4296 0.9004 0.0696
vn -0.2339 0.9718 0.0312
vn -0.1864 0.9793 0.0784
vn -0.4012 0.9130 0.0744
vn -0.4402 0.8935 0.0886
vn -0.2456 0.9686 0.0397
vn 0.1809 -0.9785 0.0996
vn 0.4056 -0.9101 0.0850
vn 0.4296 -0.9004 0.0696
vn 0.2339 -0.9718 0.0312
vn -0.6811 -0.7272 0.0856
vn -0.6783 -0.7220 0.1367
vn 0.9768 0.1982 0.0807
vn 0.9075 0.4132 0.0752
vn 0.8892 0.4496 0.0851
vn 0.9660 0.2557 0.0381
vn -0.0770 0.0260 0.9967
vn -0.0269 -0.0766 0.9967
vn 0.0269 0.0766 0.9967
vn 0.0770 -0.0260 0.9967
vn 0.0562 -0.0560 0.9968
vn 0.0594 0.0564 0.9966
vn -0.0594 -0.0564 0.9966
vn -0.0562 0.0560 0.9968
vn -0.0001 -0.0000 1.0000
vn -0.0585 0.0616 0.9964
vn -0.0625 -0.0577 0.9964
vn 0.0625 0.0577 0.9964
vn 0.0001 -0.0000 1.0000
vn 0.0585 -0.0616 0.9964
vn 0.0773 -0.0252 0.9967
vn 0.0261 0.0771 0.9967
vn -0.0261 -0.0771 0.9967
vn -0.0773 0.0252 0.9967
vn 0.0360 0.0471 0.9982
vn 0.0644 0.0668 0.9957
vn 0.0291 0.0575 0.9979
vn 0.0281 0.0473 0.9985
vn 0.0285 0.0438 0.9986
vn -0.0444 0.0344 0.9984
vn -0.0640 0.0569 0.9963
vn -0.0603 0.0311 0.9977
vn -0.0472 0.0311 0.9984
vn -0.0422 0.0312 0.9986
vn 0.0444 -0.0344 0.9984
vn 0.0640 -0.0569 0.9963
vn 0.0603 -0.0311 0.9977
vn 0.0472 -0.0311 0.9984
vn 0.0422 -0.0312 0.9986
vn -0.0360 -0.0471 0.9982
vn -0.0644 -0.0668 0.9957
vn -0.0291 -0.0575 0.9979
vn -0.0281 -0.0473 0.9985
vn -0.0285 -0.0438 0.9986
vn 0.0285 0.0396 0.9988
vn 0.0342 0.0356 0.9988
vn 0.0391 0.0376 0.9985
vn 0.0356 0.0608 0.9975
vn -0.0340 -0.0941 0.9950
vn -0.0299 -0.0430 0.9986
vn -0.0374 0.0275 0.9989
vn -0.0334 0.0351 0.9988
vn -0.0356 0.0419 0.9985
vn -0.0588 0.0321 0.9978
vn 0.1016 -0.0335 0.9943
vn 0.0407 -0.0312 0.9987
vn 0.0374 -0.0275 0.9989
vn 0.0334 -0.0351 0.9988
vn 0.0356 -0.0419 0.9985
vn 0.0588 -0.0321 0.9978
vn -0.1016 0.0335 0.9943
vn -0.0407 0.0312 0.9987
vn -0.0285 -0.0396 0.9988
vn -0.0342 -0.0356 0.9988
vn -0.0391 -0.0376 0.9985
vn -0.0356 -0.0608 0.9975
vn 0.0340 0.0941 0.9950
vn 0.0299 0.0430 0.9986
vn -0.0335 -0.0698 0.9970
vn -0.0220 -0.1297 0.9913
vn -0.0395 -0.0464 0.9981
vn 0.0735 -0.0360 0.9966
vn 0.1401 -0.0204 0.9899
vn 0.0459 -0.0433 0.9980
vn -0.0735 0.0360 0.9966
vn -0.1401 0.0204 0.9899
vn -0.0459 0.0433 0.9980
vn 0.0335 0.0698 0.9970
vn 0.0220 0.1297 0.9913
vn 0.0395 0.0464 0.9981
vn 0.1042 -0.2415 -0.9648
vn 0.0373 -0.8459 -0.5320
vn -0.2467 -0.9172 -0.3129
vn -0.3844 -0.8204 -0.4232
vn 0.0220 -0.9996 -0.0182
vn -0.3726 -0.9280 -0.0038
vn -0.7071 -0.7071 -0.0000
vn -0.0001 -0.0000 -1.0000
vn -0.3413 -0.1754 -0.9235
vn -0.4782 -0.1835 -0.8589
vn -0.3654 -0.1352 -0.9210
vn -0.7971 -0.6038 -0.0001
vn -0.9447 -0.3278 -0.0000
vn -0.9062 -0.3221 -0.2738
vn -0.8108 -0.5338 -0.2402
vn -0.9998 -0.0197 -0.0000
vn -0.9629 -0.0497 -0.2653
vn 0.0001 -0.0000 -1.0000
vn -0.3476 0.0780 -0.9344
vn -0.4666 0.1604 -0.8698
vn -0.3567 0.1273 -0.9255
vn -0.9998 0.0198 -0.0000
vn -0.9448 0.3278 -0.0000
vn -0.9052 0.3124 -0.2883
vn -0.9629 0.0857 -0.2559
vn -0.7972 0.6037 -0.0000
vn -0.7836 0.5549 -0.2794
vn -0.0142 0.9999 -0.0001
vn -0.0771 0.9640 -0.2545
vn -0.2941 0.9134 -0.2815
vn -0.3048 0.9524 -0.0000
vn -0.1504 0.3366 -0.9296
vn -0.1548 0.4775 -0.8649
vn -0.0736 0.3530 -0.9327
vn -0.5688 0.8225 -0.0001
vn -0.4981 0.8298 -0.2518
vn -0.0000 -0.0000 -1.0000
vn 0.3446 -0.0873 -0.9347
vn 0.4747 -0.1828 -0.8610
vn 0.3755 -0.1529 -0.9141
vn 0.9998 -0.0197 -0.0000
vn 0.9448 -0.3278 -0.0001
vn 0.9057 -0.3214 -0.2765
vn 0.9654 -0.0900 -0.2447
vn 0.7971 -0.6038 -0.0001
vn 0.7863 -0.5590 -0.2632
vn -0.0093 -0.9998 -0.0182
vn 0.0011 -0.8798 -0.4754
vn 0.1686 -0.9589 -0.2282
vn 0.2723 -0.9621 -0.0098
vn -0.0984 -0.2837 -0.9539
vn 0.1720 -0.8916 -0.4190
vn 0.5339 -0.8455 -0.0057
vn 0.0736 0.3530 -0.9327
vn 0.1548 0.4776 -0.8649
vn 0.1278 0.3748 -0.9183
vn 0.0142 0.9999 -0.0001
vn 0.3047 0.9524 -0.0000
vn 0.2941 0.9134 -0.2816
vn 0.0771 0.9640 -0.2545
vn 0.5689 0.8224 -0.0000
vn 0.5248 0.8069 -0.2712
vn 0.3157 0.1494 -0.9370
vn 0.4667 0.1604 -0.8698
vn 0.3662 0.1210 -0.9226
vn 0.7972 0.6037 -0.0001
vn 0.9448 0.3278 -0.0000
vn 0.9051 0.3124 -0.2883
vn 0.8089 0.5279 -0.2589
vn 0.9998 0.0197 -0.0001
vn 0.9598 0.0484 -0.2765
vn 0.7972 -0.6037 -0.0000
vn 0.9448 -0.3278 -0.0000
vn 0.9060 -0.3145 0.2833
vn 0.8396 -0.4758 0.2622
vn 0.9639 -0.0866 0.2520
vn 0.2987 -0.2192 0.9288
vn 0.4712 -0.1636 0.8667
vn 0.3475 -0.0788 0.9344
vn 0.0726 -0.3531 0.9328
vn 0.1511 -0.4725 0.8683
vn 0.1233 -0.3670 0.9220
vn 0.0142 -0.9999 -0.0000
vn 0.3047 -0.9524 -0.0000
vn 0.2918 -0.9125 0.2867
vn 0.0761 -0.9630 0.2587
vn 0.5689 -0.8224 -0.0000
vn 0.5232 -0.8055 0.2782
vn 0.0142 0.9999 0.0001
vn 0.0772 0.9642 0.2538
vn 0.2944 0.9135 0.2808
vn 0.3048 0.9524 -0.0000
vn 0.1509 0.3376 0.9291
vn 0.1552 0.4781 0.8645
vn 0.0737 0.3530 0.9327
vn 0.5688 0.8224 -0.0000
vn 0.4983 0.8299 0.2509
vn 0.3477 0.0779 0.9344
vn 0.4660 0.1601 0.8702
vn 0.3560 0.1268 0.9259
vn 0.9998 0.0197 -0.0000
vn 0.9447 0.3278 0.0001
vn 0.9050 0.3122 0.2890
vn 0.9628 0.0856 0.2563
vn 0.7971 0.6038 0.0001
vn 0.7833 0.5548 0.2804
vn -0.0000 -1.0000 0.0001
vn -0.0876 -0.9691 0.2304
vn -0.3681 -0.8877 0.2766
vn -0.3827 -0.9239 0.0001
vn -0.0000 -0.0001 1.0000
vn -0.1708 -0.2960 0.9398
vn -0.1936 -0.4664 0.8631
vn -0.0886 -0.3283 0.9404
vn -0.7071 -0.7071 0.0001
vn -0.6236 -0.7472 0.2297
vn -0.3478 -0.0785 0.9343
vn -0.4699 -0.1625 0.8676
vn -0.3616 -0.1301 0.9232
vn -0.9057 -0.3138 0.2850
vn -0.9635 -0.0863 0.2534
vn -0.7971 -0.6038 0.0001
vn -0.7845 -0.5560 0.2747
vn -0.9060 0.3145 0.2833
vn -0.8396 0.4758 0.2622
vn -0.9998 0.0197 -0.0000
vn -0.9639 0.0866 0.2520
vn -0.2987 0.2192 0.9288
vn -0.4712 0.1636 0.8667
vn -0.3475 0.0788 0.9344
vn -0.0726 0.3532 0.9327
vn -0.1509 0.4725 0.8683
vn -0.1230 0.3670 0.9220
vn -0.0142 0.9999 -0.0000
vn -0.3047 0.9524 -0.0000
vn -0.2918 0.9125 0.2867
vn -0.0761 0.9630 0.2587
vn -0.5688 0.8224 -0.0000
vn -0.5232 0.8055 0.2782
vn -0.1857 -0.7529 0.6314
vn -0.3270 -0.8431 0.4269
vn -0.4908 -0.7926 0.3618
vn -0.2285 -0.9672 0.1108
vn 0.7604 -0.1928 0.6202
vn 0.8419 -0.3453 0.4146
vn 0.8036 -0.4833 0.3473
vn 0.9647 -0.2425 0.1023
vn -0.7604 0.1928 0.6202
vn -0.8419 0.3453 0.4146
vn -0.8036 0.4833 0.3473
vn -0.9647 0.2425 0.1023
vn 0.1857 0.7529 0.6314
vn 0.3270 0.8431 0.4269
vn 0.4908 0.7926 0.3618
vn 0.2285 0.9672 0.1108
vn -0.5641 0.5509 0.6150
vn -0.3139 0.3065 0.8986
vn -0.4224 0.1720 0.8899
vn -0.7084 0.2885 0.6441
vn -0.0002 -0.0000 1.0000
vn -0.4388 -0.0000 0.8986
vn -0.7885 -0.0000 0.6150
vn -0.2963 0.7035 0.6460
vn -0.1762 0.4184 0.8910
vn -0.0001 0.7885 0.6150
vn -0.0001 0.4387 0.8986
vn -0.5641 -0.5509 0.6150
vn -0.3139 -0.3065 0.8986
vn -0.1762 -0.4184 0.8910
vn -0.2963 -0.7035 0.6460
vn -0.0000 -0.4387 0.8986
vn -0.0000 -0.7885 0.6150
vn -0.7084 -0.2885 0.6442
vn -0.4223 -0.1720 0.8900
vn -0.7886 -0.0000 0.6150
vn 0.5641 0.5509 0.6150
vn 0.3139 0.3065 0.8986
vn 0.1762 0.4184 0.8910
vn 0.2963 0.7035 0.6460
vn -0.0000 0.4387 0.8986
vn -0.0000 0.7885 0.6150
vn 0.7084 0.2885 0.6442
vn 0.4223 0.1720 0.8900
vn 0.7886 -0.0000 0.6150
vn 0.4388 -0.0000 0.8986
vn 0.5641 -0.5509 0.6150
vn 0.3139 -0.3065 0.8986
vn 0.4224 -0.1720 0.8899
vn 0.7084 -0.2885 0.6441
vn 0.0002 -0.0000 1.0000
vn 0.7885 -0.0000 0.6150
vn 0.2963 -0.7035 0.6460
vn 0.1762 -0.4184 0.8910
vn 0.0001 -0.7885 0.6150
vn 0.0001 -0.4387 0.8986
vn 0.6921 -0.5177 0.5029
vn 0.3424 -0.3494 0.8722
vn 0.4646 -0.2277 0.8557
vn 0.8107 -0.2481 0.5304
vn -0.5642 0.5509 0.6150
vn -0.3937 0.1157 0.9119
vn -0.2894 0.2834 0.9143
vn -0.3764 -0.0353 0.9258
vn 0.9332 -0.0014 0.3594
vn 0.5584 -0.0441 0.8284
vn 0.4727 -0.6791 0.5616
vn 0.2167 -0.7881 0.5761
vn 0.2088 -0.3675 0.9063
vn 0.2832 -0.2643 0.9219
vn 0.0009 -0.9330 0.3599
vn 0.0301 -0.5016 0.8646
vn -0.1011 0.4007 0.9106
vn 0.0552 0.3657 0.9291
vn -0.2488 0.2877 0.9248
vn 0.4727 0.6791 0.5616
vn 0.3240 0.2571 0.9104
vn 0.2088 0.3677 0.9062
vn 0.2168 0.7881 0.5761
vn -0.5641 -0.5509 0.6151
vn -0.1011 -0.4009 0.9105
vn -0.2940 -0.2847 0.9124
vn 0.0552 -0.3657 0.9291
vn 0.0010 0.9330 0.3598
vn 0.0301 0.5017 0.8645
vn 0.6922 0.5177 0.5028
vn 0.8107 0.2481 0.5304
vn 0.4648 0.2277 0.8556
vn 0.3536 0.3122 0.8817
vn 0.9332 0.0014 0.3594
vn 0.5584 0.0441 0.8284
vn -0.7084 -0.2885 0.6441
vn -0.3937 -0.1157 0.9119
vn -0.3764 0.0352 0.9258
vn -0.2977 -0.2423 0.9234
vn -0.4727 -0.6791 0.5616
vn -0.3240 -0.2571 0.9104
vn -0.2088 -0.3677 0.9062
vn -0.2168 -0.7881 0.5761
vn 0.5641 0.5509 0.6151
vn 0.1011 0.4009 0.9105
vn 0.2940 0.2847 0.9124
vn -0.0552 0.3657 0.9291
vn -0.0010 -0.9330 0.3598
vn -0.0301 -0.5017 0.8645
vn -0.6922 -0.5177 0.5028
vn -0.8107 -0.2481 0.5304
vn -0.4648 -0.2277 0.8556
vn -0.3536 -0.3122 0.8817
vn -0.9332 -0.0014 0.3594
vn -0.5584 -0.0441 0.8284
vn 0.7084 0.2885 0.6441
vn 0.3937 0.1157 0.9119
vn 0.3764 -0.0352 0.9258
vn 0.2977 0.2423 0.9234
vn -0.6921 0.5177 0.5029
vn -0.3424 0.3494 0.8722
vn -0.4646 0.2277 0.8557
vn -0.8107 0.2481 0.5304
vn 0.5642 -0.5509 0.6150
vn 0.3937 -0.1157 0.9119
vn 0.2894 -0.2834 0.9143
vn 0.3764 0.0353 0.9258
vn -0.9332 0.0014 0.3594
vn -0.5584 0.0441 0.8284
vn -0.4727 0.6791 0.5616
vn -0.2167 0.7881 0.5761
vn -0.2088 0.3675 0.9063
vn -0.2832 0.2643 0.9219
vn -0.0009 0.9330 0.3599
vn -0.0301 0.5016 0.8646
vn 0.1011 -0.4007 0.9106
vn -0.0552 -0.3657 0.9291
vn 0.2488 -0.2877 0.9248
vn -0.3382 -0.6370 0.6928
vn -0.0256 -0.8267 0.5621
vn -0.0169 -0.2194 0.9755
vn 0.1828 -0.7031 0.6872
vn 0.2354 0.3359 0.9120
vn 0.1028 0.2898 0.9515
vn 0.0159 0.1123 0.9936
vn 0.5949 -0.2741 0.7556
vn 0.3796 -0.0724 0.9223
vn 0.2050 -0.0221 0.9785
vn -0.3006 0.2283 0.9260
vn -0.2652 0.1073 0.9582
vn -0.1028 0.0172 0.9945
vn -0.5949 0.2741 0.7556
vn -0.3796 0.0724 0.9223
vn -0.2050 0.0221 0.9785
vn 0.3006 -0.2283 0.9260
vn 0.2652 -0.1073 0.9582
vn 0.1028 -0.0172 0.9945
vn 0.3382 0.6370 0.6928
vn 0.0256 0.8267 0.5621
vn 0.0169 0.2194 0.9755
vn -0.1828 0.7031 0.6872
vn -0.2354 -0.3359 0.9120
vn -0.1028 -0.2898 0.9515
vn -0.0159 -0.1123 0.9936
vn -0.2097 -0.1914 0.9589
vn -0.1088 -0.0682 0.9917
vn -0.2433 -0.2829 0.9278
vn 0.1917 -0.2255 0.9552
vn 0.0725 -0.1216 0.9899
vn 0.2823 -0.2730 0.9197
vn -0.1917 0.2255 0.9552
vn -0.0725 0.1216 0.9899
vn -0.2823 0.2730 0.9197
vn 0.2097 0.1914 0.9589
vn 0.1088 0.0682 0.9917
vn 0.2433 0.2829 0.9278
vn 0.5982 0.2492 0.7616
vn 0.8442 0.3140 0.4345
vn 0.7752 0.1306 0.6181
vn 0.3423 0.0650 0.9373
vn 0.9864 0.0442 0.1583
vn 0.5117 -0.0519 0.8576
vn 0.1945 -0.0447 0.9799
vn -0.2724 0.7087 0.6508
vn -0.3048 0.8651 0.3985
vn -0.1307 0.8070 0.5759
vn -0.0792 0.4083 0.9094
vn -0.0344 0.9883 0.1488
vn 0.0557 0.5148 0.8555
vn 0.0400 0.2109 0.9767
vn 0.2723 -0.7087 0.6508
vn 0.3048 -0.8651 0.3985
vn 0.1307 -0.8070 0.5759
vn 0.0792 -0.4083 0.9094
vn 0.0344 -0.9883 0.1488
vn -0.0557 -0.5148 0.8555
vn -0.0400 -0.2109 0.9767
vn -0.5982 -0.2492 0.7616
vn -0.8442 -0.3140 0.4345
vn -0.7752 -0.1306 0.6181
vn -0.3422 -0.0650 0.9374
vn -0.9864 -0.0441 0.1583
vn -0.5117 0.0519 0.8576
vn -0.1944 0.0447 0.9799
vn -0.1596 -0.9858 0.0528
vn -0.2337 -0.9047 0.3563
vn -0.2929 -0.9435 0.1550
vn -0.1290 -0.8014 0.5841
vn 0.1596 0.9858 0.0528
vn 0.2337 0.9047 0.3563
vn 0.2929 0.9435 0.1550
vn 0.1290 0.8014 0.5841
vn 0.0928 0.1633 0.9822
vn 0.4784 0.4414 0.7591
vn 0.6489 0.4776 0.5923
vn 0.3432 0.4516 0.8236
vn 0.9933 0.1157 -0.0016
vn 0.8448 0.4868 0.2221
vn 0.9153 0.0389 0.4009
vn 0.6798 0.5525 0.4823
vn -0.1621 0.0829 0.9833
vn -0.4461 0.4567 0.7697
vn -0.4837 0.6286 0.6091
vn -0.4521 0.3200 0.8326
vn -0.1049 0.9945 -0.0004
vn -0.4916 0.8394 0.2317
vn -0.0314 0.9081 0.4176
vn -0.5562 0.6618 0.5027
vn 0.1621 -0.0829 0.9833
vn 0.4461 -0.4567 0.7697
vn 0.4837 -0.6286 0.6091
vn 0.4521 -0.3200 0.8326
vn 0.1049 -0.9945 -0.0004
vn 0.4916 -0.8394 0.2317
vn 0.0314 -0.9081 0.4176
vn 0.5562 -0.6618 0.5027
vn -0.0928 -0.1633 0.9822
vn -0.4786 -0.4413 0.7591
vn -0.6489 -0.4776 0.5923
vn -0.3432 -0.4516 0.8236
vn -0.9933 -0.1157 -0.0016
vn -0.8448 -0.4868 0.2220
vn -0.9153 -0.0389 0.4010
vn -0.6798 -0.5525 0.4823
vn -0.2427 -0.8762 0.4165
vn -0.1456 -0.9141 0.3785
vn -0.1871 -0.9655 0.1812
vn -0.0460 -0.9953 0.0851
vn 0.8919 -0.2492 0.3774
vn 0.9178 -0.1541 0.3660
vn 0.9678 -0.1779 0.1782
vn 0.9953 -0.0561 0.0791
vn -0.8919 0.2492 0.3774
vn -0.9178 0.1541 0.3660
vn -0.9678 0.1779 0.1782
vn -0.9953 0.0561 0.0791
vn 0.2427 0.8762 0.4165
vn 0.1456 0.9141 0.3785
vn 0.1871 0.9655 0.1812
vn 0.0460 0.9953 0.0851
vn 0.4813 -0.7865 0.3871
vn 0.4141 -0.4849 0.7703
vn 0.4082 -0.7400 0.5346
vn 0.4112 -0.8931 0.1827
vn 0.1566 -0.1475 0.9766
vn 0.3208 -0.7914 0.5204
vn 0.0945 -0.9955 -0.0056
vn -0.4813 0.7865 0.3871
vn -0.4141 0.4849 0.7703
vn -0.4082 0.7400 0.5346
vn -0.4112 0.8931 0.1827
vn -0.1566 0.1475 0.9766
vn -0.3208 0.7914 0.5204
vn -0.0945 0.9955 -0.0056
vn -0.1055 -0.9133 0.3933
vn 0.0137 -0.9837 0.1793
vn -0.0335 -0.8565 0.5151
vn -0.1605 -0.6239 0.7648
vn 0.4138 -0.9103 -0.0123
vn 0.0616 -0.8629 0.5016
vn -0.0731 -0.2269 0.9712
vn 0.1055 0.9133 0.3933
vn -0.0137 0.9837 0.1793
vn 0.0335 0.8565 0.5151
vn 0.1605 0.6239 0.7648
vn -0.4138 0.9103 -0.0123
vn -0.0616 0.8629 0.5016
vn 0.0731 0.2269 0.9712
vn -0.8770 -0.4753 0.0698
vn -0.7706 -0.5304 0.3533
vn -0.9254 -0.2789 0.2567
vn -0.7137 -0.6073 0.3490
vn 0.8650 0.4894 0.1111
vn 0.7288 0.5334 0.4293
vn 0.9036 0.2512 0.3471
vn 0.5818 0.5838 0.5663
vn 0.4667 -0.8809 0.0780
vn 0.5213 -0.7694 0.3692
vn 0.2574 -0.9263 0.2750
vn 0.5930 -0.6918 0.4121
vn -0.4810 0.8687 0.1183
vn -0.5243 0.7275 0.4425
vn -0.2355 0.9016 0.3628
vn -0.5753 0.5667 0.5898
vn -0.4667 0.8809 0.0780
vn -0.5213 0.7694 0.3692
vn -0.2574 0.9263 0.2750
vn -0.5930 0.6918 0.4121
vn 0.4810 -0.8687 0.1184
vn 0.5244 -0.7275 0.4425
vn 0.2356 -0.9016 0.3627
vn 0.5753 -0.5667 0.5897
vn 0.8770 0.4754 0.0698
vn 0.7706 0.5304 0.3533
vn 0.9254 0.2789 0.2567
vn 0.7137 0.6073 0.3490
vn -0.8650 -0.4893 0.1111
vn -0.7288 -0.5334 0.4293
vn -0.9035 -0.2513 0.3471
vn -0.5817 -0.5839 0.5663
vn 0.8086 -0.4782 0.3429
vn 0.6960 -0.4631 0.5487
vn 0.5594 -0.6096 0.5616
vn 0.6439 -0.6859 0.3391
vn 0.1929 -0.2590 0.9464
vn 0.2739 -0.3050 0.9121
vn 0.2162 -0.1956 0.9565
vn 0.4271 -0.8371 0.3420
vn 0.4167 -0.7347 0.5353
vn 0.4271 0.8371 0.3419
vn 0.4168 0.7347 0.5352
vn 0.5595 0.6096 0.5615
vn 0.6439 0.6858 0.3391
vn 0.2161 0.1956 0.9566
vn 0.2738 0.3050 0.9121
vn 0.1929 0.2589 0.9464
vn 0.8086 0.4782 0.3428
vn 0.6961 0.4631 0.5486
vn -0.4271 -0.8371 0.3419
vn -0.4168 -0.7347 0.5352
vn -0.5595 -0.6096 0.5615
vn -0.6439 -0.6858 0.3391
vn -0.2161 -0.1956 0.9566
vn -0.2738 -0.3050 0.9121
vn -0.1929 -0.2589 0.9464
vn -0.8086 -0.4782 0.3428
vn -0.6961 -0.4631 0.5486
vn -0.8086 0.4782 0.3429
vn -0.6960 0.4631 0.5487
vn -0.5594 0.6096 0.5616
vn -0.6439 0.6859 0.3391
vn -0.1929 0.2590 0.9464
vn -0.2739 0.3050 0.9121
vn -0.2162 0.1956 0.9565
vn -0.4271 0.8371 0.3420
vn -0.4167 0.7347 0.5353
vn 0.7456 -0.5241 0.4115
vn 0.8107 -0.2481 0.5303
vn 0.8539 -0.2255 0.4690
vn 0.9374 -0.0016 0.3483
vn 0.0008 -0.9373 0.3485
vn 0.4217 -0.8425 0.3351
vn 0.2013 -0.8725 0.4452
vn 0.0558 -0.9807 0.1874
vn 0.0557 0.9807 0.1874
vn 0.4217 0.8425 0.3351
vn 0.2013 0.8725 0.4452
vn 0.0008 0.9373 0.3485
vn 0.9374 0.0016 0.3483
vn 0.8107 0.2481 0.5303
vn 0.8539 0.2254 0.4690
vn 0.7456 0.5241 0.4115
vn -0.0557 -0.9807 0.1874
vn -0.4217 -0.8425 0.3351
vn -0.2013 -0.8725 0.4452
vn -0.0008 -0.9373 0.3485
vn -0.9374 -0.0016 0.3483
vn -0.8107 -0.2481 0.5303
vn -0.8539 -0.2254 0.4690
vn -0.7456 -0.5241 0.4115
vn -0.7456 0.5241 0.4115
vn -0.8107 0.2481 0.5303
vn -0.8539 0.2255 0.4690
vn -0.9374 0.0016 0.3483
vn -0.0008 0.9373 0.3485
vn -0.4217 0.8425 0.3351
vn -0.2013 0.8725 0.4452
vn -0.0558 0.9807 0.1874
vn -0.3571 0.5918 0.7227
vn -0.9482 -0.0601 0.3121
vn -0.1036 -0.9410 0.3223
vn -0.2538 0.9488 0.1881
vn 0.3571 -0.5918 0.7227
vn 0.9482 0.0601 0.3121
vn 0.1036 0.9410 0.3223
vn 0.2538 -0.9488 0.1881
vn 0.7642 -0.4681 0.4438
vn 0.6439 -0.6858 0.3391
vn 0.6222 -0.7130 0.3234
vn 0.3968 -0.7882 0.4704
vn 0.3968 0.7882 0.4704
vn 0.6222 0.7130 0.3234
vn 0.7642 0.4681 0.4438
vn -0.3968 -0.7882 0.4704
vn -0.6222 -0.7130 0.3234
vn -0.7642 -0.4681 0.4438
vn -0.7642 0.4681 0.4438
vn -0.6439 0.6858 0.3391
vn -0.6222 0.7130 0.3234
vn -0.3968 0.7882 0.4704
vn 0.2641 -0.1746 0.9486
vn 0.5943 -0.7367 0.3226
vn 0.6914 -0.7219 -0.0290
vn 0.0022 -1.0000 -0.0085
vn 0.2935 -0.9557 -0.0218
vn 0.5515 -0.8342 -0.0032
vn 0.0542 -0.5726 -0.8180
vn -0.1052 -0.7721 -0.6268
vn 0.4616 -0.8871 -0.0011
vn -0.1202 0.1072 -0.9869
vn 0.2908 0.0111 -0.9567
vn 0.8796 -0.4407 -0.1790
vn 0.8170 -0.5758 0.0300
vn 0.9998 -0.0198 -0.0000
vn 0.2640 0.1704 -0.9493
vn 0.5921 0.7402 -0.3187
vn 0.6917 0.7216 0.0289
vn 0.0143 0.9999 -0.0000
vn 0.5688 0.8225 -0.0000
vn 0.1657 0.2709 0.9482
vn 0.7077 0.6273 0.3250
vn 0.6917 0.7216 -0.0289
vn 0.9998 0.0198 -0.0000
vn 0.7972 0.6037 -0.0000
vn 0.0835 0.0487 -0.9953
vn -0.4324 -0.0816 -0.8980
vn -0.6596 -0.7396 -0.1337
vn -0.7526 -0.6584 0.0065
vn -0.0642 -0.4274 -0.9018
vn 0.1467 -0.7460 -0.6496
vn 0.0112 -0.9999 -0.0086
vn -0.3754 -0.9269 0.0036
vn -0.7071 -0.7072 -0.0000
vn -0.2461 -0.2547 0.9352
vn -0.7254 -0.5895 0.3555
vn -0.7539 -0.6570 -0.0055
vn -0.9448 -0.3278 -0.0000
vn -0.7972 -0.6037 -0.0000
vn -0.2640 0.1746 0.9486
vn -0.5943 0.7368 0.3225
vn -0.6914 0.7219 -0.0290
vn -0.0143 0.9999 -0.0000
vn -0.5688 0.8225 -0.0000
vn -0.1654 0.2710 -0.9483
vn -0.7080 0.6271 -0.3247
vn -0.6917 0.7216 0.0289
vn -0.0004 -0.2559 -0.9667
vn 0.0524 -0.8682 -0.4935
vn 0.0064 -0.9998 -0.0177
vn 0.0059 -0.3797 0.9251
vn 0.0033 -0.9251 0.3798
vn 0.0071 -1.0000 -0.0000
vn -1.0000 -0.0000 0.0004
vn -0.9272 0.0091 -0.3744
vn -0.3744 -0.0090 -0.9272
vn -0.0000 1.0000 0.0002
vn 0.0066 0.9263 -0.3768
vn -0.0065 0.3767 -0.9263
vn -0.0000 0.0001 -1.0000
vn 1.0000 -0.0000 0.0005
vn 0.9272 -0.0091 -0.3743
vn 0.3742 0.0090 -0.9273
vn -0.3743 -0.0089 0.9273
vn -0.9272 0.0091 0.3745
vn -1.0000 -0.0000 -0.0004
vn -0.0065 0.3768 0.9263
vn 0.0066 0.9263 0.3767
vn -0.0000 1.0000 -0.0002
vn 0.3742 0.0090 0.9273
vn 0.9272 -0.0091 0.3744
vn 1.0000 -0.0000 -0.0004
vn -0.0001 0.0001 1.0000
vn 0.0001 -0.0001 1.0000
vn -0.0029 0.0077 1.0000
vn -0.0821 -0.4248 0.9016
vn -0.1492 -0.8045 0.5749
vn 0.2812 0.4253 0.8603
vn 0.0406 0.6290 0.7764
vn 0.4123 -0.0772 0.9078
vn 0.7528 -0.1520 0.6405
vn -0.4115 0.2920 0.8634
vn -0.5961 0.0226 0.8026
vn -0.4123 0.0772 0.9078
vn -0.7528 0.1520 0.6405
vn 0.4115 -0.2920 0.8634
vn 0.5961 -0.0226 0.8026
vn 0.0029 -0.0077 1.0000
vn 0.0821 0.4248 0.9016
vn 0.1492 0.8045 0.5749
vn -0.2812 -0.4253 0.8602
vn -0.0405 -0.6290 0.7763
vn -0.2001 -0.1701 0.9649
vn -0.2419 -0.2574 0.9355
vn -0.3947 -0.4463 0.8031
vn -0.4307 -0.2835 0.8568
vn -0.1682 -0.2649 0.9495
vn -0.2962 -0.4746 0.8289
vn 0.1862 0.1826 0.9654
vn 0.2994 0.2104 0.9306
vn 0.3932 0.4486 0.8026
vn 0.5238 0.3838 0.7605
vn 0.0001 0.0001 1.0000
vn 0.1731 0.2772 0.9451
vn 0.2970 0.4753 0.8282
vn 0.1710 -0.2059 0.9635
vn 0.2527 -0.2512 0.9344
vn 0.4462 -0.4016 0.7998
vn 0.2993 -0.4432 0.8450
vn 0.2673 -0.1753 0.9475
vn 0.4714 -0.3027 0.8283
vn -0.0000 0.0001 1.0000
vn -0.1743 0.1893 0.9663
vn -0.2115 0.3063 0.9281
vn -0.4393 0.3947 0.8070
vn -0.3856 0.5385 0.7492
vn -0.2690 0.1732 0.9474
vn -0.4648 0.2985 0.8336
vn -0.1710 0.2059 0.9635
vn -0.2527 0.2512 0.9344
vn -0.4462 0.4016 0.7998
vn -0.2993 0.4432 0.8450
vn -0.2673 0.1753 0.9475
vn -0.4714 0.3027 0.8283
vn 0.1743 -0.1894 0.9663
vn 0.2115 -0.3063 0.9281
vn 0.4393 -0.3947 0.8070
vn 0.3856 -0.5385 0.7493
vn 0.2690 -0.1732 0.9474
vn 0.4648 -0.2985 0.8336
vn 0.2001 0.1701 0.9649
vn 0.2419 0.2574 0.9355
vn 0.3947 0.4463 0.8031
vn 0.4307 0.2835 0.8568
vn 0.1682 0.2649 0.9495
vn 0.2962 0.4746 0.8289
vn -0.1862 -0.1826 0.9654
vn -0.2994 -0.2104 0.9306
vn -0.3931 -0.4485 0.8027
vn -0.5237 -0.3837 0.7605
vn -0.0001 -0.0001 1.0000
vn -0.1731 -0.2772 0.9451
vn -0.2971 -0.4753 0.8282
vn -0.2047 -0.3313 0.9210
vn 0.0385 -0.4757 0.8788
vn 0.3173 0.4016 0.8591
vn -0.0077 0.6546 0.7560
vn 0.3333 -0.2040 0.9205
vn 0.4672 0.0319 0.8836
vn -0.3925 0.3170 0.8634
vn -0.6427 0.0010 0.7661
vn -0.3333 0.2040 0.9205
vn -0.4672 -0.0319 0.8836
vn 0.3925 -0.3170 0.8634
vn 0.6427 -0.0010 0.7661
vn 0.2047 0.3313 0.9210
vn -0.0385 0.4757 0.8788
vn -0.3173 -0.4016 0.8591
vn 0.0077 -0.6546 0.7559
vn 0.0844 -0.0514 0.9951
vn -0.0160 -0.0109 0.9998
vn 0.4723 0.0976 0.8760
vn 0.4796 0.0048 0.8775
vn 0.6041 0.3000 0.7383
vn 0.0484 0.0851 0.9952
vn 0.0004 0.7383 0.6745
vn -0.4604 0.5039 0.7308
vn 0.0203 0.5901 0.8071
vn -0.3402 0.6704 0.6594
vn -0.2723 0.7087 0.6509
vn -0.0028 -0.0353 0.9994
vn -0.0484 -0.0850 0.9952
vn -0.0004 -0.7383 0.6745
vn 0.4604 -0.5039 0.7309
vn -0.0203 -0.5901 0.8071
vn 0.3404 -0.6703 0.6594
vn 0.2724 -0.7087 0.6509
vn 0.0029 0.0353 0.9994
vn -0.0844 0.0514 0.9951
vn 0.0160 0.0109 0.9998
vn -0.4723 -0.0976 0.8760
vn -0.4796 -0.0048 0.8775
vn -0.6041 -0.3000 0.7383
vn -0.5981 -0.2492 0.7617
vn -0.5823 0.8129 -0.0123
vn -0.4923 0.8598 0.1354
vn -0.5558 0.5710 0.6042
vn -0.5984 0.7379 0.3122
vn -0.2550 0.3668 0.8947
vn -0.1909 0.2017 0.9607
vn -0.1005 0.0984 0.9901
vn -0.8202 -0.5719 -0.0124
vn -0.8648 -0.4829 0.1375
vn -0.5786 -0.5505 0.6018
vn -0.7455 -0.5889 0.3122
vn -0.3696 -0.2503 0.8948
vn -0.2050 -0.1889 0.9603
vn -0.1002 -0.0995 0.9900
vn 0.8202 0.5719 -0.0124
vn 0.8648 0.4829 0.1375
vn 0.5786 0.5505 0.6018
vn 0.7455 0.5889 0.3122
vn 0.3696 0.2503 0.8948
vn 0.2050 0.1889 0.9603
vn 0.1002 0.0995 0.9900
vn 0.5823 -0.8129 -0.0123
vn 0.4923 -0.8598 0.1354
vn 0.5558 -0.5710 0.6042
vn 0.5984 -0.7379 0.3122
vn 0.2550 -0.3668 0.8947
vn 0.1909 -0.2017 0.9607
vn 0.1005 -0.0984 0.9901
vn 0.1251 -0.0467 0.9910
vn 0.2509 -0.0816 0.9646
vn 0.6963 -0.2086 0.6868
vn 0.6683 -0.1807 0.7216
vn 0.9901 -0.0590 0.1273
vn 0.9869 -0.1610 -0.0115
vn 0.0481 0.1245 0.9911
vn 0.0846 0.2496 0.9646
vn 0.2130 0.6932 0.6886
vn 0.1891 0.6660 0.7216
vn 0.0683 0.9899 0.1240
vn 0.1735 0.9848 -0.0116
vn -0.0481 -0.1245 0.9911
vn -0.0846 -0.2496 0.9646
vn -0.2130 -0.6932 0.6886
vn -0.1891 -0.6660 0.7216
vn -0.0683 -0.9899 0.1240
vn -0.1735 -0.9848 -0.0116
vn -0.1251 0.0467 0.9910
vn -0.2509 0.0816 0.9646
vn -0.6963 0.2086 0.6868
vn -0.6683 0.1807 0.7216
vn -0.9901 0.0589 0.1274
vn -0.9869 0.1610 -0.0115
vn -0.9868 0.1614 -0.0114
vn -0.9360 0.3517 -0.0113
vn -0.8628 0.3718 0.3426
vn -0.9127 0.1932 0.3601
vn -0.4270 0.0866 0.9001
vn -0.3386 0.0755 0.9379
vn -0.1273 0.0483 0.9907
vn -0.8494 0.5276 -0.0115
vn -0.7736 0.5332 0.3423
vn -0.3173 0.1397 0.9380
vn -0.1738 -0.9847 -0.0113
vn -0.3636 -0.9315 -0.0113
vn -0.3827 -0.8580 0.3426
vn -0.2051 -0.9104 0.3594
vn -0.0914 -0.4266 0.8998
vn -0.0799 -0.3377 0.9379
vn -0.0497 -0.1259 0.9908
vn -0.5383 -0.8427 -0.0115
vn -0.5430 -0.7668 0.3424
vn -0.1437 -0.3155 0.9380
vn 0.1738 0.9847 -0.0113
vn 0.3636 0.9315 -0.0113
vn 0.3827 0.8580 0.3426
vn 0.2051 0.9104 0.3594
vn 0.0914 0.4266 0.8998
vn 0.0799 0.3377 0.9379
vn 0.0497 0.1259 0.9908
vn 0.5383 0.8427 -0.0115
vn 0.5430 0.7668 0.3424
vn 0.1437 0.3155 0.9380
vn 0.9868 -0.1614 -0.0113
vn 0.9360 -0.3517 -0.0113
vn 0.8628 -0.3718 0.3426
vn 0.9127 -0.1932 0.3601
vn 0.4270 -0.0866 0.9001
vn 0.3386 -0.0755 0.9379
vn 0.1273 -0.0483 0.9907
vn 0.8494 -0.5276 -0.0115
vn 0.7736 -0.5332 0.3423
vn 0.3173 -0.1397 0.9380
vn 0.0947 -0.0852 0.9919
vn 0.2178 -0.2700 0.9379
vn 0.2548 -0.3685 0.8940
vn 0.5986 -0.7371 0.3136
vn 0.7157 -0.6087 0.3425
vn 0.7302 -0.6832 -0.0114
vn 0.5821 -0.8130 -0.0124
vn 0.2659 -0.2225 0.9380
vn 0.8208 -0.4572 0.3424
vn 0.0929 0.0962 0.9910
vn 0.2728 0.2144 0.9379
vn 0.3717 0.2500 0.8941
vn 0.7447 0.5893 0.3134
vn 0.6177 0.7079 0.3426
vn 0.6924 0.7215 -0.0113
vn 0.8204 0.5717 -0.0123
vn 0.2258 0.2630 0.9380
vn 0.4676 0.8150 0.3423
vn 0.5384 0.8426 -0.0115
vn -0.0929 -0.0962 0.9910
vn -0.2728 -0.2144 0.9379
vn -0.3717 -0.2500 0.8941
vn -0.7447 -0.5893 0.3134
vn -0.6177 -0.7079 0.3426
vn -0.6924 -0.7215 -0.0113
vn -0.8204 -0.5717 -0.0123
vn -0.2258 -0.2630 0.9380
vn -0.4676 -0.8150 0.3423
vn -0.5384 -0.8426 -0.0115
vn -0.0947 0.0852 0.9919
vn -0.2178 0.2700 0.9379
vn -0.2548 0.3685 0.8940
vn -0.5986 0.7371 0.3136
vn -0.7157 0.6087 0.3425
vn -0.7302 0.6832 -0.0114
vn -0.5821 0.8130 -0.0124
vn -0.2659 0.2225 0.9380
vn -0.8208 0.4572 0.3424
vn -0.7302 0.6832 -0.0113
vn -0.6549 0.6737 0.3425
vn -0.2838 0.1994 0.9379
vn -0.6924 -0.7214 -0.0114
vn -0.6819 -0.6462 0.3426
vn -0.2029 -0.2814 0.9379
vn 0.6924 0.7214 -0.0114
vn 0.6819 0.6462 0.3426
vn 0.2029 0.2814 0.9379
vn 0.7302 -0.6832 -0.0113
vn 0.6549 -0.6737 0.3425
vn 0.2838 -0.1994 0.9379
vn 0.3045 -0.1661 0.9379
vn 0.8941 -0.2885 0.3425
vn 0.9360 -0.3518 -0.0113
vn 0.1700 0.3024 0.9379
vn 0.2998 0.8904 0.3424
vn 0.3636 0.9315 -0.0114
vn -0.1700 -0.3024 0.9379
vn -0.2998 -0.8904 0.3424
vn -0.3636 -0.9315 -0.0114
vn -0.3045 0.1661 0.9379
vn -0.8941 0.2885 0.3425
vn -0.9360 0.3518 -0.0113
vn -0.9838 0.0884 0.1562
vn -0.6558 0.2000 0.7279
vn -0.2553 0.0839 0.9632
vn -0.0966 -0.9836 0.1522
vn -0.2017 -0.6532 0.7298
vn -0.0868 -0.2526 0.9637
vn 0.0966 0.9836 0.1522
vn 0.2017 0.6532 0.7298
vn 0.0868 0.2526 0.9637
vn 0.9838 -0.0884 0.1562
vn 0.6558 -0.2000 0.7280
vn 0.2553 -0.0839 0.9632
vn 0.1792 -0.1764 0.9679
vn 0.4577 -0.5331 0.7116
vn 0.4859 -0.8652 0.1241
vn 0.1912 0.1822 0.9645
vn 0.5471 0.4661 0.6953
vn 0.8709 0.4751 0.1255
vn -0.1912 -0.1822 0.9645
vn -0.5471 -0.4661 0.6953
vn -0.8709 -0.4751 0.1255
vn -0.1792 0.1764 0.9679
vn -0.4577 0.5331 0.7116
vn -0.4859 0.8652 0.1241
vn 0.0391 0.1517 0.9877
vn 0.0353 0.2936 0.9553
vn -0.2059 0.6892 0.6947
vn -0.3236 0.5515 0.7689
vn -0.4499 0.7409 0.4987
vn -0.3049 0.8602 0.4087
vn -0.0818 0.9610 -0.2642
vn -0.5766 0.8169 -0.0139
vn -0.1620 0.0372 0.9861
vn -0.3127 0.0297 0.9494
vn -0.7063 -0.2081 0.6767
vn -0.5657 -0.3279 0.7566
vn -0.7509 -0.4479 0.4853
vn -0.8693 -0.3002 0.3926
vn -0.9625 -0.1024 -0.2511
vn -0.8239 -0.5665 -0.0146
vn 0.1620 -0.0372 0.9861
vn 0.3127 -0.0297 0.9494
vn 0.7063 0.2081 0.6767
vn 0.5657 0.3279 0.7566
vn 0.7509 0.4479 0.4853
vn 0.8693 0.3002 0.3926
vn 0.9625 0.1024 -0.2511
vn 0.8239 0.5665 -0.0146
vn -0.0391 -0.1517 0.9877
vn -0.0353 -0.2936 0.9553
vn 0.2059 -0.6892 0.6947
vn 0.3236 -0.5515 0.7689
vn 0.4499 -0.7409 0.4987
vn 0.3049 -0.8602 0.4087
vn 0.0818 -0.9610 -0.2642
vn 0.5766 -0.8169 -0.0139
vn 0.9878 -0.1550 -0.0121
vn 0.8467 -0.0558 0.5291
vn 0.5908 -0.0051 0.8068
vn 0.0388 0.0904 0.9952
vn 0.9819 0.1882 0.0207
vn 0.8448 0.4868 0.2220
vn 0.6798 0.5525 0.4822
vn 0.1673 0.9858 -0.0116
vn 0.0658 0.8381 0.5415
vn 0.0032 0.5771 0.8167
vn -0.0888 0.0337 0.9955
vn -0.1787 0.9837 0.0216
vn -0.4916 0.8395 0.2316
vn -0.5562 0.6618 0.5026
vn -0.1673 -0.9858 -0.0116
vn -0.0658 -0.8381 0.5415
vn -0.0032 -0.5771 0.8167
vn 0.0888 -0.0337 0.9955
vn 0.1787 -0.9837 0.0216
vn 0.4916 -0.8395 0.2316
vn 0.5562 -0.6618 0.5026
vn -0.9878 0.1550 -0.0121
vn -0.8467 0.0558 0.5291
vn -0.5909 0.0051 0.8068
vn -0.0388 -0.0904 0.9952
vn -0.9819 -0.1881 0.0207
vn -0.8449 -0.4867 0.2220
vn -0.6799 -0.5525 0.4822
vn -0.2236 -0.9637 0.1458
vn -0.2825 -0.8890 0.3605
vn -0.2276 -0.6943 0.6828
vn 0.9616 -0.2373 0.1378
vn 0.8907 -0.2971 0.3442
vn 0.7030 -0.2364 0.6707
vn -0.9616 0.2373 0.1378
vn -0.8907 0.2971 0.3442
vn -0.7030 0.2364 0.6707
vn 0.2236 0.9637 0.1458
vn 0.2825 0.8890 0.3605
vn 0.2276 0.6943 0.6828
vn -0.0756 -0.0950 0.9926
vn -0.4119 0.0987 0.9059
vn -0.6059 0.0287 0.7950
vn -0.8451 0.0559 0.5317
vn -0.8137 0.3645 0.4528
vn -0.9360 0.3518 -0.0107
vn -0.9879 0.1549 -0.0123
vn -0.3908 0.1725 0.9042
vn -0.7253 0.5247 0.4458
vn -0.8495 0.5275 -0.0110
vn 0.0923 -0.0672 0.9935
vn -0.1053 -0.4210 0.9009
vn -0.0277 -0.6040 0.7965
vn -0.0706 -0.8435 0.5324
vn -0.3788 -0.8128 0.4426
vn -0.3636 -0.9315 -0.0111
vn -0.1687 -0.9856 -0.0121
vn -0.1812 -0.3993 0.8987
vn -0.5389 -0.7220 0.4340
vn -0.5382 -0.8427 -0.0114
vn -0.0923 0.0672 0.9935
vn 0.1053 0.4210 0.9009
vn 0.0277 0.6040 0.7965
vn 0.0706 0.8435 0.5324
vn 0.3788 0.8128 0.4426
vn 0.3636 0.9315 -0.0111
vn 0.1687 0.9856 -0.0121
vn 0.1812 0.3993 0.8987
vn 0.5389 0.7220 0.4340
vn 0.5382 0.8427 -0.0114
vn 0.0756 0.0950 0.9926
vn 0.4119 -0.0987 0.9059
vn 0.6058 -0.0287 0.7951
vn 0.8451 -0.0559 0.5317
vn 0.8137 -0.3645 0.4528
vn 0.9360 -0.3518 -0.0107
vn 0.9879 -0.1549 -0.0123
vn 0.3908 -0.1725 0.9042
vn 0.7253 -0.5247 0.4458
vn 0.8495 -0.5275 -0.0110
vn 0.5770 -0.8166 -0.0142
vn 0.7303 -0.6830 -0.0124
vn 0.6988 -0.5865 0.4095
vn 0.4309 -0.7594 0.4875
vn 0.3350 -0.5474 0.7669
vn 0.3132 -0.3575 0.8798
vn -0.0527 -0.1146 0.9920
vn 0.8495 -0.5275 -0.0121
vn 0.7962 -0.4355 0.4200
vn 0.3655 -0.2836 0.8866
vn 0.8248 0.5653 -0.0141
vn 0.6923 0.7215 -0.0122
vn 0.5952 0.6878 0.4156
vn 0.7643 0.4211 0.4884
vn 0.5416 0.3250 0.7753
vn 0.3546 0.3049 0.8839
vn 0.1223 -0.0529 0.9911
vn 0.5382 0.8427 -0.0119
vn 0.4458 0.7864 0.4277
vn 0.2816 0.3558 0.8911
vn -0.8248 -0.5653 -0.0141
vn -0.6923 -0.7215 -0.0122
vn -0.5952 -0.6878 0.4156
vn -0.7643 -0.4211 0.4884
vn -0.5416 -0.3250 0.7753
vn -0.3546 -0.3049 0.8839
vn -0.1223 0.0529 0.9911
vn -0.5382 -0.8427 -0.0119
vn -0.4458 -0.7864 0.4277
vn -0.2816 -0.3558 0.8911
vn -0.5770 0.8166 -0.0142
vn -0.7303 0.6830 -0.0124
vn -0.6988 0.5865 0.4095
vn -0.4309 0.7594 0.4875
vn -0.3350 0.5474 0.7669
vn -0.3132 0.3575 0.8798
vn 0.0527 0.1146 0.9920
vn -0.8495 0.5275 -0.0121
vn -0.7962 0.4355 0.4200
vn -0.3655 0.2836 0.8866
vn -0.7687 -0.6258 0.1322
vn -0.6473 -0.7406 0.1803
vn -0.5634 -0.6206 0.5454
vn -0.6794 -0.6514 0.3378
vn -0.4183 -0.5227 0.7428
vn -0.5382 -0.5107 0.6705
vn -0.5167 -0.8329 0.1982
vn -0.4367 -0.6981 0.5674
vn -0.3435 -0.5484 0.7624
vn 0.7678 0.6151 0.1792
vn 0.6718 0.7108 0.2084
vn 0.5782 0.5953 0.5580
vn 0.6624 0.6136 0.4297
vn 0.4473 0.4597 0.7672
vn 0.4827 0.4753 0.7356
vn 0.5587 0.8057 0.1966
vn 0.5421 0.7087 0.4515
vn 0.4187 0.5055 0.7545
vn 0.6139 -0.7766 0.1413
vn 0.7268 -0.6613 0.1855
vn 0.6088 -0.5734 0.5483
vn 0.6355 -0.6848 0.3566
vn 0.5054 -0.4301 0.7481
vn 0.4982 -0.5327 0.6841
vn 0.8214 -0.5349 0.1977
vn 0.6887 -0.4521 0.5669
vn 0.5365 -0.3641 0.7613
vn -0.6033 0.7752 0.1875
vn -0.6966 0.6850 0.2133
vn -0.5832 0.5884 0.5600
vn -0.5979 0.6662 0.4458
vn -0.4414 0.4584 0.7714
vn -0.4611 0.4789 0.7471
vn -0.7932 0.5765 0.1960
vn -0.6918 0.5650 0.4497
vn -0.4909 0.4402 0.7518
vn -0.6139 0.7766 0.1413
vn -0.7268 0.6613 0.1855
vn -0.6088 0.5734 0.5483
vn -0.6355 0.6848 0.3566
vn -0.5054 0.4301 0.7481
vn -0.4982 0.5327 0.6841
vn -0.8214 0.5349 0.1977
vn -0.6887 0.4521 0.5669
vn -0.5365 0.3641 0.7613
vn 0.6033 -0.7752 0.1875
vn 0.6966 -0.6850 0.2133
vn 0.5832 -0.5884 0.5600
vn 0.5979 -0.6662 0.4458
vn 0.4414 -0.4584 0.7714
vn 0.4611 -0.4789 0.7470
vn 0.7932 -0.5765 0.1960
vn 0.6918 -0.5650 0.4497
vn 0.4909 -0.4402 0.7518
vn 0.7687 0.6258 0.1321
vn 0.6473 0.7406 0.1804
vn 0.5634 0.6206 0.5454
vn 0.6794 0.6514 0.3378
vn 0.4183 0.5227 0.7429
vn 0.5382 0.5107 0.6705
vn 0.5167 0.8329 0.1982
vn 0.4367 0.6981 0.5674
vn 0.3435 0.5484 0.7624
vn -0.7678 -0.6151 0.1792
vn -0.6718 -0.7108 0.2083
vn -0.5782 -0.5953 0.5580
vn -0.6624 -0.6136 0.4298
vn -0.4473 -0.4597 0.7672
vn -0.4827 -0.4753 0.7356
vn -0.5587 -0.8057 0.1966
vn -0.5421 -0.7087 0.4515
vn -0.4187 -0.5055 0.7545
vn -0.3646 0.2484 0.8974
vn -0.6099 0.6688 0.4251
vn -0.7303 0.6830 -0.0114
vn -0.2599 -0.3731 0.8906
vn -0.6827 -0.6040 0.4112
vn -0.6921 -0.7217 -0.0119
vn 0.2599 0.3731 0.8906
vn 0.6827 0.6040 0.4112
vn 0.6921 0.7217 -0.0119
vn 0.3646 -0.2484 0.8974
vn 0.6099 -0.6688 0.4251
vn 0.7303 -0.6830 -0.0114
vn 0.9361 -0.3516 -0.0116
vn 0.8625 -0.2705 0.4278
vn 0.4040 -0.2031 0.8919
vn 0.3635 0.9315 -0.0113
vn 0.2820 0.8539 0.4373
vn 0.2024 0.3927 0.8971
vn -0.3635 -0.9315 -0.0113
vn -0.2820 -0.8539 0.4373
vn -0.2024 -0.3927 0.8971
vn -0.9361 0.3516 -0.0116
vn -0.8625 0.2705 0.4278
vn -0.4040 0.2031 0.8919
vn -0.3765 -0.9072 0.1875
vn -0.3760 -0.8146 0.4417
vn -0.2859 -0.6000 0.7472
vn 0.4127 0.8971 0.1581
vn 0.4466 0.8081 0.3842
vn 0.3557 0.6063 0.7113
vn 0.9007 -0.3944 0.1820
vn 0.8091 -0.3992 0.4312
vn 0.5981 -0.3063 0.7406
vn -0.8894 0.4311 0.1519
vn -0.8003 0.4709 0.3713
vn -0.6032 0.3777 0.7025
vn -0.9007 0.3944 0.1820
vn -0.8091 0.3992 0.4312
vn -0.5981 0.3063 0.7406
vn 0.8894 -0.4311 0.1519
vn 0.8003 -0.4709 0.3713
vn 0.6032 -0.3777 0.7025
vn 0.3765 0.9072 0.1875
vn 0.3760 0.8146 0.4417
vn 0.2859 0.6000 0.7472
vn -0.4127 -0.8971 0.1581
vn -0.4466 -0.8081 0.3842
vn -0.3557 -0.6063 0.7113
vn -0.1645 -0.1583 0.9736
vn -0.7385 -0.2230 0.6363
vn -0.8688 -0.0752 0.4895
vn -0.8686 -0.3717 -0.3276
vn 0.4111 -0.8931 0.1827
vn 0.1630 -0.9865 0.0167
vn -0.4111 0.8931 0.1827
vn -0.1630 0.9865 0.0167
vn 0.1644 0.1583 0.9736
vn 0.7384 0.2230 0.6364
vn 0.8688 0.0752 0.4894
vn 0.8686 0.3717 -0.3277
vn 0.2729 -0.9619 0.0187
vn -0.1054 -0.9133 0.3933
vn 0.9403 -0.0345 -0.3386
vn 0.9216 0.1989 0.3334
vn 0.8224 0.0233 0.5684
vn 0.2412 -0.0692 0.9680
vn -0.9403 0.0345 -0.3386
vn -0.9216 -0.1989 0.3334
vn -0.8224 -0.0233 0.5684
vn -0.2412 0.0692 0.9680
vn -0.2729 0.9619 0.0187
vn 0.1054 0.9133 0.3933
vn 0.5886 -0.6182 0.5210
vn 0.3700 -0.3658 0.8540
vn -0.3210 0.3167 0.8925
vn 0.5886 0.6182 0.5210
vn 0.3699 0.3658 0.8540
vn -0.3209 -0.3167 0.8926
vn -0.5641 -0.5510 0.6150
vn -0.5886 -0.6182 0.5210
vn -0.3699 -0.3658 0.8540
vn 0.3209 0.3167 0.8926
vn 0.5641 0.5510 0.6150
vn -0.5886 0.6182 0.5210
vn -0.3700 0.3658 0.8540
vn 0.3210 -0.3167 0.8925
vn -0.0000 -0.9330 0.3598
vn -0.0000 -0.7028 0.7114
vn -0.0000 0.4659 0.8849
vn -0.9332 -0.0000 0.3595
vn -0.7031 -0.0000 0.7111
vn 0.4658 -0.0000 0.8849
vn -0.0000 0.9330 0.3598
vn -0.0000 0.7028 0.7114
vn -0.0000 -0.4659 0.8849
vn 0.9332 -0.0000 0.3595
vn 0.7031 -0.0000 0.7111
vn -0.4658 -0.0000 0.8849
vn -0.0000 0.7886 0.6150
vn -0.0000 -0.7886 0.6150
vn -0.5642 -0.5509 0.6150
vn 0.5642 0.5509 0.6150
vn 0.1625 -0.0527 0.9853
vn 0.8243 -0.2076 0.5268
vn 0.9259 -0.2574 0.2766
vn 0.1375 -0.2117 0.9676
vn 0.0828 -0.8194 0.5673
vn 0.2257 -0.9315 0.2854
vn 0.0412 0.1987 0.9792
vn 0.2007 0.8298 0.5207
vn 0.2256 0.9315 0.2854
vn 0.1715 0.1470 0.9742
vn 0.8146 0.0869 0.5734
vn 0.9259 0.2575 0.2766
vn -0.0412 -0.1987 0.9792
vn -0.2007 -0.8298 0.5207
vn -0.2256 -0.9315 0.2854
vn -0.1715 -0.1470 0.9742
vn -0.8146 -0.0869 0.5734
vn -0.9259 -0.2575 0.2766
vn -0.1625 0.0527 0.9853
vn -0.8243 0.2076 0.5268
vn -0.9259 0.2574 0.2766
vn -0.1375 0.2117 0.9676
vn -0.0828 0.8194 0.5673
vn -0.2257 0.9315 0.2854
vn 0.0007 -0.3219 0.9468
vn -0.0007 -0.7813 0.6242
vn -0.0000 -0.9415 0.3371
vn -0.3218 -0.0010 0.9468
vn -0.7816 0.0010 0.6238
vn -0.9414 -0.0000 0.3372
vn -0.0008 0.3218 0.9468
vn 0.0008 0.7813 0.6241
vn -0.0000 0.9415 0.3371
vn 0.3218 0.0010 0.9468
vn 0.7816 -0.0010 0.6238
vn 0.9414 -0.0000 0.3372
vn 0.4560 -0.5766 0.6780
vn 0.4560 0.5766 0.6780
vn -0.4560 -0.5766 0.6780
vn -0.4560 0.5766 0.6780
vn -0.4861 0.8319 0.2678
vn -0.2898 0.3579 0.8877
vn -0.1618 0.1785 0.9705
vn -0.0406 0.1831 0.9823
vn 0.0911 0.6380 0.7646
vn -0.6167 0.3465 0.7068
vn -0.8353 -0.4778 0.2720
vn -0.3621 -0.2869 0.8869
vn -0.1790 -0.1596 0.9708
vn -0.1722 -0.0392 0.9843
vn -0.6270 0.0902 0.7738
vn -0.3519 -0.6209 0.7005
vn 0.8353 0.4778 0.2720
vn 0.3621 0.2869 0.8869
vn 0.1790 0.1596 0.9708
vn 0.1722 0.0392 0.9843
vn 0.6270 -0.0902 0.7738
vn 0.3519 0.6209 0.7005
vn 0.4861 -0.8319 0.2678
vn 0.2898 -0.3579 0.8877
vn 0.1618 -0.1785 0.9705
vn 0.0406 -0.1831 0.9823
vn -0.0911 -0.6380 0.7646
vn 0.6167 -0.3465 0.7068
vn 0.2221 -0.0654 0.9728
vn 0.3944 -0.0902 0.9145
vn 0.9656 -0.0603 0.2530
vn 0.0644 0.2292 0.9712
vn 0.0938 0.3982 0.9125
vn 0.0609 0.9672 0.2466
vn -0.0644 -0.2292 0.9712
vn -0.0938 -0.3982 0.9125
vn -0.0609 -0.9672 0.2466
vn -0.2220 0.0654 0.9729
vn -0.3944 0.0902 0.9145
vn -0.9656 0.0603 0.2530
vn -0.3383 -0.9410 -0.0105
vn 0.1276 -0.9888 0.0779
vn 0.5076 -0.0226 0.8613
vn -0.0098 -0.7029 0.7112
vn 0.0061 -0.5719 0.8203
vn -0.1580 -0.8956 0.4159
vn 0.1562 0.6313 0.7596
vn 0.0793 0.3444 0.9355
vn 0.0986 0.8485 0.5199
vn 0.1711 0.9346 0.3118
vn -0.0244 0.9936 0.1102
vn 0.1642 0.9833 0.0784
vn 0.4399 0.8844 0.1556
vn 0.7473 -0.1617 0.6445
vn 0.5785 -0.0891 0.8108
vn 0.9059 -0.0700 0.4176
vn 0.9453 -0.2153 0.2452
vn 0.9963 0.0213 0.0827
vn 0.9826 -0.1730 0.0681
vn 0.9346 -0.3547 0.0257
vn 0.7180 0.0278 0.6954
vn 0.8515 -0.2501 0.4608
vn -0.6061 0.1595 0.7792
vn -0.3149 0.0821 0.9456
vn -0.8353 0.1147 0.5376
vn -0.9274 0.1803 0.3278
vn -0.9933 -0.0103 0.1151
vn -0.9808 0.1773 0.0813
vn -0.8696 0.4622 0.1739
vn -0.7473 0.1617 0.6445
vn -0.5785 0.0891 0.8108
vn -0.9059 0.0700 0.4176
vn -0.9453 0.2153 0.2452
vn -0.9963 -0.0213 0.0827
vn -0.9826 0.1730 0.0681
vn -0.9346 0.3547 0.0257
vn -0.7181 -0.0278 0.6954
vn -0.8515 0.2501 0.4608
vn 0.6061 -0.1595 0.7792
vn 0.3149 -0.0821 0.9456
vn 0.8353 -0.1147 0.5376
vn 0.9274 -0.1803 0.3278
vn 0.9933 0.0103 0.1151
vn 0.9808 -0.1773 0.0813
vn 0.8696 -0.4622 0.1739
vn 0.3383 0.9410 -0.0105
vn -0.1276 0.9888 0.0779
vn -0.5076 0.0226 0.8613
vn 0.0098 0.7029 0.7112
vn -0.0061 0.5719 0.8203
vn 0.1580 0.8956 0.4159
vn -0.1562 -0.6313 0.7596
vn -0.0793 -0.3444 0.9355
vn -0.0986 -0.8485 0.5199
vn -0.1711 -0.9346 0.3118
vn 0.0244 -0.9936 0.1102
vn -0.1642 -0.9833 0.0784
vn -0.4399 -0.8844 0.1556
vn -0.4091 -0.3273 0.8518
vn -0.3956 -0.4013 0.8261
vn -0.5680 -0.5647 0.5987
vn -0.7207 -0.5329 0.4433
vn -0.6798 -0.7266 0.0999
vn -0.8065 -0.5826 0.1011
vn -0.5247 -0.8451 0.1025
vn -0.4124 -0.7008 0.5821
vn -0.2909 -0.4741 0.8310
vn 0.5293 0.3674 0.7648
vn 0.3969 0.4018 0.8252
vn 0.5669 0.5611 0.6031
vn 0.7262 0.5694 0.3852
vn 0.6798 0.7265 0.1000
vn 0.8093 0.5802 0.0922
vn 0.5247 0.8450 0.1027
vn 0.4116 0.6958 0.5886
vn 0.2911 0.4748 0.8305
vn 0.3293 -0.4257 0.8428
vn 0.3973 -0.4043 0.8238
vn 0.5537 -0.5750 0.6023
vn 0.5269 -0.7269 0.4404
vn 0.7178 -0.6890 0.0999
vn 0.5720 -0.8142 0.0997
vn 0.8383 -0.5354 0.1029
vn 0.6900 -0.4207 0.5890
vn 0.4710 -0.2972 0.8306
vn -0.3560 0.5518 0.7541
vn -0.3919 0.3976 0.8296
vn -0.5513 0.5724 0.6070
vn -0.5656 0.7325 0.3788
vn -0.7178 0.6889 0.1007
vn -0.5696 0.8168 0.0917
vn -0.8382 0.5354 0.1036
vn -0.6869 0.4193 0.5936
vn -0.4642 0.2933 0.8357
vn -0.3293 0.4257 0.8428
vn -0.3973 0.4043 0.8238
vn -0.5537 0.5750 0.6023
vn -0.5269 0.7269 0.4404
vn -0.7178 0.6890 0.0999
vn -0.5720 0.8142 0.0997
vn -0.8383 0.5354 0.1029
vn -0.6900 0.4207 0.5890
vn -0.4710 0.2972 0.8306
vn 0.3560 -0.5518 0.7542
vn 0.3919 -0.3976 0.8296
vn 0.5513 -0.5724 0.6070
vn 0.5656 -0.7325 0.3788
vn 0.7179 -0.6889 0.1006
vn 0.5696 -0.8168 0.0917
vn 0.8383 -0.5353 0.1036
vn 0.6870 -0.4192 0.5936
vn 0.4642 -0.2933 0.8357
vn 0.4091 0.3273 0.8518
vn 0.3956 0.4013 0.8261
vn 0.5680 0.5647 0.5987
vn 0.7207 0.5329 0.4433
vn 0.6798 0.7266 0.0999
vn 0.8065 0.5826 0.1011
vn 0.5247 0.8451 0.1025
vn 0.4124 0.7008 0.5821
vn 0.2909 0.4741 0.8310
vn -0.5293 -0.3673 0.7648
vn -0.3969 -0.4018 0.8252
vn -0.5669 -0.5611 0.6031
vn -0.7262 -0.5694 0.3852
vn -0.6798 -0.7265 0.1000
vn -0.8093 -0.5802 0.0923
vn -0.5247 -0.8451 0.1027
vn -0.4116 -0.6958 0.5886
vn -0.2911 -0.4748 0.8305
vn -0.1447 -0.6610 0.7363
vn -0.3969 -0.8592 0.3230
vn -0.3494 -0.9331 0.0856
vn 0.4932 0.7317 0.4706
vn 0.3982 0.8557 0.3306
vn 0.3494 0.9330 0.0864
vn 0.7288 -0.4979 0.4700
vn 0.8502 -0.4075 0.3333
vn 0.9284 -0.3613 0.0868
vn -0.6517 0.1488 0.7437
vn -0.8480 0.4062 0.3404
vn -0.9283 0.3613 0.0878
vn -0.7288 0.4979 0.4700
vn -0.8502 0.4075 0.3333
vn -0.9284 0.3613 0.0868
vn 0.6517 -0.1488 0.7437
vn 0.8480 -0.4062 0.3404
vn 0.9283 -0.3613 0.0878
vn 0.1447 0.6610 0.7363
vn 0.3969 0.8592 0.3230
vn 0.3494 0.9331 0.0856
vn -0.4932 -0.7316 0.4706
vn -0.3982 -0.8557 0.3306
vn -0.3494 -0.9330 0.0864
vn -0.1934 0.0773 0.9781
vn -0.3846 0.0975 0.9179
vn -0.9449 0.1061 0.3097
vn -0.4098 0.3927 0.8233
vn -0.4546 -0.2906 0.8420
vn -0.1588 -0.0471 0.9862
vn -0.0789 -0.1945 0.9777
vn -0.1009 -0.3820 0.9187
vn -0.1117 -0.9468 0.3018
vn -0.3908 -0.4053 0.8264
vn 0.2961 -0.4659 0.8338
vn 0.0550 -0.1729 0.9834
vn 0.0789 0.1945 0.9777
vn 0.1009 0.3820 0.9187
vn 0.1117 0.9468 0.3018
vn 0.3908 0.4053 0.8264
vn -0.2961 0.4659 0.8338
vn -0.0550 0.1729 0.9834
vn 0.1934 -0.0773 0.9781
vn 0.3846 -0.0975 0.9179
vn 0.9449 -0.1061 0.3097
vn 0.4098 -0.3927 0.8233
vn 0.4546 0.2906 0.8420
vn 0.1588 0.0471 0.9862
vn 0.4748 -0.8449 0.2464
vn 0.2624 -0.3059 0.9152
vn 0.1563 -0.1781 0.9715
vn 0.4234 0.1116 0.8991
vn -0.1221 -0.5133 0.8495
vn 0.5217 -0.2672 0.8102
vn 0.8494 0.4653 0.2490
vn 0.3345 0.2700 0.9029
vn 0.1822 0.1570 0.9706
vn -0.1300 0.4886 0.8627
vn 0.5181 -0.0978 0.8497
vn 0.3239 0.5241 0.7877
vn -0.8494 -0.4653 0.2490
vn -0.3345 -0.2700 0.9029
vn -0.1822 -0.1570 0.9706
vn 0.1300 -0.4886 0.8627
vn -0.5181 0.0978 0.8497
vn -0.3239 -0.5241 0.7877
vn -0.4748 0.8449 0.2464
vn -0.2624 0.3059 0.9152
vn -0.1563 0.1781 0.9715
vn -0.4234 -0.1116 0.8991
vn 0.1221 0.5133 0.8495
vn -0.5217 0.2672 0.8102
vn -0.2764 -0.2038 0.9392
vn -0.7967 -0.3375 0.5014
vn -0.9006 -0.4155 0.1278
vn -0.6518 -0.7492 0.1174
vn 0.5812 0.3091 0.7528
vn 0.8489 0.3891 0.3577
vn 0.9090 0.4068 0.0908
vn 0.2097 -0.3018 0.9300
vn 0.3315 -0.8057 0.4908
vn 0.4032 -0.9068 0.1232
vn 0.7295 -0.6765 0.1010
vn -0.3079 0.6579 0.6872
vn -0.3545 0.8014 0.4818
vn -0.3939 0.9152 0.0858
vn -0.2097 0.3018 0.9300
vn -0.3315 0.8057 0.4908
vn -0.4032 0.9068 0.1232
vn -0.7295 0.6765 0.1010
vn 0.3079 -0.6579 0.6873
vn 0.3545 -0.8014 0.4818
vn 0.3939 -0.9151 0.0857
vn 0.2764 0.2038 0.9392
vn 0.7967 0.3375 0.5014
vn 0.9006 0.4155 0.1278
vn 0.6518 0.7492 0.1174
vn -0.5812 -0.3091 0.7528
vn -0.8489 -0.3891 0.3577
vn -0.9090 -0.4067 0.0908
vn 0.2917 0.7559 0.5862
vn 0.1219 0.9059 0.4057
vn 0.2437 0.6624 0.7084
vn 0.2718 0.5028 0.8206
vn 0.0418 0.2239 0.9737
vn 0.0612 0.1266 0.9901
vn 0.0670 0.9461 0.3169
vn -0.7647 0.3116 0.5640
vn -0.9154 0.1247 0.3828
vn -0.6841 0.2435 0.6875
vn -0.5180 0.2894 0.8050
vn -0.2375 0.0388 0.9706
vn -0.1307 0.0642 0.9893
vn -0.9546 0.0544 0.2928
vn 0.7647 -0.3116 0.5640
vn 0.9154 -0.1247 0.3828
vn 0.6841 -0.2435 0.6875
vn 0.5180 -0.2894 0.8050
vn 0.2375 -0.0388 0.9706
vn 0.1307 -0.0642 0.9893
vn 0.9546 -0.0544 0.2928
vn -0.2917 -0.7559 0.5862
vn -0.1219 -0.9059 0.4057
vn -0.2437 -0.6624 0.7084
vn -0.2718 -0.5028 0.8206
vn -0.0418 -0.2239 0.9737
vn -0.0612 -0.1266 0.9901
vn -0.0670 -0.9461 0.3169
vn -0.4845 -0.4725 0.7362
vn -0.4477 -0.4599 0.7668
vn -0.2702 -0.2697 0.9242
vn -0.2864 -0.3064 0.9078
vn -0.0725 -0.0739 0.9946
vn -0.0637 -0.0870 0.9942
vn -0.0778 -0.0755 0.9941
vn -0.2598 -0.2936 0.9200
vn -0.4294 -0.5036 0.7496
vn 0.4567 -0.4823 0.7475
vn 0.4411 -0.4587 0.7714
vn 0.2510 -0.2784 0.9271
vn 0.3023 -0.2851 0.9096
vn 0.0697 -0.0757 0.9947
vn 0.0837 -0.0629 0.9945
vn 0.0718 -0.0835 0.9939
vn 0.2847 -0.2747 0.9184
vn 0.4877 -0.4517 0.7470
vn -0.4567 0.4823 0.7475
vn -0.4411 0.4587 0.7714
vn -0.2510 0.2784 0.9271
vn -0.3024 0.2851 0.9096
vn -0.0697 0.0757 0.9947
vn -0.0838 0.0629 0.9945
vn -0.0718 0.0835 0.9939
vn -0.2847 0.2747 0.9184
vn -0.4877 0.4517 0.7470
vn 0.4845 0.4725 0.7362
vn 0.4477 0.4599 0.7668
vn 0.2702 0.2697 0.9242
vn 0.2864 0.3064 0.9078
vn 0.0725 0.0739 0.9946
vn 0.0637 0.0870 0.9942
vn 0.0778 0.0755 0.9941
vn 0.2598 0.2936 0.9200
vn 0.4294 0.5036 0.7496
vn 0.6086 0.5160 0.6028
vn 0.3637 0.3404 0.8671
vn 0.0752 0.1316 0.9884
vn -0.0575 -0.1131 0.9919
vn -0.0557 -0.0940 0.9940
vn -0.1737 -0.3554 0.9185
vn -0.1377 -0.4161 0.8988
vn -0.2958 -0.6004 0.7430
vn -0.2479 -0.6939 0.6760
vn -0.3457 -0.5531 0.7580
vn -0.2182 -0.3461 0.9125
vn -0.0565 -0.0872 0.9946
vn -0.0658 -0.1774 0.9819
vn -0.0687 -0.5416 0.8378
vn -0.1641 -0.8425 0.5131
vn -0.0720 -0.0948 0.9929
vn -0.1234 -0.1304 0.9837
vn -0.3769 -0.5201 0.7665
vn -0.3183 -0.3017 0.8987
vn -0.7128 -0.5103 0.4812
vn -0.5275 -0.5319 0.6624
vn -0.7368 -0.5591 0.3802
vn -0.0598 -0.0863 0.9945
vn -0.2385 -0.3459 0.9074
vn -0.4136 -0.5323 0.7386
vn -0.5086 0.5959 0.6215
vn -0.3432 0.3501 0.8716
vn -0.1299 0.0684 0.9892
vn 0.1163 -0.0604 0.9914
vn 0.0931 -0.0612 0.9938
vn 0.3521 -0.1863 0.9172
vn 0.4203 -0.1410 0.8964
vn 0.5980 -0.3195 0.7351
vn 0.7027 -0.2644 0.6605
vn 0.5400 -0.3683 0.7568
vn 0.3349 -0.2378 0.9118
vn 0.0841 -0.0619 0.9945
vn 0.1876 -0.0639 0.9802
vn 0.5680 -0.0511 0.8214
vn 0.8563 -0.1671 0.4886
vn 0.8944 -0.1897 0.4051
vn 0.0913 -0.0705 0.9933
vn 0.1284 -0.1122 0.9854
vn 0.4677 -0.3537 0.8100
vn 0.2987 -0.3143 0.9011
vn 0.5041 -0.6959 0.5115
vn 0.5124 -0.5255 0.6792
vn 0.0824 -0.0631 0.9946
vn 0.3280 -0.2493 0.9112
vn 0.5127 -0.4270 0.7449
vn 0.5086 -0.5959 0.6215
vn 0.3432 -0.3501 0.8716
vn 0.1299 -0.0684 0.9892
vn -0.1163 0.0604 0.9914
vn -0.0931 0.0612 0.9938
vn -0.3521 0.1863 0.9172
vn -0.4203 0.1410 0.8964
vn -0.5980 0.3195 0.7351
vn -0.7027 0.2644 0.6605
vn -0.5400 0.3683 0.7568
vn -0.3349 0.2378 0.9118
vn -0.0841 0.0619 0.9945
vn -0.1876 0.0639 0.9802
vn -0.5680 0.0511 0.8214
vn -0.8563 0.1671 0.4886
vn -0.8944 0.1897 0.4051
vn -0.0913 0.0705 0.9933
vn -0.1284 0.1122 0.9854
vn -0.4677 0.3537 0.8100
vn -0.2987 0.3143 0.9011
vn -0.5041 0.6959 0.5115
vn -0.5124 0.5255 0.6792
vn -0.0824 0.0631 0.9946
vn -0.3280 0.2493 0.9112
vn -0.5127 0.4270 0.7449
vn -0.6086 -0.5160 0.6028
vn -0.3637 -0.3404 0.8671
vn -0.0752 -0.1316 0.9884
vn 0.0575 0.1131 0.9919
vn 0.0557 0.0940 0.9940
vn 0.1737 0.3554 0.9185
vn 0.1377 0.4161 0.8988
vn 0.2958 0.6004 0.7430
vn 0.2479 0.6939 0.6760
vn 0.3457 0.5531 0.7580
vn 0.2182 0.3461 0.9125
vn 0.0565 0.0872 0.9946
vn 0.0658 0.1774 0.9819
vn 0.0687 0.5416 0.8378
vn 0.1641 0.8425 0.5131
vn 0.0720 0.0948 0.9929
vn 0.1234 0.1304 0.9838
vn 0.3769 0.5201 0.7665
vn 0.3183 0.3017 0.8987
vn 0.7128 0.5103 0.4812
vn 0.5275 0.5319 0.6624
vn 0.7368 0.5591 0.3802
vn 0.0598 0.0863 0.9945
vn 0.2385 0.3459 0.9074
vn 0.4136 0.5323 0.7386
vn -0.3874 -0.6035 0.6969
vn -0.2997 -0.3713 0.8789
vn -0.0750 -0.0897 0.9931
vn 0.5986 -0.4151 0.6851
vn 0.3679 -0.3244 0.8715
vn 0.0883 -0.0812 0.9928
vn -0.5986 0.4151 0.6851
vn -0.3679 0.3244 0.8715
vn -0.0883 0.0812 0.9928
vn 0.3874 0.6035 0.6969
vn 0.2997 0.3713 0.8789
vn 0.0750 0.0897 0.9931
vn 0.1041 -0.2416 -0.9648
vn 0.0506 -0.1175 -0.9918
vn 0.0009 -0.0782 -0.9969
vn 0.0029 -0.2641 -0.9645
vn -0.7539 -0.6570 -0.0000
vn -0.7643 -0.6449 -0.0000
vn 0.0067 -0.9998 -0.0181
vn 0.0067 -0.9999 -0.0091
vn 0.0111 -0.9999 -0.0091
vn 0.0221 -0.9996 -0.0181
vn -0.7972 -0.6038 -0.0000
vn -1.0000 -0.0000 -0.0000
vn -0.6917 0.7222 -0.0000
vn -0.7972 0.6038 -0.0000
vn -0.0000 1.0000 -0.0000
vn -0.0442 -0.1276 -0.9908
vn 0.6841 -0.7294 -0.0015
vn 0.7088 -0.7054 -0.0022
vn 0.7972 -0.6038 -0.0000
vn 1.0000 -0.0000 -0.0000
vn -0.0093 -0.9998 -0.0181
vn 0.0025 -1.0000 -0.0090
vn 0.5514 -0.8342 -0.0029
vn -0.0983 -0.2838 -0.9538
vn 0.6917 0.7222 -0.0000
vn 0.0142 0.9999 -0.0000
vn 0.7972 0.6038 -0.0000
vn 0.6917 -0.7222 -0.0000
vn 0.5688 -0.8225 -0.0000
vn -0.0015 -0.0011 1.0000
vn 0.0008 -0.0014 1.0000
vn -0.0000 -1.0000 -0.0000
vn -0.0008 0.0014 1.0000
vn 0.0015 0.0011 1.0000
vn 0.9047 -0.2418 0.3508
vn 0.8086 -0.4782 0.3428
vn 0.7404 -0.5050 0.4437
vn 0.7729 -0.4938 0.3986
vn 0.9009 -0.2553 0.3509
vn 0.9376 -0.0021 0.3478
vn 0.9374 -0.0000 0.3483
vn 0.4271 -0.8371 0.3419
vn 0.2121 -0.9133 0.3478
vn 0.2292 -0.9090 0.3480
vn 0.4439 -0.7971 0.4093
vn 0.4595 -0.7455 0.4827
vn -0.0000 -0.9373 0.3485
vn 0.0014 -0.9374 0.3482
vn 0.2121 0.9133 0.3478
vn 0.4595 0.7455 0.4827
vn 0.4439 0.7971 0.4093
vn 0.2292 0.9090 0.3480
vn 0.0014 0.9374 0.3482
vn -0.0000 0.9373 0.3485
vn 0.9047 0.2418 0.3508
vn 0.9009 0.2553 0.3509
vn 0.7729 0.4938 0.3986
vn 0.7403 0.5050 0.4437
vn 0.9376 0.0021 0.3478
vn -0.2121 -0.9133 0.3478
vn -0.4595 -0.7455 0.4827
vn -0.4439 -0.7971 0.4093
vn -0.2292 -0.9090 0.3480
vn -0.0014 -0.9374 0.3482
vn -0.9047 -0.2418 0.3508
vn -0.9009 -0.2553 0.3509
vn -0.7729 -0.4938 0.3986
vn -0.7403 -0.5050 0.4437
vn -0.9374 -0.0000 0.3483
vn -0.9376 -0.0021 0.3478
vn -0.9047 0.2418 0.3508
vn -0.8086 0.4782 0.3428
vn -0.7404 0.5050 0.4437
vn -0.7729 0.4938 0.3986
vn -0.9009 0.2553 0.3509
vn -0.9376 0.0021 0.3478
vn -0.4271 0.8371 0.3419
vn -0.2121 0.9133 0.3478
vn -0.2292 0.9090 0.3480
vn -0.4439 0.7971 0.4093
vn -0.4595 0.7455 0.4827
vn -0.0014 0.9374 0.3482
vn -0.7302 0.6832 -0.0000
vn -0.8495 0.5276 -0.0000
vn -0.9361 0.3518 -0.0000
vn -0.6925 -0.7215 -0.0000
vn -0.5384 -0.8427 -0.0000
vn -0.3636 -0.9315 -0.0000
vn 0.6925 0.7215 -0.0000
vn 0.5384 0.8427 -0.0000
vn 0.3636 0.9315 -0.0000
vn 0.7302 -0.6832 -0.0000
vn 0.8495 -0.5276 -0.0000
vn 0.9361 -0.3518 -0.0000
vn 0.3637 0.9315 -0.0000
vn -0.3637 -0.9315 -0.0000
vn -0.5856 0.8106 -0.0002
vn -0.5799 0.8147 0.0007
vn -0.0967 0.1021 0.9901
vn -0.4674 0.8759 0.1200
vn -0.4048 0.9144 0.0074
vn -0.1055 0.1156 0.9877
vn -0.8180 -0.5753 -0.0002
vn -0.8219 -0.5696 0.0006
vn -0.1039 -0.0956 0.9900
vn -0.8809 -0.4574 0.1215
vn -0.9192 -0.3938 0.0072
vn -0.2052 -0.1889 0.9603
vn -0.1155 -0.1035 0.9879
vn 0.8180 0.5753 -0.0002
vn 0.8219 0.5696 0.0006
vn 0.1039 0.0956 0.9900
vn 0.8809 0.4574 0.1215
vn 0.9192 0.3938 0.0072
vn 0.2052 0.1889 0.9603
vn 0.1155 0.1035 0.9879
vn 0.5856 -0.8106 -0.0002
vn 0.5799 -0.8147 0.0007
vn 0.0967 -0.1021 0.9901
vn 0.4674 -0.8759 0.1200
vn 0.4048 -0.9144 0.0074
vn 0.1055 -0.1156 0.9877
vn 0.9864 -0.1643 -0.0003
vn 0.9873 -0.1588 0.0005
vn 0.9925 -0.0285 0.1188
vn 0.9989 0.0466 0.0087
vn 0.1268 -0.0413 0.9911
vn 0.2507 -0.0816 0.9646
vn 0.1653 -0.0474 0.9851
vn 0.1768 0.9842 -0.0003
vn 0.0386 0.9925 0.1160
vn -0.0348 0.9994 0.0090
vn 0.1712 0.9852 0.0005
vn 0.0428 0.1262 0.9911
vn 0.0845 0.2496 0.9647
vn 0.0472 0.1725 0.9839
vn -0.1768 -0.9842 -0.0003
vn -0.0386 -0.9925 0.1160
vn 0.0348 -0.9994 0.0090
vn -0.1712 -0.9852 0.0005
vn -0.0428 -0.1262 0.9911
vn -0.0845 -0.2496 0.9647
vn -0.0472 -0.1725 0.9839
vn -0.9864 0.1643 -0.0003
vn -0.9925 0.0284 0.1188
vn -0.9989 -0.0466 0.0087
vn -0.9873 0.1588 0.0005
vn -0.1268 0.0413 0.9911
vn -0.2507 0.0816 0.9646
vn -0.1653 0.0474 0.9851
vn -0.9864 0.1646 -0.0003
vn -0.9873 0.1588 0.0006
vn -0.1290 0.0424 0.9907
vn -0.9886 0.0493 0.1426
vn -0.9991 -0.0422 0.0073
vn -0.2552 0.0839 0.9632
vn -0.1360 0.0534 0.9893
vn -0.1771 -0.9842 -0.0003
vn -0.1719 -0.9851 0.0004
vn -0.0439 -0.1277 0.9908
vn -0.0589 -0.9885 0.1392
vn 0.0297 -0.9995 0.0074
vn -0.0869 -0.2526 0.9637
vn -0.0547 -0.1374 0.9890
vn 0.1771 0.9842 -0.0003
vn 0.1719 0.9851 0.0004
vn 0.0439 0.1277 0.9908
vn 0.0589 0.9885 0.1392
vn -0.0297 0.9995 0.0074
vn 0.0869 0.2526 0.9637
vn 0.0547 0.1374 0.9890
vn 0.9864 -0.1646 -0.0003
vn 0.9873 -0.1588 0.0006
vn 0.1291 -0.0424 0.9907
vn 0.9886 -0.0493 0.1426
vn 0.9991 0.0422 0.0073
vn 0.2552 -0.0839 0.9632
vn 0.1360 -0.0534 0.9893
vn 0.5854 -0.8107 -0.0002
vn 0.5801 -0.8145 0.0005
vn 0.0906 -0.0892 0.9919
vn 0.1073 -0.1209 0.9869
vn 0.4617 -0.8798 0.1128
vn 0.4029 -0.9152 0.0081
vn 0.8181 0.5751 -0.0002
vn 0.8223 0.5691 0.0007
vn 0.0967 0.0922 0.9910
vn 0.1242 0.1076 0.9864
vn 0.8852 0.4511 0.1137
vn 0.9204 0.3909 0.0082
vn -0.8181 -0.5751 -0.0002
vn -0.8223 -0.5691 0.0007
vn -0.0967 -0.0922 0.9910
vn -0.1242 -0.1076 0.9864
vn -0.8852 -0.4511 0.1137
vn -0.9204 -0.3909 0.0082
vn -0.5854 0.8107 -0.0002
vn -0.5801 0.8145 0.0005
vn -0.0906 0.0892 0.9919
vn -0.1073 0.1209 0.9869
vn -0.4617 0.8798 0.1128
vn -0.4029 0.9152 0.0081
vn 0.1944 -0.0447 0.9799
vn 0.0435 -0.0210 0.9988
vn 0.0004 0.0018 1.0000
vn -0.0282 -0.0194 0.9994
vn 0.5951 0.2660 0.7583
vn 0.5981 0.2492 0.7617
vn 0.5776 0.3490 0.7379
vn 0.0401 0.2108 0.9767
vn 0.0232 0.0449 0.9987
vn -0.0018 0.0010 1.0000
vn 0.0241 -0.0423 0.9988
vn -0.2858 0.6955 0.6592
vn -0.3550 0.6204 0.6993
vn -0.0401 -0.2108 0.9767
vn -0.0232 -0.0449 0.9987
vn 0.0018 -0.0010 1.0000
vn -0.0241 0.0423 0.9988
vn 0.2857 -0.6955 0.6593
vn 0.2723 -0.7087 0.6509
vn 0.3550 -0.6204 0.6994
vn -0.0435 0.0210 0.9988
vn -0.0004 -0.0018 1.0000
vn 0.0282 0.0194 0.9994
vn -0.5951 -0.2660 0.7583
vn -0.5776 -0.3490 0.7379
vn -0.0952 -0.8363 0.5400
vn -0.0749 -0.9861 0.1485
vn -0.0871 -0.9314 0.3534
vn -0.1064 -0.8288 0.5493
vn -0.1764 -0.7765 0.6050
vn -0.2054 -0.7254 0.6570
vn -0.2652 -0.5410 0.7982
vn 0.0480 0.2468 0.9679
vn 0.1195 0.5082 0.8529
vn 0.1782 0.7318 0.6578
vn 0.0745 0.3434 0.9362
vn 0.2068 0.7310 0.6503
vn 0.2659 0.5429 0.7966
vn 0.4314 -0.0436 0.9011
vn 0.7379 -0.1260 0.6631
vn 0.7618 -0.1869 0.6203
vn 0.5765 -0.0770 0.8135
vn 0.7232 -0.2148 0.6564
vn 0.5386 -0.2725 0.7973
vn -0.2270 0.0513 0.9725
vn -0.4734 0.1240 0.8721
vn -0.7115 0.1832 0.6784
vn -0.3140 0.0778 0.9462
vn -0.7158 0.2122 0.6653
vn -0.5315 0.2688 0.8033
vn -0.4314 0.0436 0.9011
vn -0.7379 0.1260 0.6631
vn -0.7618 0.1869 0.6203
vn -0.5765 0.0770 0.8135
vn -0.7232 0.2148 0.6564
vn -0.5386 0.2725 0.7973
vn 0.2270 -0.0513 0.9725
vn 0.4734 -0.1240 0.8721
vn 0.7115 -0.1832 0.6784
vn 0.3140 -0.0778 0.9462
vn 0.7157 -0.2122 0.6654
vn 0.5314 -0.2688 0.8034
vn 0.0952 0.8363 0.5400
vn 0.0749 0.9861 0.1485
vn 0.0871 0.9314 0.3534
vn 0.1064 0.8288 0.5493
vn 0.1764 0.7765 0.6050
vn 0.2054 0.7254 0.6570
vn 0.2652 0.5410 0.7982
vn -0.0480 -0.2468 0.9679
vn -0.1195 -0.5082 0.8529
vn -0.1782 -0.7318 0.6578
vn -0.0745 -0.3434 0.9362
vn -0.2068 -0.7310 0.6503
vn -0.2659 -0.5428 0.7966
vn -0.4165 -0.4092 0.8118
vn -0.3714 -0.2931 0.8810
vn -0.4443 -0.3560 0.8221
vn -0.3686 -0.4281 0.8251
vn -0.2423 -0.1589 0.9571
vn -0.2785 -0.1985 0.9397
vn -0.2887 -0.4801 0.8283
vn -0.2968 -0.4682 0.8323
vn 0.4181 0.4105 0.8104
vn 0.5531 0.3690 0.7470
vn 0.4982 0.3813 0.7787
vn 0.3691 0.4291 0.8244
vn 0.2892 0.4809 0.8277
vn 0.2973 0.4687 0.8318
vn 0.4064 -0.4262 0.8082
vn 0.2961 -0.3922 0.8709
vn 0.3565 -0.4586 0.8140
vn 0.4257 -0.3749 0.8235
vn 0.1633 -0.2670 0.9498
vn 0.2042 -0.3044 0.9304
vn 0.4768 -0.2954 0.8279
vn 0.4651 -0.3031 0.8318
vn -0.4003 0.4193 0.8148
vn -0.3688 0.5799 0.7265
vn -0.3740 0.5056 0.7775
vn -0.4197 0.3694 0.8291
vn -0.4699 0.2914 0.8332
vn -0.4588 0.2988 0.8368
vn -0.4064 0.4262 0.8082
vn -0.2961 0.3922 0.8709
vn -0.3565 0.4586 0.8140
vn -0.4257 0.3749 0.8235
vn -0.1633 0.2670 0.9498
vn -0.2042 0.3044 0.9304
vn -0.4768 0.2954 0.8279
vn -0.4651 0.3031 0.8318
vn 0.4004 -0.4192 0.8148
vn 0.3688 -0.5798 0.7265
vn 0.3740 -0.5056 0.7775
vn 0.4198 -0.3694 0.8290
vn 0.4699 -0.2914 0.8332
vn 0.4588 -0.2988 0.8368
vn 0.4165 0.4092 0.8118
vn 0.3714 0.2931 0.8810
vn 0.4443 0.3560 0.8221
vn 0.3686 0.4281 0.8251
vn 0.2423 0.1589 0.9571
vn 0.2785 0.1985 0.9397
vn 0.2887 0.4801 0.8283
vn 0.2968 0.4682 0.8323
vn -0.4180 -0.4105 0.8104
vn -0.5531 -0.3690 0.7470
vn -0.4981 -0.3813 0.7788
vn -0.3690 -0.4291 0.8244
vn -0.2891 -0.4809 0.8277
vn -0.2973 -0.4687 0.8318
vn 0.3672 0.9075 0.2043
vn 0.5166 0.8288 0.2150
vn 0.3431 0.5516 0.7603
vn 0.3461 0.5499 0.7602
vn 0.4218 0.5266 0.7381
vn 0.4084 0.5284 0.7443
vn 0.6547 0.7298 0.1971
vn 0.2928 0.5974 0.7466
vn 0.2896 0.6017 0.7444
vn -0.9014 0.3840 0.1999
vn -0.8180 0.5336 0.2148
vn -0.5394 0.3647 0.7590
vn -0.5368 0.3680 0.7592
vn -0.5079 0.4337 0.7443
vn -0.5103 0.4222 0.7492
vn -0.7169 0.6675 0.2015
vn -0.5950 0.3149 0.7395
vn -0.5994 0.3119 0.7372
vn 0.9014 -0.3840 0.1999
vn 0.8180 -0.5336 0.2148
vn 0.5394 -0.3647 0.7590
vn 0.5368 -0.3680 0.7592
vn 0.5079 -0.4337 0.7443
vn 0.5103 -0.4222 0.7492
vn 0.7169 -0.6675 0.2015
vn 0.5950 -0.3149 0.7395
vn 0.5994 -0.3119 0.7372
vn -0.3672 -0.9075 0.2043
vn -0.5166 -0.8288 0.2150
vn -0.3431 -0.5516 0.7603
vn -0.3461 -0.5499 0.7602
vn -0.4218 -0.5266 0.7381
vn -0.4084 -0.5284 0.7443
vn -0.6547 -0.7298 0.1971
vn -0.2928 -0.5974 0.7466
vn -0.2896 -0.6017 0.7444
vn -0.5525 -0.8054 0.2144
vn -0.6741 -0.7048 0.2209
vn -0.4262 -0.4993 0.7543
vn -0.4224 -0.5078 0.7508
vn -0.3727 -0.6025 0.7057
vn -0.3722 -0.6034 0.7053
vn -0.3971 -0.8997 0.1814
vn -0.4489 -0.4583 0.7671
vn -0.4460 -0.4612 0.7670
vn 0.8929 -0.4140 0.1767
vn 0.7938 -0.5693 0.2141
vn 0.4397 -0.4587 0.7722
vn 0.4427 -0.4583 0.7707
vn 0.4933 -0.4444 0.7478
vn 0.4831 -0.4475 0.7526
vn 0.6915 -0.6864 0.2252
vn 0.5988 -0.3972 0.6955
vn 0.5985 -0.3973 0.6956
vn -0.8929 0.4140 0.1767
vn -0.7938 0.5693 0.2141
vn -0.4397 0.4587 0.7721
vn -0.4427 0.4583 0.7707
vn -0.4933 0.4444 0.7478
vn -0.4831 0.4475 0.7526
vn -0.6915 0.6864 0.2252
vn -0.5988 0.3972 0.6955
vn -0.5985 0.3973 0.6956
vn 0.3971 0.8997 0.1814
vn 0.5525 0.8054 0.2144
vn 0.4489 0.4583 0.7671
vn 0.4460 0.4612 0.7670
vn 0.4224 0.5078 0.7508
vn 0.4262 0.4993 0.7543
vn 0.6741 0.7048 0.2209
vn 0.3727 0.6025 0.7057
vn 0.3722 0.6034 0.7053
vn 0.9861 -0.1664 0.0011
vn 1.0000 0.0062 0.0070
vn 0.0470 0.0828 0.9955
vn 0.0738 0.1249 0.9894
vn 0.7753 0.6018 0.1916
vn 0.8799 0.4594 0.1217
vn 0.6135 0.5322 0.5834
vn 0.6078 0.5302 0.5911
vn 0.4766 0.4681 0.7442
vn 0.4894 0.4772 0.7299
vn 0.5863 -0.8101 0.0011
vn -0.0270 -0.0836 0.9961
vn -0.0642 -0.1623 0.9847
vn 0.4382 -0.8988 0.0066
vn -0.0094 -0.9947 0.1025
vn -0.2052 -0.9644 0.1666
vn -0.2418 -0.6825 0.6898
vn -0.2312 -0.7024 0.6732
vn -0.1515 -0.8491 0.5061
vn -0.1464 -0.8572 0.4938
vn -0.9861 0.1660 0.0013
vn -0.1096 -0.1211 0.9866
vn -0.0663 -0.0638 0.9958
vn -0.1644 -0.1583 0.9736
vn -0.9784 -0.1653 0.1237
vn -0.7800 -0.6064 0.1542
vn -0.5130 -0.5203 0.6827
vn -0.5504 -0.5184 0.6545
vn -0.7401 -0.4952 0.4550
vn -0.7232 -0.4989 0.4776
vn -0.8938 -0.4392 0.0905
vn 0.0056 1.0000 0.0073
vn 0.1788 0.9839 0.0012
vn -0.0852 0.0436 0.9954
vn -0.1620 0.0829 0.9833
vn -0.1240 0.0683 0.9899
vn -0.5910 0.7819 0.1984
vn -0.4519 0.8829 0.1275
vn -0.5287 0.5966 0.6037
vn -0.5270 0.5929 0.6088
vn -0.4525 0.4755 0.7544
vn -0.4631 0.4846 0.7421
vn 0.8187 0.5742 0.0015
vn 0.2411 -0.0691 0.9680
vn 0.0835 -0.0239 0.9962
vn 0.1699 -0.0635 0.9834
vn 0.9549 0.2687 0.1266
vn 0.9950 -0.0189 0.0981
vn 0.9626 -0.2180 0.1606
vn 0.6908 -0.2559 0.6763
vn 0.7117 -0.2432 0.6590
vn 0.8630 -0.1505 0.4823
vn 0.8716 -0.1444 0.4685
vn -0.1796 -0.9837 0.0010
vn 0.1195 -0.1022 0.9876
vn 0.0672 -0.0632 0.9957
vn 0.1567 -0.1474 0.9766
vn -0.0104 -0.9999 0.0058
vn 0.5957 -0.7868 0.1613
vn 0.4317 -0.8968 0.0965
vn 0.5032 -0.5122 0.6960
vn 0.5033 -0.5440 0.6713
vn 0.4950 -0.7194 0.4873
vn 0.4968 -0.7048 0.5063
vn -0.0056 -1.0000 0.0073
vn -0.1788 -0.9839 0.0012
vn 0.0852 -0.0436 0.9954
vn 0.1620 -0.0829 0.9833
vn 0.1240 -0.0683 0.9899
vn 0.5910 -0.7819 0.1984
vn 0.4519 -0.8829 0.1275
vn 0.5287 -0.5966 0.6037
vn 0.5270 -0.5929 0.6088
vn 0.4525 -0.4755 0.7544
vn 0.4631 -0.4846 0.7421
vn -0.8187 -0.5742 0.0015
vn -0.2411 0.0691 0.9680
vn -0.0835 0.0239 0.9962
vn -0.1699 0.0635 0.9834
vn -0.9549 -0.2687 0.1266
vn -0.9950 0.0189 0.0981
vn -0.9626 0.2180 0.1606
vn -0.6908 0.2559 0.6763
vn -0.7117 0.2432 0.6590
vn -0.8630 0.1505 0.4823
vn -0.8716 0.1444 0.4685
vn 0.1796 0.9837 0.0010
vn -0.1195 0.1022 0.9876
vn -0.0672 0.0632 0.9957
vn -0.1567 0.1474 0.9766
vn 0.0104 0.9999 0.0058
vn -0.5957 0.7868 0.1613
vn -0.4317 0.8968 0.0965
vn -0.5032 0.5122 0.6960
vn -0.5033 0.5440 0.6713
vn -0.4950 0.7194 0.4873
vn -0.4968 0.7048 0.5063
vn -1.0000 -0.0062 0.0070
vn -0.9861 0.1664 0.0011
vn -0.0470 -0.0828 0.9955
vn -0.0738 -0.1249 0.9894
vn -0.7753 -0.6018 0.1916
vn -0.6135 -0.5322 0.5834
vn -0.6078 -0.5302 0.5911
vn -0.4766 -0.4681 0.7442
vn -0.4894 -0.4772 0.7299
vn -0.8799 -0.4594 0.1217
vn -0.5863 0.8101 0.0011
vn 0.0270 0.0836 0.9961
vn 0.0642 0.1623 0.9847
vn -0.4382 0.8988 0.0066
vn 0.0094 0.9947 0.1025
vn 0.2052 0.9644 0.1666
vn 0.2418 0.6825 0.6898
vn 0.2312 0.7024 0.6732
vn 0.1515 0.8491 0.5061
vn 0.1464 0.8572 0.4938
vn 0.9861 -0.1660 0.0013
vn 0.1096 0.1211 0.9866
vn 0.0663 0.0638 0.9958
vn 0.9784 0.1653 0.1237
vn 0.7800 0.6064 0.1542
vn 0.8938 0.4392 0.0905
vn 0.5130 0.5203 0.6827
vn 0.5504 0.5184 0.6545
vn 0.7401 0.4952 0.4550
vn 0.7232 0.4989 0.4776
vn 0.5851 -0.8109 0.0014
vn -0.0484 -0.1951 0.9796
vn -0.0354 -0.2936 0.9553
vn -0.0099 -0.0823 0.9966
vn 0.3087 -0.9462 0.0973
vn -0.1444 -0.9367 0.3190
vn -0.1900 -0.9731 0.1301
vn -0.2465 -0.7652 0.5947
vn -0.2472 -0.7645 0.5954
vn -0.0781 -0.9172 0.3908
vn 0.8182 0.5749 0.0013
vn 0.2047 -0.0479 0.9776
vn 0.3125 -0.0297 0.9494
vn 0.0819 -0.0078 0.9966
vn 0.9486 0.3032 0.0902
vn 0.9406 -0.1519 0.3035
vn 0.9715 -0.2023 0.1236
vn 0.7755 -0.2597 0.5755
vn 0.7742 -0.2610 0.5767
vn 0.9260 -0.0762 0.3698
vn -0.8182 -0.5749 0.0013
vn -0.2047 0.0479 0.9776
vn -0.3125 0.0297 0.9494
vn -0.0819 0.0078 0.9966
vn -0.9486 -0.3032 0.0902
vn -0.9406 0.1519 0.3035
vn -0.9715 0.2023 0.1236
vn -0.7755 0.2597 0.5755
vn -0.7742 0.2610 0.5767
vn -0.9260 0.0762 0.3698
vn -0.5851 0.8109 0.0014
vn 0.0484 0.1951 0.9796
vn 0.0354 0.2936 0.9553
vn 0.0099 0.0823 0.9966
vn -0.3087 0.9462 0.0973
vn 0.1444 0.9367 0.3190
vn 0.1900 0.9731 0.1301
vn 0.2465 0.7652 0.5947
vn 0.2472 0.7645 0.5954
vn 0.0781 0.9172 0.3908
vn 0.8225 0.4874 0.2930
vn 0.8473 0.4692 0.2490
vn 0.9147 0.3942 0.0887
vn 0.9527 0.2984 0.0568
vn -0.2903 0.9551 0.0596
vn -0.4678 0.8445 0.2606
vn -0.4876 0.8172 0.3072
vn -0.3875 0.9171 0.0933
vn 0.2903 -0.9551 0.0596
vn 0.4678 -0.8445 0.2606
vn 0.4876 -0.8172 0.3072
vn 0.3875 -0.9171 0.0933
vn -0.9527 -0.2984 0.0568
vn -0.8472 -0.4692 0.2491
vn -0.8225 -0.4874 0.2930
vn -0.9147 -0.3943 0.0887
vn 0.1662 -0.9849 0.0484
vn 0.0686 -0.9949 0.0745
vn -0.0000 -0.9791 0.2036
vn -0.0186 -0.9711 0.2378
vn -0.1662 0.9849 0.0484
vn -0.0686 0.9949 0.0745
vn -0.0000 0.9791 0.2036
vn 0.0186 0.9711 0.2378
vn 0.4279 -0.8740 0.2303
vn 0.4148 -0.8885 0.1964
vn 0.3610 -0.9300 0.0687
vn 0.2686 -0.9622 0.0443
vn 0.4812 -0.7865 0.3871
vn -0.4279 0.8740 0.2303
vn -0.4148 0.8885 0.1964
vn -0.3610 0.9300 0.0687
vn -0.2686 0.9622 0.0443
vn -0.4812 0.7865 0.3871
vn 0.5879 -0.6045 0.5375
vn 0.6922 -0.5177 0.5029
vn 0.9332 -0.0014 0.3593
vn 0.9332 -0.0000 0.3593
vn 0.0009 -0.9330 0.3598
vn 0.5879 0.6045 0.5375
vn 0.0009 0.9330 0.3598
vn 0.6922 0.5177 0.5029
vn 0.9332 0.0014 0.3593
vn -0.5879 -0.6045 0.5375
vn -0.0009 -0.9330 0.3598
vn -0.6922 -0.5177 0.5029
vn -0.9332 -0.0000 0.3593
vn -0.9332 -0.0014 0.3593
vn -0.5879 0.6045 0.5375
vn -0.6922 0.5177 0.5029
vn -0.9332 0.0014 0.3593
vn -0.0009 0.9330 0.3598
vn 0.0358 -0.3318 0.9427
vn -0.0315 -0.4280 0.9032
vn -0.0041 -0.0563 0.9984
vn -0.0637 0.1828 0.9811
vn 0.0104 0.0562 0.9984
vn 0.3045 0.0375 0.9518
vn 0.0594 -0.0055 0.9982
vn -0.1733 -0.0630 0.9829
vn -0.0554 0.0120 0.9984
vn -0.3045 -0.0375 0.9518
vn -0.0594 0.0055 0.9982
vn 0.1733 0.0630 0.9829
vn 0.0554 -0.0120 0.9984
vn -0.0358 0.3318 0.9427
vn 0.0315 0.4280 0.9032
vn 0.0041 0.0563 0.9984
vn 0.0637 -0.1828 0.9811
vn -0.0104 -0.0562 0.9984
vn -0.1829 -0.0497 0.9819
vn -0.0727 -0.0442 0.9964
vn 0.0573 -0.2028 0.9775
vn 0.0440 -0.0777 0.9960
vn -0.0573 0.2028 0.9775
vn -0.0440 0.0777 0.9960
vn 0.1829 0.0497 0.9819
vn 0.0727 0.0442 0.9964
vn -0.3017 0.9281 0.2183
vn -0.9309 -0.2893 0.2230
vn -0.8353 -0.4778 0.2719
vn 0.9309 0.2893 0.2230
vn 0.8353 0.4778 0.2719
vn 0.3017 -0.9281 0.2183
vn 0.9734 0.1144 0.1986
vn 0.0674 0.9668 0.2464
vn -0.1034 0.9758 0.1928
vn -0.0674 -0.9668 0.2464
vn 0.1034 -0.9758 0.1928
vn -0.9734 -0.1144 0.1986
vn -0.9624 -0.1037 0.2511
vn 0.0933 -0.9654 0.2435
vn -0.0933 0.9654 0.2435
vn 0.9624 0.1037 0.2511
vn 0.3104 -0.9307 0.1936
vn 0.4748 -0.8449 0.2465
vn 0.9342 0.2978 0.1964
vn 0.8494 0.4654 0.2490
vn -0.9342 -0.2978 0.1964
vn -0.8494 -0.4654 0.2490
vn -0.3104 0.9307 0.1936
vn -0.4748 0.8449 0.2465
vn -0.0064 0.9915 0.1300
vn -0.9910 0.0076 0.1336
vn 0.9910 -0.0076 0.1336
vn 0.0064 -0.9915 0.1300
vn 0.9026 0.4144 0.1167
vn -0.4017 0.9087 0.1140
vn 0.4017 -0.9087 0.1140
vn -0.9026 -0.4144 0.1167
vn -0.0002 -0.9941 0.1086
vn -0.3537 -0.9286 0.1123
vn -0.1479 -0.9838 0.1011
vn 0.3537 0.9287 0.1118
vn 0.1710 0.9796 0.1053
vn 0.9935 0.0032 0.1134
vn 0.9241 -0.3654 0.1120
vn 0.9782 -0.1807 0.1024
vn -0.9240 0.3654 0.1125
vn -0.9771 0.1839 0.1067
vn -0.9935 -0.0032 0.1134
vn -0.9241 0.3654 0.1120
vn -0.9782 0.1807 0.1024
vn 0.9240 -0.3654 0.1125
vn 0.9771 -0.1839 0.1067
vn 0.0002 0.9941 0.1086
vn 0.3537 0.9286 0.1123
vn 0.1479 0.9838 0.1011
vn -0.3537 -0.9287 0.1118
vn -0.1710 -0.9796 0.1053
vn -0.6773 -0.7260 0.1192
vn -0.5245 -0.8430 0.1191
vn -0.8933 -0.4256 0.1444
vn -0.8028 -0.5845 0.1181
vn 0.6773 0.7260 0.1187
vn 0.5245 0.8431 0.1186
vn 0.8058 0.5814 0.1128
vn 0.7174 -0.6865 0.1187
vn 0.8363 -0.5352 0.1187
vn 0.4129 -0.9000 0.1401
vn 0.5739 -0.8106 0.1168
vn -0.7173 0.6865 0.1193
vn -0.8363 0.5352 0.1192
vn -0.5707 0.8133 0.1127
vn -0.7174 0.6865 0.1187
vn -0.8363 0.5352 0.1187
vn -0.4129 0.9000 0.1401
vn -0.5739 0.8106 0.1168
vn 0.7173 -0.6865 0.1193
vn 0.8363 -0.5352 0.1193
vn 0.5707 -0.8133 0.1128
vn 0.6773 0.7260 0.1192
vn 0.5245 0.8430 0.1191
vn 0.8933 0.4256 0.1444
vn 0.8028 0.5845 0.1181
vn -0.6773 -0.7260 0.1187
vn -0.5245 -0.8431 0.1186
vn -0.8058 -0.5814 0.1128
vn 0.0595 0.0861 0.9945
vn 0.0558 0.0936 0.9940
vn -0.0842 0.0619 0.9945
vn -0.0821 0.0630 0.9946
vn -0.0926 0.0613 0.9938
vn 0.0842 -0.0619 0.9945
vn 0.0821 -0.0630 0.9946
vn 0.0926 -0.0613 0.9938
vn -0.0595 -0.0861 0.9945
vn -0.0558 -0.0936 0.9940
vn -0.0735 -0.0734 0.9946
vn -0.0778 -0.0761 0.9941
vn -0.0752 -0.0898 0.9931
vn 0.0692 -0.0771 0.9946
vn 0.0725 -0.0839 0.9938
vn 0.0888 -0.0815 0.9927
vn -0.0692 0.0771 0.9946
vn -0.0725 0.0839 0.9938
vn -0.0888 0.0815 0.9927
vn 0.0735 0.0734 0.9946
vn 0.0778 0.0761 0.9941
vn 0.0752 0.0898 0.9931
vn 0.0649 0.0848 0.9943
vn -0.0575 -0.1102 0.9922
vn -0.0694 -0.0930 0.9932
vn -0.0816 0.0645 0.9946
vn 0.1128 -0.0610 0.9917
vn 0.0894 -0.0689 0.9936
vn 0.0816 -0.0645 0.9946
vn -0.1128 0.0610 0.9917
vn -0.0894 0.0689 0.9936
vn -0.0649 -0.0848 0.9943
vn 0.0575 0.1102 0.9922
vn 0.0694 0.0930 0.9932
vn -0.0648 -0.1212 0.9905
vn 0.1247 -0.0689 0.9898
vn -0.1247 0.0689 0.9898
vn 0.0648 0.1212 0.9905
vn 0.9856 0.0973 0.1380
vn 0.9751 -0.0198 0.2211
vn -0.9856 -0.0973 0.1380
vn -0.9751 0.0198 0.2211
vn -0.8803 -0.4260 0.2087
vn -0.9364 -0.3263 0.1294
vn 0.8803 0.4260 0.2087
vn 0.9364 0.3263 0.1294
vt 0.580534 0.735232
vt 0.578260 0.731778
vt 0.578397 0.731592
vt 0.580673 0.734957
vt 0.576029 0.728284
vt 0.576168 0.728178
vt 0.403462 0.511426
vt 0.406156 0.513281
vt 0.406152 0.513734
vt 0.403540 0.511905
vt 0.408945 0.516661
vt 0.408902 0.517001
vt 0.403394 0.511099
vt 0.400189 0.510338
vt 0.391792 0.518747
vt 0.403687 0.512638
vt 0.397531 0.512936
vt 0.394910 0.516037
vt 0.392288 0.519137
vt 0.389666 0.522238
vt 0.387045 0.525338
vt 0.384940 0.528345
vt 0.386352 0.531019
vt 0.387921 0.531033
vt 0.384940 0.528345
vt 0.610844 0.522678
vt 0.611892 0.520098
vt 0.601290 0.513406
vt 0.608821 0.523117
vt 0.608624 0.517984
vt 0.604713 0.515903
vt 0.600802 0.513823
vt 0.596890 0.511742
vt 0.592979 0.509661
vt 0.589172 0.507996
vt 0.585683 0.509162
vt 0.585784 0.510401
vt 0.386378 0.718923
vt 0.384943 0.721647
vt 0.391791 0.731253
vt 0.387924 0.718961
vt 0.387045 0.724662
vt 0.389666 0.727763
vt 0.392288 0.730863
vt 0.394910 0.733963
vt 0.397531 0.737064
vt 0.400178 0.739664
vt 0.394910 0.733963
vt 0.403317 0.738919
vt 0.403678 0.737364
vt 0.585597 0.740810
vt 0.589159 0.742001
vt 0.601289 0.736594
vt 0.585774 0.739595
vt 0.592979 0.740339
vt 0.596890 0.738258
vt 0.600802 0.736177
vt 0.604713 0.734097
vt 0.608624 0.732016
vt 0.611894 0.729910
vt 0.604713 0.734097
vt 0.610860 0.727376
vt 0.608823 0.726890
vt 0.422389 0.543956
vt 0.423049 0.543334
vt 0.424220 0.543082
vt 0.421398 0.544453
vt 0.423708 0.542712
vt 0.424367 0.542091
vt 0.425026 0.541469
vt 0.425473 0.540564
vt 0.424367 0.542091
vt 0.424314 0.537603
vt 0.424837 0.536328
vt 0.567968 0.538290
vt 0.568776 0.538817
vt 0.569071 0.539748
vt 0.567330 0.537493
vt 0.569585 0.539343
vt 0.570393 0.539870
vt 0.571201 0.540397
vt 0.572376 0.540750
vt 0.570393 0.539870
vt 0.576218 0.539785
vt 0.577830 0.540387
vt 0.425026 0.708531
vt 0.424367 0.707910
vt 0.424221 0.706918
vt 0.425473 0.709439
vt 0.423708 0.707288
vt 0.423049 0.706666
vt 0.422390 0.706044
vt 0.421402 0.705548
vt 0.423049 0.706666
vt 0.418014 0.706011
vt 0.416673 0.705206
vt 0.571201 0.709603
vt 0.570393 0.710130
vt 0.569071 0.710252
vt 0.572380 0.709251
vt 0.569584 0.710657
vt 0.568776 0.711184
vt 0.570393 0.710130
vt 0.567968 0.711711
vt 0.567330 0.712504
vt 0.568776 0.711184
vt 0.568001 0.715243
vt 0.567190 0.716333
vt 0.419728 0.718707
vt 0.417007 0.722525
vt 0.416873 0.722490
vt 0.419569 0.718743
vt 0.414228 0.726331
vt 0.414110 0.726226
vt 0.393164 0.715139
vt 0.397478 0.713479
vt 0.397699 0.713590
vt 0.393490 0.715254
vt 0.401848 0.711855
vt 0.401978 0.711966
vt 0.571740 0.528727
vt 0.573928 0.525099
vt 0.574089 0.525109
vt 0.571912 0.528675
vt 0.576184 0.521473
vt 0.576347 0.521543
vt 0.603674 0.527194
vt 0.598922 0.529448
vt 0.598632 0.529395
vt 0.603258 0.527161
vt 0.594095 0.531683
vt 0.593916 0.531611
vt 0.410519 0.541249
vt 0.406038 0.539665
vt 0.406049 0.539539
vt 0.410452 0.541115
vt 0.401557 0.538035
vt 0.401643 0.537907
vt 0.408945 0.516661
vt 0.411693 0.520265
vt 0.411627 0.520502
vt 0.408902 0.517001
vt 0.414417 0.523923
vt 0.414328 0.524067
vt 0.594415 0.718468
vt 0.599341 0.720769
vt 0.599114 0.720855
vt 0.594284 0.718562
vt 0.604134 0.723087
vt 0.603786 0.723165
vt 0.573821 0.724692
vt 0.573966 0.724650
vt 0.571664 0.721070
vt 0.571825 0.721091
vt 0.411399 0.730100
vt 0.411288 0.729918
vt 0.408552 0.733757
vt 0.408447 0.733478
vt 0.406317 0.710250
vt 0.406370 0.710364
vt 0.410806 0.708685
vt 0.410782 0.708809
vt 0.578509 0.517869
vt 0.578684 0.518002
vt 0.580884 0.514355
vt 0.581079 0.514568
vt 0.589144 0.533919
vt 0.589058 0.533829
vt 0.584163 0.536124
vt 0.584167 0.536008
vt 0.604134 0.723087
vt 0.608401 0.725385
vt 0.607889 0.725438
vt 0.603786 0.723165
vt 0.610617 0.727600
vt 0.610037 0.727584
vt 0.609234 0.727665
vt 0.607064 0.725923
vt 0.397093 0.536353
vt 0.397257 0.536217
vt 0.392732 0.534629
vt 0.392993 0.534477
vt 0.571664 0.721070
vt 0.569694 0.717611
vt 0.569892 0.717720
vt 0.571825 0.721091
vt 0.568441 0.714908
vt 0.568662 0.715107
vt 0.417147 0.527697
vt 0.417035 0.527766
vt 0.419840 0.531513
vt 0.419697 0.531511
vt 0.405731 0.737004
vt 0.405655 0.736594
vt 0.408447 0.733478
vt 0.402997 0.738659
vt 0.403006 0.738198
vt 0.402898 0.737574
vt 0.405046 0.735943
vt 0.410806 0.708685
vt 0.415087 0.707258
vt 0.414954 0.707409
vt 0.410782 0.708809
vt 0.418431 0.706363
vt 0.418186 0.706530
vt 0.580884 0.514355
vt 0.583338 0.511182
vt 0.583535 0.511507
vt 0.581079 0.514568
vt 0.586113 0.509333
vt 0.586225 0.509715
vt 0.586516 0.510211
vt 0.584420 0.511938
vt 0.575872 0.710473
vt 0.579676 0.711904
vt 0.579849 0.712075
vt 0.576163 0.710672
vt 0.584488 0.713987
vt 0.584541 0.714119
vt 0.584163 0.536124
vt 0.579404 0.538163
vt 0.579534 0.538001
vt 0.584167 0.536008
vt 0.575665 0.539539
vt 0.575923 0.539343
vt 0.585590 0.740515
vt 0.582914 0.738508
vt 0.583038 0.738135
vt 0.585625 0.740105
vt 0.580534 0.735232
vt 0.580673 0.734957
vt 0.392732 0.534629
vt 0.388794 0.532827
vt 0.389191 0.532672
vt 0.392993 0.534477
vt 0.386509 0.530733
vt 0.386975 0.530642
vt 0.387597 0.530401
vt 0.389738 0.531971
vt 0.424016 0.712095
vt 0.422273 0.715013
vt 0.422067 0.715141
vt 0.423777 0.712314
vt 0.419728 0.718707
vt 0.419569 0.718743
vt 0.419840 0.531513
vt 0.422332 0.535164
vt 0.422134 0.535065
vt 0.419697 0.531511
vt 0.424012 0.538037
vt 0.423774 0.537839
vt 0.386638 0.718911
vt 0.389106 0.716891
vt 0.389551 0.716996
vt 0.387129 0.718949
vt 0.393164 0.715139
vt 0.568409 0.534976
vt 0.569720 0.532228
vt 0.569921 0.532094
vt 0.568627 0.534759
vt 0.571740 0.528727
vt 0.571912 0.528675
vt 0.610550 0.522726
vt 0.608097 0.524915
vt 0.607540 0.524913
vt 0.609954 0.522790
vt 0.603674 0.527194
vt 0.603258 0.527161
vt 0.584488 0.713987
vt 0.589456 0.716207
vt 0.589416 0.716316
vt 0.584541 0.714119
vt 0.418254 0.543656
vt 0.414851 0.542714
vt 0.414680 0.542559
vt 0.417982 0.543491
vt 0.410519 0.541249
vt 0.410452 0.541115
vt 0.395485 0.516523
vt 0.392896 0.519438
vt 0.392288 0.519137
vt 0.398064 0.513693
vt 0.397531 0.512936
vt 0.604145 0.516374
vt 0.600452 0.514332
vt 0.600802 0.513823
vt 0.607726 0.518412
vt 0.608624 0.517984
vt 0.390237 0.727329
vt 0.392695 0.730344
vt 0.392288 0.730863
vt 0.387866 0.724341
vt 0.387045 0.724662
vt 0.596336 0.737748
vt 0.600158 0.735814
vt 0.600802 0.736177
vt 0.592548 0.739616
vt 0.592979 0.740339
vt 0.423875 0.541704
vt 0.424500 0.540999
vt 0.425026 0.541469
vt 0.423189 0.542378
vt 0.423708 0.542712
vt 0.570892 0.539464
vt 0.571814 0.539958
vt 0.571201 0.540397
vt 0.570009 0.538923
vt 0.569585 0.539343
vt 0.422555 0.707033
vt 0.421802 0.706424
vt 0.422390 0.706045
vt 0.423269 0.707687
vt 0.423708 0.707288
vt 0.569253 0.711591
vt 0.568460 0.712189
vt 0.567968 0.711711
vt 0.570109 0.711028
vt 0.569585 0.710657
vt 0.390355 0.522392
vt 0.387917 0.525359
vt 0.387045 0.525338
vt 0.596715 0.512321
vt 0.592967 0.510390
vt 0.592979 0.509661
vt 0.395196 0.733330
vt 0.397726 0.736226
vt 0.397531 0.737064
vt 0.603934 0.733837
vt 0.607591 0.731830
vt 0.608625 0.732016
vt 0.422464 0.543024
vt 0.421707 0.543624
vt 0.422390 0.543956
vt 0.569168 0.538349
vt 0.568393 0.537747
vt 0.567968 0.538290
vt 0.423940 0.708370
vt 0.424547 0.709078
vt 0.425026 0.708531
vt 0.571003 0.710495
vt 0.571929 0.710011
vt 0.571201 0.709603
vt 0.586595 0.732750
vt 0.589679 0.731296
vt 0.592799 0.734327
vt 0.589407 0.735881
vt 0.592783 0.729676
vt 0.596229 0.732608
vt 0.574467 0.719062
vt 0.575974 0.718092
vt 0.579349 0.721354
vt 0.577446 0.722467
vt 0.577564 0.717161
vt 0.581313 0.720243
vt 0.585193 0.723417
vt 0.582840 0.724712
vt 0.580528 0.725955
vt 0.396373 0.719915
vt 0.398229 0.722346
vt 0.394451 0.724674
vt 0.392463 0.722007
vt 0.400279 0.724796
vt 0.396639 0.727375
vt 0.413316 0.710889
vt 0.414533 0.712071
vt 0.410510 0.714600
vt 0.409111 0.713103
vt 0.415706 0.713315
vt 0.411907 0.716145
vt 0.407998 0.719075
vt 0.406368 0.717220
vt 0.404799 0.715398
vt 0.598705 0.523760
vt 0.595910 0.522056
vt 0.599809 0.519393
vt 0.602838 0.521254
vt 0.592881 0.520373
vt 0.596535 0.517543
vt 0.580797 0.534584
vt 0.579144 0.533735
vt 0.583282 0.530859
vt 0.585247 0.531920
vt 0.577530 0.532823
vt 0.581309 0.529756
vt 0.585193 0.526583
vt 0.587539 0.527884
vt 0.589805 0.529168
vt 0.404621 0.520544
vt 0.402470 0.522740
vt 0.399195 0.519818
vt 0.401552 0.517437
vt 0.400346 0.525131
vt 0.396849 0.522397
vt 0.417898 0.534151
vt 0.416829 0.535445
vt 0.413291 0.532306
vt 0.414627 0.530761
vt 0.415680 0.536707
vt 0.411904 0.533858
vt 0.407998 0.530925
vt 0.409635 0.529075
vt 0.411250 0.527291
vt 0.414497 0.537947
vt 0.410499 0.535400
vt 0.413232 0.539113
vt 0.409052 0.536882
vt 0.404741 0.534580
vt 0.406360 0.532777
vt 0.418259 0.540368
vt 0.417193 0.541235
vt 0.419240 0.539417
vt 0.420166 0.538428
vt 0.420990 0.537387
vt 0.405982 0.525850
vt 0.407878 0.523851
vt 0.404096 0.527990
vt 0.575948 0.531883
vt 0.579348 0.528639
vt 0.574461 0.530879
vt 0.577465 0.527489
vt 0.580560 0.523996
vt 0.582844 0.525282
vt 0.572707 0.534939
vt 0.571598 0.534094
vt 0.573928 0.535715
vt 0.575207 0.536446
vt 0.576550 0.537096
vt 0.591792 0.524912
vt 0.594334 0.526418
vt 0.589081 0.523414
vt 0.416847 0.714585
vt 0.413291 0.717703
vt 0.417891 0.715916
vt 0.414601 0.719287
vt 0.411212 0.722760
vt 0.409630 0.720932
vt 0.420232 0.711652
vt 0.421026 0.712718
vt 0.419323 0.710651
vt 0.418358 0.709691
vt 0.417325 0.708807
vt 0.402231 0.719837
vt 0.400512 0.717695
vt 0.404087 0.722001
vt 0.579188 0.716254
vt 0.583294 0.719143
vt 0.580895 0.715428
vt 0.585314 0.718104
vt 0.589869 0.720863
vt 0.587547 0.722120
vt 0.575328 0.713513
vt 0.576707 0.712885
vt 0.574033 0.714233
vt 0.572794 0.714996
vt 0.571658 0.715816
vt 0.586328 0.728065
vt 0.583613 0.729418
vt 0.589068 0.726592
vt 0.595852 0.728021
vt 0.599597 0.730831
vt 0.598752 0.726368
vt 0.602755 0.729028
vt 0.591794 0.725102
vt 0.594412 0.723635
vt 0.402366 0.727221
vt 0.398888 0.730035
vt 0.404443 0.729512
vt 0.401158 0.732532
vt 0.405963 0.724153
vt 0.407806 0.726219
vt 0.589812 0.518718
vt 0.593199 0.515739
vt 0.586790 0.517172
vt 0.589879 0.514074
vt 0.586350 0.521930
vt 0.583678 0.520512
vt 0.398258 0.527557
vt 0.394568 0.525032
vt 0.396306 0.529949
vt 0.392462 0.527658
vt 0.402226 0.530148
vt 0.400437 0.532261
vt 0.375123 0.033117
vt 0.375000 0.033156
vt 0.375000 0.033088
vt 0.375054 0.033024
vt 0.125082 0.716817
vt 0.125058 0.716934
vt 0.125007 0.716934
vt 0.125000 0.716844
vt 0.125089 0.717025
vt 0.125000 0.716976
vt 0.416786 0.000126
vt 0.416643 0.000050
vt 0.416697 0.000007
vt 0.416812 0.000000
vt 0.125090 0.749923
vt 0.125088 0.750000
vt 0.125037 0.750000
vt 0.125000 0.749950
vt 0.416861 0.999924
vt 0.416812 1.000000
vt 0.416722 1.000000
vt 0.416702 0.999921
vt 0.583209 0.000126
vt 0.583186 0.000000
vt 0.583277 0.000000
vt 0.583358 0.000050
vt 0.583132 0.999924
vt 0.583291 0.999924
vt 0.583298 0.999984
vt 0.583186 1.000000
vt 0.583389 0.999923
vt 0.583357 1.000000
vt 0.874924 0.716810
vt 0.875000 0.716854
vt 0.875000 0.716924
vt 0.874924 0.716937
vt 0.624842 0.033140
vt 0.624939 0.033017
vt 0.624991 0.033059
vt 0.625000 0.033153
vt 0.624908 0.999918
vt 0.625000 0.999917
vt 0.625000 0.999965
vt 0.624939 1.000000
vt 0.416791 0.249876
vt 0.416815 0.250000
vt 0.416714 0.250017
vt 0.416644 0.249951
vt 0.416861 0.250076
vt 0.416702 0.250079
vt 0.125091 0.500078
vt 0.125000 0.500049
vt 0.125000 0.500007
vt 0.125088 0.500000
vt 0.125085 0.533198
vt 0.125000 0.533154
vt 0.125004 0.533073
vt 0.125056 0.533069
vt 0.375106 0.216866
vt 0.375039 0.216965
vt 0.375000 0.216934
vt 0.375000 0.216846
vt 0.125090 0.532998
vt 0.125000 0.533035
vt 0.624842 0.233351
vt 0.625000 0.233380
vt 0.624996 0.233463
vt 0.624939 0.233491
vt 0.874924 0.533190
vt 0.874924 0.533063
vt 0.874968 0.533065
vt 0.875000 0.533146
vt 0.624908 0.233590
vt 0.625000 0.233555
vt 0.578601 0.249298
vt 0.578737 0.249363
vt 0.578657 0.249396
vt 0.578557 0.249387
vt 0.578778 0.249428
vt 0.578659 0.249463
vt 0.578508 0.249464
vt 0.402656 0.500078
vt 0.402764 0.499962
vt 0.402796 0.500003
vt 0.402761 0.500051
vt 0.402980 0.499924
vt 0.402910 0.499993
vt 0.402883 0.500081
vt 0.376138 0.538695
vt 0.376031 0.538741
vt 0.376023 0.538664
vt 0.376072 0.538599
vt 0.375954 0.538782
vt 0.375956 0.538663
vt 0.376011 0.538565
vt 0.625076 0.522188
vt 0.625007 0.522126
vt 0.624997 0.522034
vt 0.625038 0.522002
vt 0.624885 0.522106
vt 0.624938 0.522012
vt 0.624908 0.521909
vt 0.578082 0.500899
vt 0.578032 0.500817
vt 0.578141 0.500809
vt 0.578223 0.500851
vt 0.577981 0.500740
vt 0.578143 0.500742
vt 0.578265 0.500788
vt 0.374924 0.716815
vt 0.374998 0.716851
vt 0.374993 0.716932
vt 0.374924 0.716934
vt 0.375097 0.716902
vt 0.375050 0.716994
vt 0.374994 0.717018
vt 0.402898 0.749911
vt 0.402919 0.750000
vt 0.402808 0.750008
vt 0.402754 0.749951
vt 0.402980 0.750076
vt 0.402764 0.750038
vt 0.402656 0.749923
vt 0.578265 0.749211
vt 0.578143 0.749258
vt 0.578142 0.749191
vt 0.578224 0.749150
vt 0.577981 0.749260
vt 0.578037 0.749185
vt 0.578103 0.749109
vt 0.624876 0.727878
vt 0.625000 0.727863
vt 0.625008 0.727953
vt 0.624941 0.727995
vt 0.625076 0.727812
vt 0.625038 0.727996
vt 0.624908 0.728087
vt 0.602929 0.723713
vt 0.603042 0.723651
vt 0.603352 0.723820
vt 0.603134 0.723600
vt 0.603352 0.723820
vt 0.407761 0.732801
vt 0.407841 0.732891
vt 0.407633 0.733127
vt 0.407906 0.732964
vt 0.582058 0.515012
vt 0.581940 0.514951
vt 0.582123 0.514720
vt 0.581845 0.514901
vt 0.393556 0.533703
vt 0.393480 0.533794
vt 0.393193 0.533660
vt 0.393417 0.533867
vt 0.432125 0.540828
vt 0.432135 0.540698
vt 0.432187 0.540674
vt 0.432237 0.540756
vt 0.432123 0.540562
vt 0.432248 0.540659
vt 0.432390 0.540734
vt 0.422316 0.549765
vt 0.422238 0.549864
vt 0.422141 0.549830
vt 0.422167 0.549785
vt 0.422216 0.549986
vt 0.422118 0.549874
vt 0.422014 0.549805
vt 0.571896 0.546101
vt 0.572064 0.546106
vt 0.572095 0.546149
vt 0.571990 0.546192
vt 0.572253 0.546103
vt 0.572113 0.546199
vt 0.572015 0.546318
vt 0.560261 0.538210
vt 0.560133 0.538148
vt 0.560175 0.538066
vt 0.560232 0.538087
vt 0.559978 0.538132
vt 0.560118 0.538048
vt 0.560218 0.537970
vt 0.422316 0.700235
vt 0.422167 0.700215
vt 0.422141 0.700170
vt 0.422239 0.700136
vt 0.421999 0.700200
vt 0.422124 0.700121
vt 0.422216 0.700014
vt 0.432125 0.709172
vt 0.432237 0.709244
vt 0.432187 0.709326
vt 0.432136 0.709301
vt 0.432390 0.709266
vt 0.432241 0.709347
vt 0.432131 0.709427
vt 0.560261 0.711790
vt 0.560233 0.711914
vt 0.560175 0.711934
vt 0.560133 0.711852
vt 0.560224 0.712041
vt 0.560112 0.711946
vt 0.559978 0.711868
vt 0.571896 0.703899
vt 0.571990 0.703809
vt 0.572095 0.703851
vt 0.572063 0.703893
vt 0.572015 0.703682
vt 0.572121 0.703808
vt 0.572236 0.703891
vt 0.434227 0.544132
vt 0.434154 0.544079
vt 0.434256 0.544010
vt 0.434373 0.544059
vt 0.434084 0.544024
vt 0.434198 0.543951
vt 0.434351 0.543929
vt 0.434456 0.544004
vt 0.434558 0.544050
vt 0.426251 0.551231
vt 0.426175 0.551385
vt 0.426115 0.551258
vt 0.426187 0.551166
vt 0.426169 0.551558
vt 0.426113 0.551444
vt 0.426022 0.551330
vt 0.426045 0.551208
vt 0.426124 0.551108
vt 0.567657 0.547911
vt 0.567727 0.547838
vt 0.567810 0.547924
vt 0.567745 0.548062
vt 0.567792 0.547775
vt 0.567886 0.547867
vt 0.567911 0.547994
vt 0.567812 0.548119
vt 0.567752 0.548242
vt 0.558474 0.541509
vt 0.558315 0.541447
vt 0.558427 0.541393
vt 0.558541 0.541455
vt 0.558129 0.541445
vt 0.558227 0.541396
vt 0.558325 0.541319
vt 0.558480 0.541334
vt 0.558608 0.541397
vt 0.426251 0.698769
vt 0.426187 0.698834
vt 0.426115 0.698742
vt 0.426175 0.698615
vt 0.426124 0.698892
vt 0.426045 0.698792
vt 0.426022 0.698670
vt 0.426113 0.698556
vt 0.426169 0.698442
vt 0.434227 0.705868
vt 0.434373 0.705941
vt 0.434256 0.705990
vt 0.434155 0.705921
vt 0.434558 0.705950
vt 0.434456 0.705996
vt 0.434351 0.706071
vt 0.434198 0.706049
vt 0.434084 0.705976
vt 0.558474 0.708491
vt 0.558541 0.708545
vt 0.558427 0.708607
vt 0.558315 0.708553
vt 0.558608 0.708603
vt 0.558480 0.708666
vt 0.558325 0.708681
vt 0.558227 0.708604
vt 0.558129 0.708555
vt 0.567657 0.702089
vt 0.567745 0.701939
vt 0.567810 0.702076
vt 0.567727 0.702162
vt 0.567752 0.701758
vt 0.567812 0.701881
vt 0.567911 0.702007
vt 0.567886 0.702133
vt 0.567792 0.702225
vt 0.421405 0.532986
vt 0.420836 0.532043
vt 0.421193 0.532533
vt 0.419991 0.530794
vt 0.390577 0.534313
vt 0.391255 0.534650
vt 0.390763 0.534382
vt 0.392254 0.535160
vt 0.390763 0.534382
vt 0.582279 0.537385
vt 0.583268 0.537027
vt 0.582818 0.537226
vt 0.584405 0.536575
vt 0.582818 0.537226
vt 0.581303 0.512611
vt 0.580880 0.513112
vt 0.581220 0.512742
vt 0.580254 0.513830
vt 0.412578 0.707632
vt 0.411700 0.707857
vt 0.412107 0.707715
vt 0.410685 0.708159
vt 0.412107 0.707715
vt 0.407780 0.735682
vt 0.408256 0.735174
vt 0.407884 0.735543
vt 0.408954 0.734448
vt 0.407884 0.735543
vt 0.570237 0.719602
vt 0.570661 0.720484
vt 0.570371 0.720017
vt 0.571327 0.721665
vt 0.570371 0.720017
vt 0.606613 0.723759
vt 0.605882 0.723338
vt 0.606404 0.723661
vt 0.604811 0.722708
vt 0.606404 0.723661
vt 0.408880 0.515393
vt 0.408263 0.514782
vt 0.407996 0.514536
vt 0.407751 0.514285
vt 0.407996 0.514536
vt 0.605260 0.527126
vt 0.606003 0.526634
vt 0.606318 0.526419
vt 0.606615 0.526220
vt 0.606318 0.526419
vt 0.391833 0.714966
vt 0.391152 0.715360
vt 0.390850 0.715544
vt 0.390592 0.715691
vt 0.390850 0.715544
vt 0.580317 0.736329
vt 0.580860 0.736924
vt 0.581110 0.737174
vt 0.581312 0.737406
vt 0.581109 0.737174
vt 0.417887 0.543784
vt 0.418561 0.543918
vt 0.418660 0.543941
vt 0.418535 0.543947
vt 0.418613 0.543913
vt 0.418878 0.543953
vt 0.418798 0.543971
vt 0.568305 0.534556
vt 0.568074 0.535210
vt 0.568038 0.535299
vt 0.568034 0.535178
vt 0.568075 0.535258
vt 0.568013 0.535511
vt 0.567993 0.535424
vt 0.424012 0.712580
vt 0.424361 0.711872
vt 0.424411 0.711778
vt 0.424387 0.711914
vt 0.424370 0.711818
vt 0.424475 0.711547
vt 0.424471 0.711649
vt 0.576324 0.710418
vt 0.575558 0.710179
vt 0.575448 0.710142
vt 0.575596 0.710159
vt 0.575498 0.710175
vt 0.575199 0.710098
vt 0.575298 0.710098
vt 0.419936 0.531410
vt 0.419829 0.531238
vt 0.420141 0.531686
vt 0.419557 0.530834
vt 0.420141 0.531686
vt 0.571532 0.721145
vt 0.571613 0.721306
vt 0.571365 0.720882
vt 0.571826 0.721688
vt 0.571365 0.720882
vt 0.419580 0.543411
vt 0.419885 0.543607
vt 0.419795 0.543585
vt 0.419498 0.543451
vt 0.419863 0.543611
vt 0.419741 0.543590
vt 0.419381 0.543435
vt 0.568690 0.536047
vt 0.568431 0.536293
vt 0.568461 0.536220
vt 0.568643 0.535980
vt 0.568426 0.536274
vt 0.568456 0.536177
vt 0.568662 0.535891
vt 0.423973 0.710892
vt 0.424253 0.710649
vt 0.424212 0.710725
vt 0.424003 0.710971
vt 0.424254 0.710670
vt 0.424208 0.710773
vt 0.423968 0.711067
vt 0.574316 0.710506
vt 0.573995 0.710276
vt 0.574094 0.710310
vt 0.574415 0.710480
vt 0.574021 0.710275
vt 0.574158 0.710314
vt 0.574548 0.710513
vt 0.421901 0.535398
vt 0.421935 0.535365
vt 0.422072 0.535570
vt 0.421991 0.535354
vt 0.422072 0.535570
vt 0.579107 0.537815
vt 0.579150 0.537843
vt 0.578886 0.537953
vt 0.579163 0.537888
vt 0.415285 0.707669
vt 0.415253 0.707633
vt 0.415492 0.707556
vt 0.415249 0.707582
vt 0.415492 0.707556
vt 0.570222 0.717455
vt 0.570177 0.717480
vt 0.570068 0.717285
vt 0.570112 0.717482
vt 0.570068 0.717285
vt 0.608832 0.521135
vt 0.608847 0.521020
vt 0.609170 0.520847
vt 0.609220 0.520913
vt 0.608596 0.520892
vt 0.609208 0.520784
vt 0.609230 0.520802
vt 0.387634 0.721037
vt 0.387595 0.721165
vt 0.387296 0.721301
vt 0.387272 0.721217
vt 0.387765 0.721356
vt 0.387251 0.721366
vt 0.387237 0.721341
vt 0.423935 0.539099
vt 0.424168 0.539382
vt 0.424163 0.539427
vt 0.424000 0.539234
vt 0.424199 0.539477
vt 0.424193 0.539489
vt 0.423955 0.539311
vt 0.568730 0.713965
vt 0.568531 0.713689
vt 0.568545 0.713649
vt 0.568686 0.713839
vt 0.568516 0.713601
vt 0.568523 0.713590
vt 0.568751 0.713774
vt 0.405559 0.514315
vt 0.405509 0.514300
vt 0.405324 0.514152
vt 0.405420 0.514236
vt 0.405324 0.514152
vt 0.414960 0.542344
vt 0.415013 0.542353
vt 0.415260 0.542434
vt 0.415124 0.542381
vt 0.606801 0.524441
vt 0.606821 0.524401
vt 0.607018 0.524250
vt 0.606905 0.524330
vt 0.570195 0.532316
vt 0.570184 0.532358
vt 0.570071 0.532558
vt 0.570145 0.532447
vt 0.570071 0.532559
vt 0.390032 0.717667
vt 0.390007 0.717708
vt 0.389814 0.717843
vt 0.389924 0.717773
vt 0.389814 0.717843
vt 0.421874 0.714862
vt 0.421894 0.714816
vt 0.422035 0.714606
vt 0.421947 0.714721
vt 0.422035 0.714605
vt 0.583886 0.737758
vt 0.583941 0.737779
vt 0.584119 0.737935
vt 0.584028 0.737848
vt 0.584119 0.737935
vt 0.579487 0.712227
vt 0.579428 0.712211
vt 0.579154 0.712096
vt 0.579302 0.712166
vt 0.432068 0.548946
vt 0.432042 0.549009
vt 0.431971 0.549042
vt 0.431942 0.549015
vt 0.432072 0.549153
vt 0.431933 0.549122
vt 0.431875 0.549125
vt 0.561440 0.546244
vt 0.561380 0.546244
vt 0.561336 0.546165
vt 0.561364 0.546136
vt 0.561234 0.546281
vt 0.561260 0.546137
vt 0.561229 0.546075
vt 0.431875 0.700875
vt 0.431932 0.700878
vt 0.431971 0.700958
vt 0.431942 0.700986
vt 0.432072 0.700847
vt 0.432042 0.700991
vt 0.432068 0.701054
vt 0.561229 0.703925
vt 0.561260 0.703864
vt 0.561336 0.703835
vt 0.561364 0.703864
vt 0.561234 0.703719
vt 0.561380 0.703757
vt 0.561440 0.703756
vt 0.437105 0.545166
vt 0.437244 0.545101
vt 0.437266 0.545136
vt 0.437376 0.545036
vt 0.437266 0.545136
vt 0.427473 0.554757
vt 0.427477 0.554585
vt 0.427524 0.554587
vt 0.427485 0.554436
vt 0.566260 0.551348
vt 0.566341 0.551484
vt 0.566295 0.551499
vt 0.566426 0.551619
vt 0.555347 0.542582
vt 0.555532 0.542581
vt 0.555526 0.542619
vt 0.555695 0.542584
vt 0.555526 0.542619
vt 0.427551 0.695564
vt 0.427481 0.695425
vt 0.427524 0.695414
vt 0.427408 0.695286
vt 0.427524 0.695414
vt 0.437441 0.704910
vt 0.437257 0.704903
vt 0.437266 0.704864
vt 0.437095 0.704893
vt 0.437266 0.704864
vt 0.555695 0.707360
vt 0.555545 0.707416
vt 0.555526 0.707381
vt 0.555401 0.707472
vt 0.566349 0.698327
vt 0.566345 0.698506
vt 0.566296 0.698502
vt 0.566337 0.698661
vt 0.566296 0.698502
vt 0.421805 0.533767
vt 0.422283 0.534726
vt 0.422256 0.534748
vt 0.422521 0.535241
vt 0.422256 0.534748
vt 0.569967 0.718880
vt 0.569650 0.717996
vt 0.569685 0.717980
vt 0.569501 0.717524
vt 0.431202 0.548264
vt 0.431082 0.548330
vt 0.431037 0.548301
vt 0.430971 0.548394
vt 0.562305 0.545515
vt 0.562231 0.545411
vt 0.562268 0.545373
vt 0.562160 0.545315
vt 0.431010 0.701556
vt 0.431075 0.701663
vt 0.431037 0.701699
vt 0.431138 0.701762
vt 0.431037 0.701699
vt 0.562092 0.704654
vt 0.562223 0.704596
vt 0.562268 0.704627
vt 0.562343 0.704540
vt 0.562268 0.704627
vt 0.388932 0.516556
vt 0.388903 0.516533
vt 0.388822 0.516533
vt 0.250515 0.538782
vt 0.250516 0.538663
vt 0.250544 0.538565
vt 0.395946 0.233372
vt 0.395843 0.233459
vt 0.125000 0.516541
vt 0.125088 0.516533
vt 0.409921 0.375000
vt 0.409755 0.375000
vt 0.263902 0.500000
vt 0.263869 0.500078
vt 0.604054 0.241631
vt 0.604151 0.241732
vt 0.604147 0.241815
vt 0.750000 0.527689
vt 0.750000 0.527555
vt 0.625000 0.377756
vt 0.624908 0.377749
vt 0.604117 0.511047
vt 0.604152 0.511024
vt 0.604147 0.510940
vt 0.578245 0.375102
vt 0.578401 0.375102
vt 0.578522 0.375108
vt 0.395944 0.016630
vt 0.395843 0.016541
vt 0.125000 0.733459
vt 0.125087 0.733467
vt 0.250000 0.716815
vt 0.250000 0.716934
vt 0.250035 0.717018
vt 0.388932 0.733444
vt 0.388900 0.733465
vt 0.388822 0.733467
vt 0.409921 0.875000
vt 0.409755 0.875000
vt 0.263902 0.750000
vt 0.263869 0.749923
vt 0.604117 0.738953
vt 0.604146 0.738978
vt 0.604147 0.739057
vt 0.750000 0.722311
vt 0.750000 0.722445
vt 0.625000 0.863978
vt 0.624908 0.864003
vt 0.604054 0.016632
vt 0.604151 0.016536
vt 0.604151 1.000000
vt 0.604147 0.999921
vt 0.578245 0.874592
vt 0.578401 0.874591
vt 0.578522 0.874567
vt 0.375157 0.125003
vt 0.375000 0.125000
vt 0.125000 0.625000
vt 0.125082 0.625000
vt 0.375130 0.625000
vt 0.375000 0.625000
vt 0.374924 0.625000
vt 0.499998 0.999924
vt 0.500000 1.000000
vt 0.500000 0.000000
vt 0.500000 0.000121
vt 0.874924 0.625000
vt 0.875000 0.625000
vt 0.625000 0.133267
vt 0.624850 0.133259
vt 0.499998 0.250076
vt 0.500000 0.250000
vt 0.500000 0.249883
vt 0.493057 0.749898
vt 0.493049 0.750000
vt 0.493051 0.750076
vt 0.624854 0.625000
vt 0.625000 0.625000
vt 0.625076 0.625000
vt 0.493057 0.500102
vt 0.493049 0.500000
vt 0.493051 0.499924
vt 0.427220 0.545297
vt 0.427151 0.545243
vt 0.427121 0.545220
vt 0.566079 0.542155
vt 0.566145 0.542095
vt 0.566178 0.542073
vt 0.427220 0.704704
vt 0.427153 0.704760
vt 0.427121 0.704780
vt 0.566079 0.707845
vt 0.566149 0.707902
vt 0.566178 0.707927
vt 0.422216 0.625000
vt 0.422124 0.625000
vt 0.421993 0.625000
vt 0.496184 0.710567
vt 0.496180 0.710643
vt 0.496172 0.710747
vt 0.572015 0.625000
vt 0.572113 0.625000
vt 0.572261 0.625000
vt 0.496184 0.539433
vt 0.496180 0.539357
vt 0.496172 0.539253
vt 0.419790 0.530153
vt 0.420243 0.530746
vt 0.420847 0.532045
vt 0.419477 0.530272
vt 0.419610 0.530631
vt 0.394364 0.535995
vt 0.391955 0.535082
vt 0.391246 0.534650
vt 0.393533 0.535604
vt 0.393126 0.535321
vt 0.585935 0.536001
vt 0.584465 0.536704
vt 0.583265 0.537034
vt 0.585773 0.535822
vt 0.585303 0.535933
vt 0.579126 0.515549
vt 0.580352 0.513662
vt 0.580880 0.513104
vt 0.579579 0.514966
vt 0.579943 0.514665
vt 0.409302 0.708549
vt 0.410636 0.708030
vt 0.411704 0.707850
vt 0.409426 0.708748
vt 0.409833 0.708704
vt 0.410323 0.732652
vt 0.408852 0.734609
vt 0.408254 0.735182
vt 0.409790 0.733259
vt 0.409411 0.733549
vt 0.571425 0.722259
vt 0.571052 0.721692
vt 0.570650 0.720481
vt 0.571786 0.722180
vt 0.571719 0.721855
vt 0.602483 0.721578
vt 0.605120 0.722804
vt 0.605892 0.723340
vt 0.603398 0.722089
vt 0.603820 0.722413
vt 0.410356 0.517302
vt 0.412969 0.520626
vt 0.412629 0.520397
vt 0.409877 0.516825
vt 0.412368 0.520264
vt 0.409545 0.516605
vt 0.414934 0.523532
vt 0.414673 0.523485
vt 0.414590 0.523571
vt 0.409564 0.541566
vt 0.404411 0.539785
vt 0.404810 0.539773
vt 0.409439 0.541271
vt 0.405155 0.539774
vt 0.409774 0.541277
vt 0.400650 0.538402
vt 0.401308 0.538406
vt 0.401400 0.538319
vt 0.602636 0.528399
vt 0.598401 0.530474
vt 0.598659 0.530209
vt 0.603322 0.527965
vt 0.598850 0.529994
vt 0.603653 0.527683
vt 0.594632 0.532068
vt 0.594630 0.531886
vt 0.594523 0.531820
vt 0.571399 0.527840
vt 0.573858 0.523728
vt 0.573833 0.524087
vt 0.571756 0.527837
vt 0.573817 0.524371
vt 0.571737 0.528109
vt 0.575723 0.520776
vt 0.575704 0.521266
vt 0.575815 0.521341
vt 0.394231 0.714008
vt 0.398079 0.712464
vt 0.397838 0.712691
vt 0.393606 0.714349
vt 0.397642 0.712893
vt 0.393282 0.714602
vt 0.401461 0.711362
vt 0.401448 0.711542
vt 0.401524 0.711632
vt 0.419834 0.719740
vt 0.416758 0.724077
vt 0.416849 0.723687
vt 0.419506 0.719712
vt 0.416929 0.723367
vt 0.419586 0.719407
vt 0.414470 0.727175
vt 0.414584 0.726636
vt 0.414507 0.726536
vt 0.579081 0.734489
vt 0.576903 0.731301
vt 0.577221 0.731530
vt 0.579500 0.734949
vt 0.577486 0.731679
vt 0.579826 0.735185
vt 0.575361 0.728556
vt 0.575631 0.728618
vt 0.575746 0.728556
vt 0.585648 0.713849
vt 0.591377 0.716373
vt 0.590923 0.716331
vt 0.585761 0.714159
vt 0.590518 0.716269
vt 0.585369 0.714094
vt 0.595535 0.718284
vt 0.594785 0.718185
vt 0.594659 0.718247
vt 0.416791 0.525981
vt 0.416873 0.526352
vt 0.416977 0.526708
vt 0.398073 0.537567
vt 0.397787 0.537281
vt 0.397500 0.537040
vt 0.591281 0.533657
vt 0.590861 0.533694
vt 0.590414 0.533775
vt 0.576886 0.518679
vt 0.577262 0.518421
vt 0.577581 0.518194
vt 0.404496 0.710198
vt 0.404866 0.710210
vt 0.405248 0.710196
vt 0.412983 0.729397
vt 0.412583 0.729653
vt 0.412258 0.729866
vt 0.573834 0.726217
vt 0.573814 0.725876
vt 0.573780 0.725559
vt 0.598408 0.719493
vt 0.598713 0.719824
vt 0.599003 0.720091
vt 0.408265 0.514783
vt 0.407809 0.514315
vt 0.418700 0.544211
vt 0.410565 0.541958
vt 0.411789 0.542197
vt 0.417971 0.543985
vt 0.412793 0.542420
vt 0.417562 0.543807
vt 0.606003 0.526634
vt 0.606645 0.526249
vt 0.567650 0.535498
vt 0.570986 0.528459
vt 0.570506 0.529709
vt 0.568015 0.534716
vt 0.570155 0.530589
vt 0.568292 0.534336
vt 0.391152 0.715360
vt 0.390554 0.715672
vt 0.424778 0.711614
vt 0.420332 0.719094
vt 0.421015 0.717759
vt 0.424293 0.712441
vt 0.421521 0.716809
vt 0.423971 0.712832
vt 0.580859 0.736923
vt 0.581267 0.737386
vt 0.575459 0.709901
vt 0.584546 0.713319
vt 0.583175 0.712909
vt 0.576268 0.710226
vt 0.582037 0.712530
vt 0.576711 0.710457
vt 0.388790 0.525380
vt 0.386974 0.528317
vt 0.386974 0.528167
vt 0.388789 0.525382
vt 0.386730 0.527987
vt 0.388361 0.525370
vt 0.592954 0.511119
vt 0.589226 0.509692
vt 0.589417 0.509690
vt 0.592952 0.511118
vt 0.589643 0.509482
vt 0.592960 0.510761
vt 0.397922 0.735389
vt 0.400569 0.737698
vt 0.400414 0.737667
vt 0.397923 0.735390
vt 0.400178 0.737866
vt 0.397826 0.735800
vt 0.606557 0.731644
vt 0.609460 0.729538
vt 0.609422 0.729664
vt 0.606558 0.731643
vt 0.609668 0.729862
vt 0.607064 0.731735
vt 0.421359 0.543455
vt 0.420366 0.543810
vt 0.420023 0.543704
vt 0.421023 0.543292
vt 0.419897 0.543702
vt 0.421024 0.543292
vt 0.568609 0.537470
vt 0.568161 0.536678
vt 0.568302 0.536403
vt 0.568818 0.537204
vt 0.568307 0.536301
vt 0.568818 0.537204
vt 0.424303 0.709357
vt 0.424569 0.710253
vt 0.424392 0.710539
vt 0.424069 0.709626
vt 0.424367 0.710649
vt 0.424068 0.709625
vt 0.572300 0.710219
vt 0.573471 0.710012
vt 0.573849 0.710162
vt 0.572658 0.710419
vt 0.573992 0.710183
vt 0.572658 0.710419
vt 0.398597 0.514449
vt 0.396060 0.517010
vt 0.398598 0.514448
vt 0.395778 0.516771
vt 0.398335 0.514078
vt 0.393504 0.519738
vt 0.393504 0.519738
vt 0.393206 0.519590
vt 0.606828 0.518839
vt 0.603576 0.516846
vt 0.606830 0.518840
vt 0.603855 0.516614
vt 0.607269 0.518629
vt 0.600102 0.514841
vt 0.600274 0.514591
vt 0.388688 0.724021
vt 0.390807 0.726895
vt 0.388687 0.724019
vt 0.390527 0.727108
vt 0.388285 0.724178
vt 0.393102 0.729824
vt 0.393102 0.729824
vt 0.392902 0.730079
vt 0.592116 0.738893
vt 0.595782 0.737239
vt 0.592114 0.738894
vt 0.596054 0.737489
vt 0.592328 0.739248
vt 0.599514 0.735450
vt 0.599830 0.735628
vt 0.424232 0.540760
vt 0.423625 0.541507
vt 0.423384 0.541317
vt 0.423974 0.540528
vt 0.423973 0.540529
vt 0.422925 0.542208
vt 0.422671 0.542044
vt 0.572126 0.539734
vt 0.571146 0.539257
vt 0.571390 0.539057
vt 0.572428 0.539518
vt 0.571390 0.539057
vt 0.572427 0.539518
vt 0.570225 0.538708
vt 0.570433 0.538502
vt 0.570433 0.538502
vt 0.421502 0.706617
vt 0.422304 0.707221
vt 0.422062 0.707401
vt 0.421213 0.706803
vt 0.422062 0.707401
vt 0.421214 0.706803
vt 0.423045 0.707891
vt 0.422830 0.708086
vt 0.568710 0.712432
vt 0.569496 0.711799
vt 0.569730 0.711999
vt 0.568951 0.712667
vt 0.569730 0.711999
vt 0.568951 0.712667
vt 0.570376 0.711217
vt 0.570634 0.711399
vt 0.570634 0.711399
vt 0.391043 0.522546
vt 0.390706 0.522471
vt 0.596540 0.512900
vt 0.596540 0.512900
vt 0.596626 0.512616
vt 0.395482 0.732697
vt 0.395341 0.733007
vt 0.603155 0.733577
vt 0.603155 0.733577
vt 0.603537 0.733705
vt 0.422167 0.542866
vt 0.421880 0.542714
vt 0.569368 0.538111
vt 0.569560 0.537882
vt 0.423722 0.708605
vt 0.423513 0.708831
vt 0.571314 0.710681
vt 0.571614 0.710861
vt 0.401199 0.512210
vt 0.401023 0.512269
vt 0.400688 0.512090
vt 0.609631 0.520907
vt 0.609557 0.520765
vt 0.609771 0.520497
vt 0.386943 0.721147
vt 0.386968 0.721321
vt 0.386733 0.721587
vt 0.588460 0.740272
vt 0.588683 0.740254
vt 0.589031 0.740463
vt 0.424518 0.539859
vt 0.424330 0.539595
vt 0.424296 0.539488
vt 0.573299 0.539958
vt 0.573642 0.539801
vt 0.573781 0.539772
vt 0.420510 0.706245
vt 0.420194 0.706364
vt 0.420071 0.706375
vt 0.568239 0.713228
vt 0.568396 0.713484
vt 0.568413 0.713584
vt 0.389059 0.525547
vt 0.387663 0.528043
vt 0.387247 0.528140
vt 0.388772 0.525412
vt 0.387191 0.528200
vt 0.388790 0.525380
vt 0.592731 0.511334
vt 0.589566 0.510240
vt 0.589446 0.509907
vt 0.592912 0.511104
vt 0.589375 0.509864
vt 0.592955 0.511119
vt 0.398157 0.735182
vt 0.400435 0.737005
vt 0.400447 0.737410
vt 0.397952 0.735414
vt 0.400492 0.737472
vt 0.606278 0.731452
vt 0.608570 0.729633
vt 0.609090 0.729632
vt 0.606586 0.731621
vt 0.609172 0.729593
vt 0.421024 0.543292
vt 0.421020 0.543292
vt 0.420714 0.543125
vt 0.417763 0.543280
vt 0.417725 0.543261
vt 0.417457 0.543170
vt 0.568818 0.537202
vt 0.569037 0.536959
vt 0.568908 0.534580
vt 0.568933 0.534550
vt 0.569058 0.534333
vt 0.424068 0.709625
vt 0.424068 0.709627
vt 0.423829 0.709869
vt 0.423488 0.712485
vt 0.423459 0.712516
vt 0.423303 0.712744
vt 0.572662 0.710419
vt 0.572986 0.710619
vt 0.576387 0.710906
vt 0.576428 0.710930
vt 0.576724 0.711057
vt 0.419440 0.531889
vt 0.421927 0.535332
vt 0.421920 0.535341
vt 0.419440 0.531915
vt 0.419396 0.531956
vt 0.583684 0.535804
vt 0.579193 0.537836
vt 0.579181 0.537830
vt 0.583651 0.535804
vt 0.583597 0.535768
vt 0.411145 0.709107
vt 0.415216 0.707634
vt 0.415225 0.707642
vt 0.411172 0.709112
vt 0.411211 0.709159
vt 0.572203 0.720800
vt 0.570179 0.717510
vt 0.570189 0.717502
vt 0.572209 0.720778
vt 0.572268 0.720748
vt 0.398886 0.514741
vt 0.396318 0.517241
vt 0.396059 0.517011
vt 0.398615 0.514435
vt 0.393746 0.519930
vt 0.393495 0.519749
vt 0.393504 0.519738
vt 0.606453 0.519066
vt 0.603276 0.517049
vt 0.603569 0.516841
vt 0.606844 0.518853
vt 0.599850 0.515032
vt 0.600085 0.514832
vt 0.389043 0.723831
vt 0.391098 0.726718
vt 0.390812 0.726902
vt 0.388678 0.724002
vt 0.393352 0.729651
vt 0.393113 0.729838
vt 0.591851 0.738598
vt 0.595536 0.736999
vt 0.595783 0.737238
vt 0.592091 0.738902
vt 0.599276 0.735244
vt 0.599528 0.735443
vt 0.423386 0.541314
vt 0.423975 0.540520
vt 0.423164 0.541120
vt 0.423759 0.540303
vt 0.422674 0.542041
vt 0.422432 0.541861
vt 0.571395 0.539060
vt 0.572439 0.539520
vt 0.571647 0.538882
vt 0.572719 0.539347
vt 0.570437 0.538504
vt 0.570671 0.538312
vt 0.422058 0.707398
vt 0.421204 0.706800
vt 0.421813 0.707555
vt 0.420939 0.706945
vt 0.422826 0.708083
vt 0.422591 0.708261
vt 0.568951 0.712667
vt 0.569727 0.712001
vt 0.568948 0.712675
vt 0.569939 0.712203
vt 0.569146 0.712893
vt 0.570630 0.711401
vt 0.570870 0.711596
vt 0.408288 0.517507
vt 0.411087 0.520977
vt 0.411061 0.520984
vt 0.408253 0.517509
vt 0.410998 0.521054
vt 0.408180 0.517592
vt 0.413886 0.524527
vt 0.413868 0.524539
vt 0.413814 0.524601
vt 0.410851 0.540829
vt 0.406483 0.539159
vt 0.406510 0.539151
vt 0.410883 0.540826
vt 0.406551 0.539101
vt 0.410917 0.540784
vt 0.402088 0.537431
vt 0.402110 0.537417
vt 0.402160 0.537354
vt 0.602608 0.526672
vt 0.598022 0.528967
vt 0.598013 0.528946
vt 0.602606 0.526645
vt 0.597924 0.528896
vt 0.602500 0.526588
vt 0.593328 0.531260
vt 0.593313 0.531246
vt 0.593234 0.531203
vt 0.572276 0.528992
vt 0.574572 0.525453
vt 0.574582 0.525475
vt 0.572279 0.529017
vt 0.574645 0.525507
vt 0.572332 0.529043
vt 0.576950 0.521895
vt 0.576967 0.521913
vt 0.577047 0.521952
vt 0.393901 0.715922
vt 0.398098 0.714180
vt 0.398100 0.714205
vt 0.393896 0.715954
vt 0.398161 0.714276
vt 0.393968 0.716037
vt 0.402381 0.712458
vt 0.402390 0.712477
vt 0.402445 0.712537
vt 0.419330 0.718337
vt 0.416550 0.722028
vt 0.416546 0.722002
vt 0.419333 0.718308
vt 0.416501 0.721956
vt 0.419294 0.718272
vt 0.413695 0.725728
vt 0.413686 0.725705
vt 0.413629 0.725648
vt 0.581521 0.734642
vt 0.579147 0.731285
vt 0.579179 0.731284
vt 0.581563 0.734647
vt 0.579270 0.731236
vt 0.581670 0.734590
vt 0.576794 0.727860
vt 0.576818 0.727853
vt 0.576895 0.727810
vt 0.584017 0.714306
vt 0.588824 0.716571
vt 0.588791 0.716573
vt 0.583979 0.714303
vt 0.588731 0.716609
vt 0.583932 0.714334
vt 0.593650 0.718891
vt 0.593621 0.718899
vt 0.593548 0.718944
vt 0.391287 0.522718
vt 0.391029 0.522564
vt 0.596313 0.513093
vt 0.596515 0.512887
vt 0.395714 0.732515
vt 0.395499 0.732715
vt 0.395482 0.732697
vt 0.602909 0.733387
vt 0.603176 0.733565
vt 0.421883 0.542711
vt 0.421614 0.542541
vt 0.569564 0.537885
vt 0.569786 0.537671
vt 0.423510 0.708827
vt 0.423278 0.709033
vt 0.571611 0.710862
vt 0.571887 0.711056
vt 0.416691 0.528196
vt 0.416683 0.528217
vt 0.416634 0.528268
vt 0.397711 0.535650
vt 0.397722 0.535628
vt 0.397789 0.535551
vt 0.393469 0.533826
vt 0.393485 0.533803
vt 0.588510 0.533556
vt 0.588484 0.533550
vt 0.588418 0.533511
vt 0.579400 0.518360
vt 0.579428 0.518369
vt 0.579526 0.518423
vt 0.581900 0.514942
vt 0.581929 0.514955
vt 0.406764 0.710756
vt 0.406785 0.710767
vt 0.406830 0.710821
vt 0.410789 0.729390
vt 0.410768 0.729375
vt 0.410701 0.729297
vt 0.407872 0.732909
vt 0.407852 0.732889
vt 0.574464 0.724336
vt 0.574477 0.724320
vt 0.574546 0.724284
vt 0.598442 0.721254
vt 0.598425 0.721270
vt 0.598326 0.721323
vt 0.603063 0.723626
vt 0.603038 0.723642
vt 0.401175 0.513023
vt 0.401092 0.512560
vt 0.401130 0.512471
vt 0.608899 0.522900
vt 0.609128 0.522739
vt 0.609184 0.522725
vt 0.387996 0.719022
vt 0.387776 0.719162
vt 0.387728 0.719168
vt 0.588702 0.739604
vt 0.588678 0.740002
vt 0.588610 0.740069
vt 0.423486 0.537676
vt 0.423458 0.537646
vt 0.423315 0.537433
vt 0.573847 0.539693
vt 0.573824 0.539678
vt 0.574005 0.539499
vt 0.420006 0.706447
vt 0.420024 0.706465
vt 0.419846 0.706627
vt 0.568944 0.715279
vt 0.568968 0.715308
vt 0.569081 0.715510
vt 0.405538 0.514336
vt 0.405437 0.514404
vt 0.414970 0.542337
vt 0.415028 0.542314
vt 0.606775 0.524424
vt 0.606690 0.524345
vt 0.570205 0.532323
vt 0.570233 0.532369
vt 0.390049 0.717691
vt 0.390099 0.717797
vt 0.421867 0.714852
vt 0.421853 0.714798
vt 0.583916 0.737745
vt 0.584053 0.737707
vt 0.579475 0.712233
vt 0.579403 0.712244
vt 0.430211 0.547650
vt 0.430173 0.547621
vt 0.430104 0.547566
vt 0.563093 0.544677
vt 0.563131 0.544644
vt 0.563200 0.544586
vt 0.430211 0.702350
vt 0.430173 0.702380
vt 0.430104 0.702434
vt 0.563093 0.705324
vt 0.563131 0.705356
vt 0.563200 0.705414
vt 0.426164 0.625000
vt 0.426113 0.625000
vt 0.426022 0.625000
vt 0.496343 0.707258
vt 0.496342 0.707300
vt 0.496338 0.707376
vt 0.567758 0.625000
vt 0.567812 0.625000
vt 0.567911 0.625000
vt 0.496343 0.542743
vt 0.496342 0.542700
vt 0.496338 0.542624
vt 0.433371 0.542331
vt 0.433209 0.542340
vt 0.433105 0.542426
vt 0.424119 0.550658
vt 0.424125 0.550530
vt 0.424220 0.550437
vt 0.569963 0.547156
vt 0.569956 0.547022
vt 0.569844 0.546938
vt 0.559151 0.539726
vt 0.559313 0.539728
vt 0.559435 0.539803
vt 0.424119 0.699342
vt 0.424125 0.699470
vt 0.424220 0.699564
vt 0.433371 0.707669
vt 0.433209 0.707660
vt 0.433105 0.707574
vt 0.559151 0.710275
vt 0.559313 0.710273
vt 0.559435 0.710197
vt 0.569963 0.702844
vt 0.569956 0.702978
vt 0.569844 0.703062
vt 0.437901 0.546210
vt 0.437834 0.546086
vt 0.437805 0.546043
vt 0.428815 0.554993
vt 0.428669 0.554977
vt 0.428616 0.554966
vt 0.564920 0.551999
vt 0.565076 0.551975
vt 0.565133 0.551960
vt 0.554976 0.543700
vt 0.555034 0.543575
vt 0.555059 0.543532
vt 0.428815 0.695007
vt 0.428669 0.695023
vt 0.428616 0.695034
vt 0.437901 0.703791
vt 0.437834 0.703914
vt 0.437805 0.703957
vt 0.554976 0.706300
vt 0.555034 0.706425
vt 0.555059 0.706468
vt 0.564920 0.698001
vt 0.565076 0.698025
vt 0.565133 0.698041
vt 0.428680 0.625000
vt 0.428522 0.625000
vt 0.428471 0.625000
vt 0.496425 0.705163
vt 0.496424 0.705291
vt 0.496422 0.705334
vt 0.565083 0.625000
vt 0.565243 0.625000
vt 0.565297 0.625000
vt 0.496425 0.544837
vt 0.496424 0.544709
vt 0.496422 0.544667
vt 0.437441 0.545090
vt 0.437241 0.545095
vt 0.427474 0.554569
vt 0.427551 0.554436
vt 0.566349 0.551673
vt 0.566348 0.551477
vt 0.555547 0.542578
vt 0.555695 0.542640
vt 0.427473 0.695244
vt 0.427474 0.695431
vt 0.437241 0.704905
vt 0.437105 0.704834
vt 0.555347 0.707419
vt 0.555547 0.707422
vt 0.566348 0.698523
vt 0.566261 0.698652
vt 0.386210 0.528423
vt 0.385946 0.528263
vt 0.385734 0.528075
vt 0.385832 0.530905
vt 0.385798 0.530901
vt 0.385855 0.530883
vt 0.589085 0.509055
vt 0.589288 0.508835
vt 0.589526 0.508661
vt 0.585882 0.508764
vt 0.585890 0.508741
vt 0.585914 0.508788
vt 0.400520 0.738458
vt 0.400299 0.738675
vt 0.400061 0.738834
vt 0.403041 0.739355
vt 0.403027 0.739381
vt 0.403020 0.739323
vt 0.610398 0.729598
vt 0.610674 0.729784
vt 0.610879 0.729982
vt 0.611465 0.727585
vt 0.611506 0.727597
vt 0.611434 0.727601
vt 0.421104 0.544192
vt 0.420719 0.544066
vt 0.420346 0.543948
vt 0.567662 0.537269
vt 0.567831 0.536955
vt 0.567990 0.536655
vt 0.425133 0.709652
vt 0.424921 0.709978
vt 0.424720 0.710292
vt 0.572679 0.709540
vt 0.573102 0.709715
vt 0.573512 0.709883
vt 0.424369 0.538265
vt 0.422443 0.535043
vt 0.422453 0.535033
vt 0.424403 0.538288
vt 0.424387 0.538166
vt 0.392932 0.535172
vt 0.389144 0.533497
vt 0.388648 0.533197
vt 0.392645 0.534908
vt 0.388548 0.533121
vt 0.392552 0.534849
vt 0.584971 0.536025
vt 0.580793 0.537867
vt 0.579751 0.538186
vt 0.584429 0.536155
vt 0.579562 0.538254
vt 0.584298 0.536202
vt 0.575368 0.539833
vt 0.575340 0.539861
vt 0.575450 0.539851
vt 0.580155 0.514503
vt 0.582466 0.511413
vt 0.582846 0.511044
vt 0.580509 0.514275
vt 0.582944 0.510971
vt 0.580589 0.514202
vt 0.410123 0.708659
vt 0.413888 0.707354
vt 0.414803 0.707179
vt 0.410592 0.708607
vt 0.414970 0.707136
vt 0.410709 0.708579
vt 0.418723 0.706098
vt 0.418750 0.706072
vt 0.418659 0.706065
vt 0.409193 0.733703
vt 0.406510 0.736879
vt 0.406100 0.737245
vt 0.408841 0.733910
vt 0.406000 0.737312
vt 0.408756 0.733982
vt 0.568094 0.714670
vt 0.569541 0.717702
vt 0.569529 0.717710
vt 0.568061 0.714645
vt 0.568051 0.714752
vt 0.604018 0.722580
vt 0.608138 0.724742
vt 0.608663 0.725098
vt 0.604302 0.722865
vt 0.608764 0.725182
vt 0.604399 0.722933
vt 0.409363 0.516485
vt 0.412057 0.520119
vt 0.411803 0.520013
vt 0.409051 0.516306
vt 0.411783 0.520015
vt 0.409009 0.516287
vt 0.414488 0.523743
vt 0.414482 0.523711
vt 0.414561 0.523619
vt 0.409976 0.541308
vt 0.405551 0.539786
vt 0.405940 0.539790
vt 0.410459 0.541367
vt 0.405970 0.539788
vt 0.410524 0.541379
vt 0.401494 0.538175
vt 0.401510 0.538195
vt 0.401420 0.538289
vt 0.603798 0.527554
vt 0.599042 0.529760
vt 0.599206 0.529540
vt 0.604068 0.527285
vt 0.599209 0.529521
vt 0.604103 0.527248
vt 0.594314 0.531740
vt 0.594355 0.531735
vt 0.594477 0.531802
vt 0.571689 0.528282
vt 0.573790 0.524703
vt 0.573775 0.525015
vt 0.571599 0.528670
vt 0.573775 0.525039
vt 0.571581 0.528724
vt 0.576003 0.521419
vt 0.575977 0.521431
vt 0.575856 0.521358
vt 0.393139 0.714718
vt 0.397442 0.713115
vt 0.397267 0.713327
vt 0.392867 0.714967
vt 0.397261 0.713347
vt 0.392830 0.715002
vt 0.401681 0.711753
vt 0.401647 0.711752
vt 0.401558 0.711659
vt 0.419668 0.719218
vt 0.417030 0.722994
vt 0.417116 0.722643
vt 0.419836 0.718790
vt 0.417121 0.722615
vt 0.419864 0.718732
vt 0.414367 0.726420
vt 0.414391 0.726411
vt 0.414476 0.726510
vt 0.580005 0.735312
vt 0.577806 0.731846
vt 0.578069 0.731972
vt 0.580319 0.735510
vt 0.578094 0.731973
vt 0.580364 0.735533
vt 0.575903 0.728425
vt 0.575902 0.728452
vt 0.575791 0.728520
vt 0.585137 0.714031
vt 0.590054 0.716187
vt 0.589597 0.716114
vt 0.584581 0.713892
vt 0.589561 0.716110
vt 0.584507 0.713869
vt 0.594520 0.718357
vt 0.594505 0.718337
vt 0.594629 0.718269
vt 0.417102 0.527127
vt 0.417166 0.527442
vt 0.417211 0.527527
vt 0.419830 0.531239
vt 0.419751 0.530955
vt 0.397275 0.536821
vt 0.397102 0.536596
vt 0.397016 0.536546
vt 0.589931 0.533868
vt 0.589481 0.533930
vt 0.589363 0.533970
vt 0.577888 0.518006
vt 0.578186 0.517870
vt 0.578253 0.517803
vt 0.405662 0.710174
vt 0.406043 0.710182
vt 0.406148 0.710158
vt 0.411952 0.730037
vt 0.411667 0.730150
vt 0.411595 0.730217
vt 0.573737 0.725184
vt 0.573738 0.724906
vt 0.573707 0.724828
vt 0.571612 0.721306
vt 0.571636 0.721559
vt 0.599225 0.720326
vt 0.599384 0.720558
vt 0.599476 0.720617
vt 0.400293 0.511114
vt 0.400622 0.511294
vt 0.400932 0.511516
vt 0.403307 0.510732
vt 0.403291 0.510667
vt 0.403302 0.510705
vt 0.610971 0.520177
vt 0.610741 0.520444
vt 0.610465 0.520695
vt 0.611389 0.522601
vt 0.611467 0.522586
vt 0.611406 0.522598
vt 0.385698 0.721727
vt 0.385945 0.721466
vt 0.386225 0.721233
vt 0.385937 0.718897
vt 0.385871 0.718900
vt 0.385921 0.718898
vt 0.589239 0.741340
vt 0.588899 0.741132
vt 0.588593 0.740893
vt 0.585591 0.741116
vt 0.585593 0.741173
vt 0.585591 0.741141
vt 0.424695 0.539818
vt 0.424902 0.540106
vt 0.425162 0.540425
vt 0.573348 0.540105
vt 0.572984 0.540271
vt 0.572614 0.540448
vt 0.420485 0.706087
vt 0.420818 0.705965
vt 0.421158 0.705829
vt 0.568039 0.713250
vt 0.567868 0.712972
vt 0.567645 0.712660
vt 0.406700 0.513241
vt 0.406318 0.512883
vt 0.406270 0.512869
vt 0.413743 0.542625
vt 0.414724 0.542825
vt 0.414820 0.542846
vt 0.608003 0.525397
vt 0.608538 0.525052
vt 0.608570 0.525008
vt 0.569889 0.531288
vt 0.569591 0.532114
vt 0.569558 0.532196
vt 0.389284 0.716371
vt 0.388782 0.716657
vt 0.388747 0.716700
vt 0.421911 0.716054
vt 0.422359 0.715157
vt 0.422406 0.715069
vt 0.582274 0.738455
vt 0.582623 0.738812
vt 0.582676 0.738832
vt 0.580959 0.712177
vt 0.579844 0.711824
vt 0.579735 0.711788
vt 0.394564 0.532279
vt 0.390675 0.530257
vt 0.390724 0.530135
vt 0.394626 0.532177
vt 0.390889 0.529925
vt 0.394758 0.532014
vt 0.583847 0.515800
vt 0.586590 0.512669
vt 0.586748 0.512707
vt 0.583979 0.515849
vt 0.587024 0.512842
vt 0.584193 0.515958
vt 0.406498 0.731591
vt 0.403470 0.734724
vt 0.403351 0.734653
vt 0.406403 0.731512
vt 0.403162 0.734449
vt 0.406256 0.731350
vt 0.601387 0.724727
vt 0.605525 0.727185
vt 0.605437 0.727279
vt 0.601289 0.724801
vt 0.605188 0.727424
vt 0.601092 0.724914
vt 0.582716 0.714734
vt 0.587378 0.717173
vt 0.587304 0.717202
vt 0.582647 0.714755
vt 0.587198 0.717252
vt 0.582550 0.714794
vt 0.591919 0.719785
vt 0.592042 0.719719
vt 0.592124 0.719679
vt 0.418778 0.717328
vt 0.415782 0.720899
vt 0.415745 0.720842
vt 0.418751 0.717276
vt 0.415683 0.720760
vt 0.418703 0.717202
vt 0.412569 0.724370
vt 0.412653 0.724466
vt 0.412704 0.724531
vt 0.573133 0.529784
vt 0.575723 0.526297
vt 0.575779 0.526340
vt 0.573175 0.529825
vt 0.575870 0.526400
vt 0.573247 0.529882
vt 0.578591 0.522859
vt 0.578469 0.522791
vt 0.578394 0.522744
vt 0.411850 0.540156
vt 0.407547 0.538253
vt 0.407602 0.538209
vt 0.411903 0.540123
vt 0.407679 0.538136
vt 0.411976 0.540065
vt 0.403305 0.536135
vt 0.403219 0.536231
vt 0.403161 0.536290
vt 0.415961 0.541954
vt 0.416023 0.541934
vt 0.416097 0.541885
vt 0.418748 0.532954
vt 0.415756 0.529380
vt 0.415829 0.529294
vt 0.418812 0.532873
vt 0.415871 0.529236
vt 0.418843 0.532816
vt 0.412821 0.525627
vt 0.412766 0.525685
vt 0.412680 0.525775
vt 0.421564 0.536375
vt 0.421620 0.536297
vt 0.421631 0.536233
vt 0.406581 0.518844
vt 0.403651 0.515632
vt 0.403810 0.515480
vt 0.406708 0.518730
vt 0.403918 0.515422
vt 0.406794 0.518667
vt 0.409605 0.522248
vt 0.409709 0.522151
vt 0.409778 0.522092
vt 0.570685 0.533114
vt 0.570710 0.533162
vt 0.570771 0.533221
vt 0.582321 0.535255
vt 0.587002 0.532814
vt 0.587113 0.532873
vt 0.582428 0.535308
vt 0.587187 0.532907
vt 0.582503 0.535332
vt 0.591925 0.530415
vt 0.591851 0.530371
vt 0.591735 0.530303
vt 0.577849 0.537549
vt 0.577951 0.537595
vt 0.578035 0.537603
vt 0.600890 0.525320
vt 0.605137 0.522924
vt 0.605324 0.523047
vt 0.601031 0.525417
vt 0.605397 0.523132
vt 0.601111 0.525485
vt 0.596388 0.527791
vt 0.596510 0.527872
vt 0.596585 0.527927
vt 0.421618 0.713914
vt 0.421606 0.713858
vt 0.421566 0.713786
vt 0.412175 0.709919
vt 0.407852 0.711825
vt 0.407772 0.711741
vt 0.412096 0.709845
vt 0.407718 0.711692
vt 0.412038 0.709807
vt 0.403342 0.713642
vt 0.403393 0.713703
vt 0.403472 0.713800
vt 0.416301 0.708137
vt 0.416222 0.708073
vt 0.416152 0.708052
vt 0.394974 0.717760
vt 0.391012 0.719691
vt 0.390891 0.719517
vt 0.394882 0.717624
vt 0.390852 0.719408
vt 0.394833 0.717533
vt 0.399157 0.715789
vt 0.399076 0.715677
vt 0.399028 0.715602
vt 0.578258 0.712422
vt 0.578182 0.712430
vt 0.578088 0.712463
vt 0.573231 0.719977
vt 0.575820 0.723471
vt 0.575715 0.723533
vt 0.573139 0.720038
vt 0.575654 0.723575
vt 0.573092 0.720083
vt 0.578299 0.727105
vt 0.578376 0.727064
vt 0.578499 0.727002
vt 0.570805 0.716638
vt 0.570727 0.716700
vt 0.570701 0.716755
vt 0.583863 0.733825
vt 0.586470 0.737004
vt 0.586244 0.737103
vt 0.583685 0.733898
vt 0.586102 0.737131
vt 0.583567 0.733936
vt 0.581195 0.730469
vt 0.581049 0.730533
vt 0.580953 0.730571
vt 0.596850 0.722210
vt 0.596760 0.722266
vt 0.596608 0.722352
vt 0.409594 0.728139
vt 0.409524 0.728067
vt 0.409411 0.727944
vt 0.581109 0.519206
vt 0.581209 0.519255
vt 0.581372 0.519338
vt 0.398785 0.534294
vt 0.398845 0.534215
vt 0.398949 0.534091
vt 0.431010 0.548444
vt 0.431077 0.548333
vt 0.562092 0.545347
vt 0.562228 0.545407
vt 0.431202 0.701736
vt 0.431077 0.701667
vt 0.562305 0.704485
vt 0.562228 0.704594
vt 0.500000 0.127067
vt 0.256951 0.733467
vt 0.250000 0.625000
vt 0.496525 0.875000
vt 0.604147 0.869489
vt 0.750000 0.625000
vt 0.256951 0.516533
vt 0.496525 0.375000
vt 0.604147 0.376378
vt 0.403687 0.512638
vt 0.494636 0.519787
vt 0.438247 0.520871
vt 0.438247 0.520871
vt 0.416108 0.522821
vt 0.387921 0.531033
vt 0.399218 0.563947
vt 0.398676 0.625000
vt 0.387921 0.531033
vt 0.400824 0.540000
vt 0.598401 0.625000
vt 0.597655 0.558822
vt 0.597655 0.558822
vt 0.595440 0.533371
vt 0.608821 0.523117
vt 0.608821 0.523117
vt 0.585784 0.510401
vt 0.551235 0.519740
vt 0.573997 0.520873
vt 0.399218 0.686053
vt 0.400836 0.709994
vt 0.387924 0.718961
vt 0.387924 0.718961
vt 0.403678 0.737364
vt 0.438247 0.729129
vt 0.494636 0.730213
vt 0.403678 0.737364
vt 0.416098 0.727190
vt 0.438247 0.729129
vt 0.551235 0.730260
vt 0.573988 0.729116
vt 0.585774 0.739595
vt 0.608823 0.726890
vt 0.597655 0.691179
vt 0.608823 0.726890
vt 0.595454 0.716636
vt 0.496653 0.625000
vt 0.496383 0.543705
vt 0.427317 0.625000
vt 0.566527 0.625000
vt 0.496383 0.706296
vt 0.393504 0.519738
vt 0.396060 0.517010
vt 0.596540 0.512900
vt 0.603576 0.516845
vt 0.395482 0.732696
vt 0.390807 0.726895
vt 0.603155 0.733577
vt 0.595782 0.737239
vt 0.421880 0.542714
vt 0.423384 0.541317
vt 0.569560 0.537882
vt 0.571390 0.539057
vt 0.422830 0.708087
vt 0.422062 0.707401
vt 0.571614 0.710860
vt 0.570634 0.711399
vt 0.569730 0.711999
vt 0.388790 0.525380
vt 0.387068 0.528155
vt 0.589430 0.509766
vt 0.397922 0.735389
vt 0.400422 0.737576
vt 0.606557 0.731644
vt 0.609308 0.729655
vt 0.419954 0.543667
vt 0.421024 0.543292
vt 0.568350 0.536348
vt 0.568818 0.537204
vt 0.568818 0.537204
vt 0.424337 0.710595
vt 0.573923 0.710207
vt 0.572657 0.710419
vt 0.398597 0.514449
vt 0.401051 0.512373
vt 0.606828 0.518839
vt 0.609429 0.520788
vt 0.606828 0.518839
vt 0.388688 0.724021
vt 0.387076 0.721319
vt 0.388688 0.724020
vt 0.588677 0.740164
vt 0.592116 0.738893
vt 0.423973 0.540529
vt 0.424281 0.539550
vt 0.573701 0.539760
vt 0.421214 0.706803
vt 0.421214 0.706803
vt 0.420139 0.706397
vt 0.568951 0.712667
vt 0.568441 0.713529
vt 0.421398 0.544453
vt 0.416669 0.544794
vt 0.416669 0.544794
vt 0.567330 0.537493
vt 0.567189 0.533665
vt 0.425473 0.709439
vt 0.424837 0.713675
vt 0.424837 0.713675
vt 0.577835 0.709614
vt 0.577835 0.709614
vt 0.417193 0.541235
vt 0.420990 0.537387
vt 0.401552 0.517437
vt 0.571598 0.534094
vt 0.576550 0.537096
vt 0.602838 0.521254
vt 0.421026 0.712718
vt 0.417325 0.708807
vt 0.392463 0.722006
vt 0.576707 0.712884
vt 0.571658 0.715816
vt 0.589407 0.735881
vt 0.602755 0.729028
vt 0.401158 0.732532
vt 0.405046 0.735943
vt 0.589879 0.514074
vt 0.584420 0.511938
vt 0.392462 0.527658
vt 0.389738 0.531971
vt 0.428662 0.546431
vt 0.424837 0.536328
vt 0.496261 0.541028
vt 0.424837 0.536328
vt 0.416669 0.544794
vt 0.424119 0.625000
vt 0.564639 0.543371
vt 0.577830 0.540387
vt 0.569963 0.625000
vt 0.577830 0.540387
vt 0.551235 0.519740
vt 0.428662 0.703569
vt 0.416673 0.705206
vt 0.424837 0.713675
vt 0.496261 0.708972
vt 0.564640 0.706629
vt 0.577835 0.709614
vt 0.387921 0.531033
vt 0.416673 0.705206
vt 0.403678 0.737364
vt 0.567190 0.716333
vt 0.608821 0.523117
vt 0.387924 0.718961
vt 0.585774 0.739595
vt 0.388794 0.532827
vt 0.583339 0.511182
vt 0.405731 0.737004
vt 0.608401 0.725385
vt 0.414851 0.542714
vt 0.569720 0.532228
vt 0.422273 0.715013
vt 0.579676 0.711904
vt 0.422332 0.535164
vt 0.419840 0.531513
vt 0.417147 0.527697
vt 0.397093 0.536353
vt 0.579404 0.538163
vt 0.584163 0.536124
vt 0.589144 0.533919
vt 0.578509 0.517869
vt 0.415087 0.707258
vt 0.410806 0.708685
vt 0.408552 0.733757
vt 0.411399 0.730100
vt 0.571665 0.721070
vt 0.573821 0.724692
vt 0.604134 0.723087
vt 0.599341 0.720770
vt 0.411693 0.520265
vt 0.406038 0.539665
vt 0.410519 0.541249
vt 0.598922 0.529448
vt 0.608097 0.524915
vt 0.576184 0.521473
vt 0.573928 0.525099
vt 0.401848 0.711855
vt 0.393164 0.715139
vt 0.389106 0.716891
vt 0.414228 0.726331
vt 0.417006 0.722525
vt 0.576029 0.728284
vt 0.578260 0.731778
vt 0.580534 0.735232
vt 0.582914 0.738508
vt 0.594415 0.718468
vt 0.413232 0.539113
vt 0.417898 0.534151
vt 0.404621 0.520544
vt 0.574461 0.530879
vt 0.580797 0.534583
vt 0.598705 0.523760
vt 0.417891 0.715916
vt 0.396373 0.719915
vt 0.580895 0.715428
vt 0.574467 0.719062
vt 0.586595 0.732750
vt 0.404443 0.729512
vt 0.396306 0.529949
vt 0.576149 0.539097
vt 0.417964 0.706752
vt 0.403448 0.512537
vt 0.585900 0.739601
s 1
f 39/1/1 255/2/2 384/3/3 212/4/4
f 255/2/2 23/5/5 183/6/6 384/3/3
f 9/7/7 265/8/8 385/9/9 180/10/10
f 265/8/8 33/11/11 177/12/12 385/9/9
f 73/13/13 169/14/14 391/15/15 137/16/15
f 57/17/16 153/18/15 391/15/15 169/14/14
f 58/19/15 161/20/15 391/15/15 153/18/15
f 41/21/17 129/22/18 391/15/15 161/20/15
f 42/23/19 138/24/15 391/15/15 129/25/18
f 74/26/20 170/27/21 392/28/15 139/29/15
f 59/30/22 154/31/15 392/28/15 170/27/21
f 60/32/15 162/33/15 392/28/15 154/31/15
f 43/34/23 130/35/24 392/28/15 162/33/15
f 44/36/25 140/37/15 392/28/15 130/35/24
f 75/38/26 171/39/27 393/40/15 141/41/15
f 61/42/28 155/43/15 393/40/15 171/39/27
f 62/44/15 163/45/15 393/40/15 155/43/15
f 45/46/29 131/47/30 393/40/15 163/48/15
f 46/49/31 142/50/15 393/40/15 131/47/30
f 76/51/32 172/52/33 394/53/15 143/54/15
f 63/55/34 156/56/15 394/53/15 172/52/33
f 64/57/15 164/58/15 394/53/15 156/56/15
f 47/59/35 132/60/36 394/53/15 164/61/15
f 48/62/37 144/63/15 394/53/15 132/60/36
f 49/64/38 165/65/15 395/66/39 133/67/40
f 66/68/15 157/69/15 395/66/39 165/65/15
f 65/70/41 173/71/42 395/66/39 157/72/15
f 53/73/43 146/74/15 395/66/39 173/71/42
f 50/75/44 166/76/15 396/77/45 134/78/46
f 68/79/15 158/80/15 396/77/45 166/76/15
f 67/81/47 174/82/48 396/77/45 158/83/15
f 54/84/49 148/85/15 396/77/45 174/82/48
f 51/86/50 167/87/15 397/88/51 135/89/52
f 70/90/15 159/91/15 397/88/51 167/87/15
f 69/92/53 175/93/54 397/88/51 159/94/15
f 55/95/55 150/96/15 397/88/51 175/93/54
f 52/97/56 168/98/15 398/99/57 136/100/58
f 72/101/15 160/102/15 398/99/57 168/103/15
f 71/104/59 176/105/60 398/99/57 160/106/15
f 56/107/61 152/108/15 398/99/57 176/105/60
f 38/109/62 254/110/63 407/111/64 217/112/65
f 254/110/63 22/113/66 185/114/67 407/111/64
f 37/115/68 253/116/69 410/117/70 223/118/71
f 253/116/69 21/119/72 187/120/73 410/117/70
f 36/121/74 252/122/75 413/123/76 228/124/77
f 252/122/75 20/125/78 189/126/79 413/123/76
f 35/127/80 251/128/81 416/129/82 234/130/83
f 251/128/81 19/131/84 191/132/85 416/129/82
f 34/133/86 250/134/87 418/135/88 240/136/89
f 250/134/87 18/137/90 194/138/91 418/135/88
f 33/139/11 249/140/92 420/141/93 177/142/12
f 249/140/92 17/143/94 197/144/95 420/141/93
f 24/145/96 264/146/97 427/147/98 238/148/99
f 264/146/97 32/149/100 192/150/101 427/147/98
f 23/5/5 263/151/102 429/152/103 183/6/6
f 263/151/102 31/153/104 195/154/105 429/152/103
f 22/113/66 262/155/106 431/156/107 185/114/67
f 262/155/106 30/157/108 198/158/109 431/156/107
f 21/119/72 261/159/110 433/160/111 187/120/73
f 261/159/110 29/161/112 201/162/113 433/160/111
f 20/125/78 260/163/114 435/164/115 189/126/79
f 260/163/114 28/165/116 204/166/117 435/164/115
f 19/131/84 259/167/118 437/168/119 191/132/85
f 259/167/118 27/169/120 207/170/121 437/168/119
f 32/171/100 248/172/122 438/173/123 192/174/101
f 248/172/122 16/175/124 193/176/125 438/173/123
f 438/173/123 193/176/125 116/177/126 372/178/127
f 18/137/90 258/179/128 439/180/129 194/138/91
f 258/179/128 26/181/130 213/182/131 439/180/129
f 31/183/104 247/184/132 440/185/133 195/186/105
f 247/184/132 4/187/134 196/188/135 440/185/133
f 17/143/94 257/189/136 441/190/137 197/144/95
f 257/189/136 25/191/138 218/192/139 441/190/137
f 30/157/108 246/193/140 442/194/141 198/195/109
f 246/193/140 14/196/142 199/197/143 442/194/141
f 442/194/141 199/197/143 115/198/144 371/199/145
f 29/200/112 245/201/146 444/202/147 201/203/113
f 245/201/146 2/204/148 202/205/149 444/202/147
f 28/206/116 244/207/150 446/208/151 204/209/117
f 244/207/150 12/210/152 205/211/153 446/208/151
f 446/208/151 205/211/153 114/212/154 370/213/155
f 3/214/156 272/215/157 448/216/158 225/217/159
f 272/215/157 40/218/160 237/219/161 448/216/158
f 27/220/120 243/221/162 449/222/163 207/223/121
f 243/221/162 8/224/164 208/225/165 449/222/163
f 15/226/166 271/227/167 451/228/168 211/229/169
f 271/227/167 39/230/1 212/231/4 451/228/168
f 26/232/130 242/233/170 452/234/171 213/235/131
f 242/233/170 10/236/172 214/237/173 452/234/171
f 452/234/171 214/237/173 113/238/174 369/239/175
f 1/240/176 270/241/177 454/242/178 230/243/179
f 270/241/177 38/244/62 217/245/65 454/242/178
f 25/246/138 241/247/180 455/248/181 218/249/139
f 241/247/180 6/250/182 219/251/183 455/248/181
f 13/252/184 269/253/185 457/254/186 222/255/187
f 269/253/185 37/256/68 223/118/71 457/254/186
f 7/257/188 268/258/189 460/259/190 236/260/191
f 268/258/189 36/261/74 228/262/77 460/259/190
f 11/263/192 267/264/193 463/265/194 233/266/195
f 267/264/193 35/267/80 234/268/83 463/265/194
f 40/269/160 256/270/196 465/271/197 237/272/161
f 256/270/196 24/145/96 238/148/99 465/271/197
f 5/273/198 266/274/199 466/275/200 239/276/201
f 266/274/199 34/277/86 240/278/89 466/275/200
f 467/279/15 282/280/15 58/281/15 153/18/15
f 281/282/202 467/279/15 153/18/15 57/283/16
f 468/284/15 284/285/15 60/286/15 154/31/15
f 283/287/203 468/284/15 154/31/15 59/288/22
f 469/289/15 286/290/15 62/291/15 155/43/15
f 285/292/204 469/289/15 155/43/15 61/293/28
f 470/294/15 288/295/15 64/296/15 156/56/15
f 287/297/205 470/294/15 156/56/15 63/298/34
f 471/299/15 290/300/206 65/301/41 157/69/15
f 289/302/15 471/299/15 157/69/15 66/303/15
f 472/304/15 292/305/207 67/306/47 158/80/15
f 291/307/15 472/304/15 158/80/15 68/308/15
f 473/309/15 294/310/208 69/311/53 159/91/15
f 293/312/15 473/309/15 159/91/15 70/313/15
f 474/314/15 296/315/209 71/316/59 160/102/15
f 295/317/15 474/314/15 160/102/15 72/318/15
f 475/319/210 273/320/211 41/321/17 161/20/15
f 282/280/15 475/319/210 161/20/15 58/281/15
f 476/322/15 274/323/212 43/324/23 162/33/15
f 284/285/15 476/322/15 162/33/15 60/286/15
f 477/325/15 275/326/213 45/327/29 163/45/15
f 286/290/15 477/325/15 163/45/15 62/291/15
f 478/328/214 276/329/215 47/330/35 164/58/15
f 288/295/15 478/328/214 164/58/15 64/296/15
f 479/331/15 289/302/15 66/303/15 165/65/15
f 277/332/216 479/331/15 165/65/15 49/333/38
f 480/334/15 291/307/15 68/308/15 166/76/15
f 278/335/217 480/334/15 166/76/15 50/336/44
f 481/337/15 293/312/15 70/313/15 167/87/15
f 279/338/218 481/337/15 167/87/15 51/339/50
f 482/340/15 295/317/15 72/318/15 168/98/15
f 280/341/219 482/340/15 168/98/15 52/342/56
f 108/343/220 356/344/15 483/345/15 354/346/221
f 356/344/15 77/347/15 297/348/15 483/345/15
f 107/349/222 353/350/15 484/351/15 351/352/223
f 353/350/15 78/353/15 298/354/15 484/351/15
f 484/351/15 298/354/15 79/355/15 311/356/15
f 351/352/223 484/351/15 311/356/15 80/357/224
f 105/358/225 347/359/15 485/360/15 345/361/226
f 347/359/15 82/362/15 300/363/15 485/360/15
f 104/364/227 344/365/15 486/366/15 342/367/228
f 344/365/15 83/368/15 301/369/15 486/366/15
f 486/366/15 301/369/15 84/370/15 314/371/15
f 342/367/228 486/366/15 314/371/15 85/372/229
f 102/373/230 338/374/15 487/375/15 336/376/231
f 338/374/15 87/377/15 303/378/15 487/375/15
f 101/379/232 335/380/15 488/381/15 333/382/233
f 335/380/15 88/383/15 304/384/15 488/381/15
f 488/381/15 304/384/15 89/385/15 317/386/15
f 333/382/233 488/381/15 317/386/15 90/387/234
f 99/388/235 329/389/15 489/390/15 327/391/236
f 329/389/15 92/392/15 306/393/15 489/390/15
f 98/394/237 326/395/15 490/396/15 324/397/238
f 326/395/15 93/398/15 307/399/15 490/396/15
f 490/396/15 307/399/15 94/400/15 320/401/15
f 324/397/238 490/396/15 320/401/15 95/402/239
f 93/398/15 323/403/15 491/404/15 307/399/15
f 323/403/15 97/405/240 321/406/241 491/404/15
f 491/404/15 321/406/241 96/407/242 308/408/15
f 307/399/15 491/404/15 308/408/15 94/400/15
f 492/409/15 322/410/243 97/405/240 323/403/15
f 319/411/15 492/409/15 323/403/15 93/398/15
f 493/412/15 319/411/15 93/398/15 326/395/15
f 325/413/244 493/412/15 326/395/15 98/394/237
f 95/402/239 320/401/15 494/414/15 328/415/245
f 320/401/15 94/400/15 318/416/15 494/414/15
f 494/414/15 318/416/15 92/392/15 329/389/15
f 328/415/245 494/414/15 329/389/15 99/388/235
f 88/383/15 332/417/15 495/418/15 304/384/15
f 332/417/15 100/419/246 330/420/247 495/418/15
f 495/418/15 330/420/247 91/421/248 305/422/15
f 304/384/15 495/418/15 305/422/15 89/385/15
f 496/423/15 331/424/249 100/419/246 332/417/15
f 316/425/15 496/423/15 332/417/15 88/383/15
f 497/426/15 316/425/15 88/383/15 335/380/15
f 334/427/250 497/426/15 335/380/15 101/379/232
f 90/387/234 317/386/15 498/428/15 337/429/251
f 317/386/15 89/385/15 315/430/15 498/428/15
f 498/428/15 315/430/15 87/377/15 338/374/15
f 337/429/251 498/428/15 338/374/15 102/373/230
f 83/368/15 341/431/15 499/432/15 301/369/15
f 341/431/15 103/433/252 339/434/253 499/432/15
f 499/432/15 339/434/253 86/435/254 302/436/15
f 301/369/15 499/432/15 302/436/15 84/370/15
f 500/437/15 340/438/255 103/433/252 341/431/15
f 313/439/15 500/437/15 341/431/15 83/368/15
f 501/440/15 313/439/15 83/368/15 344/365/15
f 343/441/256 501/440/15 344/365/15 104/364/227
f 85/372/229 314/371/15 502/442/15 346/443/257
f 314/371/15 84/370/15 312/444/15 502/442/15
f 502/442/15 312/444/15 82/362/15 347/359/15
f 346/443/257 502/442/15 347/359/15 105/358/225
f 78/353/15 350/445/15 503/446/15 298/354/15
f 350/445/15 106/447/258 348/448/259 503/446/15
f 503/446/15 348/448/259 81/449/260 299/450/15
f 298/354/15 503/446/15 299/450/15 79/355/15
f 504/451/15 349/452/261 106/447/258 350/445/15
f 310/453/15 504/451/15 350/445/15 78/353/15
f 505/454/15 310/453/15 78/353/15 353/350/15
f 352/455/262 505/454/15 353/350/15 107/349/222
f 80/357/224 311/356/15 506/456/15 355/457/263
f 311/356/15 79/355/15 309/458/15 506/456/15
f 506/456/15 309/458/15 77/347/15 356/344/15
f 355/457/263 506/456/15 356/344/15 108/343/220
f 77/347/15 359/459/15 507/460/15 297/348/15
f 359/459/15 109/461/264 357/462/265 507/460/15
f 79/355/15 299/450/15 508/463/15 309/458/15
f 299/450/15 81/449/260 358/464/266 508/463/15
f 508/463/15 358/464/266 109/461/264 359/459/15
f 309/458/15 508/463/15 359/459/15 77/347/15
f 82/362/15 362/465/15 509/466/15 300/363/15
f 362/465/15 110/467/267 360/468/268 509/466/15
f 84/370/15 302/436/15 510/469/15 312/444/15
f 302/436/15 86/435/254 361/470/269 510/469/15
f 510/469/15 361/470/269 110/467/267 362/465/15
f 312/444/15 510/469/15 362/465/15 82/362/15
f 87/377/15 365/471/15 511/472/15 303/378/15
f 365/471/15 111/473/270 363/474/271 511/472/15
f 89/385/15 305/422/15 512/475/15 315/430/15
f 305/422/15 91/421/248 364/476/272 512/475/15
f 512/475/15 364/476/272 111/473/270 365/471/15
f 315/430/15 512/475/15 365/471/15 87/377/15
f 92/392/15 368/477/15 513/478/15 306/393/15
f 368/477/15 112/479/273 366/480/274 513/478/15
f 94/400/15 308/408/15 514/481/15 318/416/15
f 308/408/15 96/407/242 367/482/275 514/481/15
f 514/481/15 367/482/275 112/479/273 368/477/15
f 318/416/15 514/481/15 368/477/15 92/392/15
f 527/483/276 530/484/277 531/485/278 533/486/279
f 528/487/280 532/488/281 531/489/278 530/490/277
f 529/491/282 533/492/279 531/489/278 532/488/281
f 534/493/283 537/494/284 538/495/285 540/496/286
f 535/497/287 539/498/288 538/499/289 537/500/290
f 536/501/291 540/502/292 538/503/289 539/504/288
f 541/505/293 544/506/294 545/507/295 547/508/296
f 542/509/297 546/510/298 545/511/299 544/512/300
f 543/513/301 547/514/302 545/511/299 546/510/298
f 548/515/303 551/516/304 552/517/305 554/518/306
f 549/519/283 553/520/307 552/521/308 551/522/309
f 550/523/310 554/524/306 552/525/305 553/526/311
f 555/527/312 558/528/313 559/529/314 561/530/315
f 556/531/316 560/532/317 559/529/318 558/528/319
f 557/533/320 561/534/321 559/535/318 560/536/317
f 562/537/322 565/538/323 566/539/324 568/540/325
f 563/541/326 567/542/327 566/543/324 565/544/323
f 564/545/328 568/540/325 566/539/324 567/546/327
f 569/547/312 572/548/329 573/549/330 575/550/331
f 570/551/332 574/552/333 573/553/334 572/554/335
f 571/555/336 575/550/337 573/549/334 574/556/333
f 576/557/312 579/558/338 580/559/339 582/560/340
f 577/561/341 581/562/342 580/559/343 579/558/344
f 578/563/345 582/560/346 580/559/343 581/562/342
f 583/564/347 586/565/348 587/566/349 589/567/350
f 584/568/316 588/569/351 587/566/349 586/565/348
f 585/570/210 589/567/352 587/566/353 588/569/354
f 590/571/15 593/572/355 594/573/356 596/574/357
f 591/575/358 595/576/359 594/573/360 593/572/361
f 592/577/362 596/574/363 594/573/360 595/576/359
f 597/578/364 600/579/365 601/580/366 603/581/367
f 598/582/15 602/583/368 601/580/369 600/579/370
f 599/584/371 603/581/367 601/580/366 602/583/372
f 604/585/15 607/586/373 608/587/374 610/588/375
f 605/589/376 609/590/377 608/587/378 607/586/379
f 606/591/380 610/588/381 608/587/378 609/590/377
f 611/592/382 614/593/383 615/594/384 617/595/385
f 612/596/386 616/597/387 615/594/388 614/593/389
f 613/598/390 617/595/385 615/594/384 616/597/391
f 618/599/210 621/600/392 622/601/393 624/602/394
f 619/603/291 623/604/288 622/601/395 621/600/396
f 620/605/397 624/602/398 622/601/395 623/604/288
f 625/606/301 628/607/298 629/608/399 631/609/400
f 626/610/401 630/611/402 629/608/399 628/607/298
f 627/612/214 631/609/403 629/608/404 630/611/405
f 632/613/214 635/614/406 636/615/407 638/616/408
f 633/617/409 637/618/410 636/615/411 635/614/412
f 634/619/413 638/616/414 636/615/411 637/618/410
f 942/620/415 945/621/416 944/622/417
f 945/621/416 943/623/418 944/624/417
f 949/625/419 952/626/420 951/627/421
f 952/626/420 950/628/422 951/627/421
f 956/629/423 959/630/424 958/631/425
f 959/630/424 957/632/426 958/631/425
f 963/633/427 966/634/428 965/635/429
f 966/634/428 964/636/430 965/635/429
f 991/637/431 994/638/432 995/639/433 997/640/434
f 992/641/435 996/642/436 995/639/433 994/638/432
f 993/643/437 997/640/434 995/639/433 996/642/436
f 998/644/431 1001/645/438 1002/646/439 1004/647/432
f 999/648/440 1003/649/441 1002/646/439 1001/645/438
f 1000/650/210 1004/647/432 1002/646/439 1003/649/441
f 1005/651/442 1008/652/443 1009/653/444 1011/654/445
f 1006/655/15 1010/656/446 1009/653/444 1008/652/443
f 1007/657/447 1011/654/445 1009/653/444 1010/656/446
f 1012/658/442 1015/659/448 1016/660/449 1018/661/443
f 1013/662/450 1017/663/436 1016/660/449 1015/659/448
f 1014/664/210 1018/661/443 1016/660/449 1017/663/436
f 1019/665/451 1022/666/452 1023/667/453 1025/668/454
f 1020/669/15 1024/670/455 1023/667/453 1022/666/452
f 1021/671/456 1025/668/454 1023/667/453 1024/670/455
f 1026/672/451 1029/673/457 1030/674/458 1032/675/452
f 1027/676/459 1031/677/460 1030/674/458 1029/673/457
f 1028/678/214 1032/675/452 1030/674/458 1031/677/460
f 1033/679/461 1036/680/462 1037/681/463 1039/682/464
f 1034/683/465 1038/684/460 1037/681/463 1036/680/462
f 1035/685/466 1039/682/464 1037/681/463 1038/684/460
f 1040/686/461 1043/687/467 1044/688/468 1046/689/462
f 1041/690/469 1045/691/470 1044/688/468 1043/687/467
f 1042/692/214 1046/689/462 1044/688/468 1045/691/470
f 1047/693/471 1051/694/472 1052/695/473 1055/696/474
f 1048/697/475 1053/698/434 1052/695/476 1051/694/477
f 1049/699/437 1054/700/478 1052/695/476 1053/698/434
f 1050/701/479 1055/696/474 1052/695/473 1054/700/480
f 1056/702/481 1060/703/482 1061/704/483 1064/705/484
f 1057/706/485 1062/707/486 1061/704/483 1060/703/482
f 1058/708/456 1063/709/438 1061/704/487 1062/707/488
f 1059/710/475 1064/705/489 1061/704/487 1063/709/438
f 1065/711/490 1069/712/491 1070/713/492 1073/714/493
f 1066/715/494 1071/716/445 1070/713/495 1069/712/496
f 1067/717/447 1072/718/497 1070/713/495 1071/716/445
f 1068/719/498 1073/714/493 1070/713/492 1072/718/499
f 1074/720/500 1078/721/501 1079/722/502 1082/723/503
f 1075/724/504 1080/725/505 1079/722/502 1078/721/501
f 1076/726/437 1081/727/506 1079/722/507 1080/725/508
f 1077/728/442 1082/723/509 1079/722/507 1081/727/506
f 1083/729/510 1087/730/511 1088/731/512 1091/732/513
f 1084/733/514 1089/734/454 1088/731/515 1087/730/516
f 1085/735/456 1090/736/517 1088/731/515 1089/734/454
f 1086/737/518 1091/732/513 1088/731/512 1090/736/519
f 1092/738/520 1096/739/521 1097/740/522 1100/741/523
f 1093/742/524 1098/743/525 1097/740/522 1096/739/521
f 1094/744/466 1099/745/526 1097/740/527 1098/743/528
f 1095/746/451 1100/741/529 1097/740/527 1099/745/526
f 1101/747/530 1105/748/531 1106/749/532 1109/750/533
f 1102/751/534 1107/752/464 1106/749/535 1105/748/536
f 1103/753/466 1108/754/537 1106/749/535 1107/752/464
f 1104/755/538 1109/750/533 1106/749/532 1108/754/539
f 1110/756/540 1114/757/541 1115/758/542 1118/759/543
f 1111/760/544 1116/761/545 1115/758/542 1114/757/541
f 1112/762/447 1117/763/467 1115/758/546 1116/761/547
f 1113/764/534 1118/759/548 1115/758/546 1117/763/467
f 1215/765/549 1218/766/550 1217/767/551
f 1218/766/550 1216/768/552 1217/767/551
f 1219/769/553 1222/770/554 1221/771/555
f 1222/770/554 1220/772/15 1221/773/555
f 1223/774/556 1226/775/557 1225/776/558
f 1226/775/557 1224/777/15 1225/778/558
f 1227/779/559 1230/780/560 1229/781/561
f 1230/780/560 1228/782/210 1229/781/561
f 1231/783/562 1234/784/563 1233/785/564
f 1234/784/563 1232/786/15 1233/787/564
f 1235/788/565 1238/789/566 1237/790/567
f 1238/789/566 1236/791/214 1237/792/567
f 1239/793/568 1242/794/569 1241/795/570
f 1242/794/569 1240/796/571 1241/797/570
f 1243/798/572 1246/799/573 1245/800/574
f 1246/799/573 1244/801/210 1245/802/574
f 1295/803/210 1298/804/575 1297/805/576
f 1298/804/575 1296/806/577 1297/807/576
f 1302/808/214 1305/809/578 1304/810/579
f 1305/809/578 1303/811/580 1304/812/579
f 1309/813/210 1312/814/581 1311/815/582
f 1312/814/581 1310/816/583 1311/817/582
f 1316/818/214 1319/819/584 1318/820/585
f 1319/819/584 1317/821/586 1318/822/585
f 1431/823/587 1434/824/588 1435/825/589 1437/826/590
f 1432/827/591 1436/828/592 1435/825/589 1434/824/588
f 1433/829/593 1437/826/590 1435/825/589 1436/828/592
f 1438/830/594 1441/831/595 1442/832/596 1444/833/597
f 1439/834/598 1443/835/599 1442/832/596 1441/831/595
f 1440/836/600 1444/833/597 1442/832/596 1443/835/599
f 1445/837/601 1448/838/602 1449/839/603 1451/840/604
f 1446/841/605 1450/842/606 1449/839/603 1448/838/602
f 1447/843/607 1451/840/604 1449/839/603 1450/842/606
f 1452/844/608 1455/845/609 1456/846/610 1458/847/611
f 1453/848/612 1457/849/613 1456/846/610 1455/845/609
f 1454/850/614 1458/847/611 1456/846/610 1457/849/613
f 1462/851/615 1465/852/616 1464/853/617
f 1465/852/616 1463/854/618 1464/855/617
f 1490/856/619 1493/857/620 1492/858/621
f 1493/857/620 1491/859/622 1492/860/621
f 1641/861/623 1644/862/624 1645/863/625 1647/864/626
f 1642/865/627 1646/866/628 1645/863/625 1644/862/629
f 1643/867/630 1647/864/626 1645/863/625 1646/866/628
f 1648/868/631 1651/869/632 1652/870/633 1654/871/634
f 1649/872/635 1653/873/636 1652/870/633 1651/869/637
f 1650/874/638 1654/871/634 1652/870/633 1653/873/636
f 1655/875/639 1658/876/640 1659/877/641 1661/878/642
f 1656/879/643 1660/880/644 1659/877/641 1658/876/645
f 1657/881/646 1661/878/642 1659/877/641 1660/880/644
f 1662/882/647 1665/883/648 1666/884/649 1668/885/650
f 1663/886/651 1667/887/652 1666/884/649 1665/883/653
f 1664/888/654 1668/885/650 1666/884/649 1667/887/652
f 1669/889/655 1672/890/656 1671/891/657
f 1672/890/656 1670/892/658 1671/893/657
f 1673/894/659 1676/895/660 1675/896/661
f 1676/895/660 1674/897/662 1675/896/661
f 1677/898/663 1680/899/664 1679/900/665
f 1680/899/664 1678/901/666 1679/902/665
f 1681/903/667 1684/904/668 1683/905/669
f 1684/904/668 1682/906/670 1683/907/669
f 1784/908/671 1787/909/672 1788/910/673 1790/911/674
f 1785/912/675 1789/913/676 1788/910/673 1787/909/672
f 1786/914/677 1790/911/674 1788/910/673 1789/913/676
f 1791/915/678 1794/916/679 1795/917/680 1797/918/681
f 1792/919/682 1796/920/683 1795/917/680 1794/916/679
f 1793/921/684 1797/918/681 1795/917/680 1796/920/683
f 1801/922/685 1804/923/686 1805/924/687 1807/925/688
f 1802/926/689 1806/927/690 1805/924/687 1804/923/686
f 1803/928/691 1807/925/688 1805/924/687 1806/927/690
f 1814/929/692 1817/930/693 1818/931/694 1820/932/695
f 1815/933/696 1819/934/697 1818/931/694 1817/930/693
f 1816/935/698 1820/932/695 1818/931/694 1819/934/697
f 1821/936/699 1824/937/700 1823/938/701
f 1824/937/700 1822/939/702 1823/940/701
f 1825/941/703 1828/942/704 1827/943/705
f 1828/942/704 1826/944/706 1827/943/705
f 1829/945/707 1832/946/708 1831/947/709
f 1832/946/708 1830/948/710 1831/947/709
f 1833/949/711 1836/950/712 1835/951/713
f 1836/950/712 1834/952/714 1835/953/713
f 1837/954/715 1840/955/716 1839/956/717
f 1840/955/716 1838/957/718 1839/958/717
f 1841/959/719 1844/960/720 1843/961/721
f 1844/960/720 1842/962/722 1843/963/721
f 1845/964/723 1848/965/724 1847/966/725
f 1848/965/724 1846/967/726 1847/968/725
f 1849/969/727 1852/970/728 1851/971/729
f 1852/970/728 1850/972/730 1851/971/729
f 1901/973/731 1904/974/732 1905/975/733 1907/976/734
f 1902/977/15 1906/978/735 1905/975/736 1904/974/737
f 1903/979/738 1907/976/734 1905/975/733 1906/978/739
f 1908/980/740 1911/981/741 1912/982/742 1914/983/743
f 1909/984/15 1913/985/744 1912/982/745 1911/981/746
f 1910/986/747 1914/983/743 1912/982/742 1913/985/748
f 1915/987/749 1918/988/750 1919/989/751 1921/990/752
f 1916/991/15 1920/992/753 1919/989/754 1918/988/755
f 1917/993/756 1921/990/752 1919/989/751 1920/992/757
f 1922/994/758 1925/995/759 1926/996/760 1928/997/761
f 1923/998/15 1927/999/762 1926/996/763 1925/995/764
f 1924/1000/765 1928/997/761 1926/996/760 1927/999/766
f 1941/1001/767 1944/1002/768 1943/1003/769
f 1944/1002/768 1942/1004/770 1943/1005/769
f 1945/1006/771 1948/1007/772 1947/1008/773
f 1948/1007/772 1946/1009/774 1947/1008/773
f 1949/1010/775 1952/1011/776 1951/1012/777
f 1952/1011/776 1950/1013/778 1951/1012/777
f 1953/1014/779 1956/1015/780 1955/1016/781
f 1956/1015/780 1954/1017/782 1955/1018/781
f 1957/1019/783 1960/1020/784 1959/1021/785
f 1960/1020/784 1958/1022/786 1959/1023/785
f 1961/1024/787 1964/1025/788 1963/1026/789
f 1964/1025/788 1962/1027/790 1963/1028/789
f 1965/1029/791 1968/1030/792 1967/1031/793
f 1968/1030/792 1966/1032/794 1967/1031/793
f 1969/1033/795 1972/1034/796 1971/1035/797
f 1972/1034/796 1970/1036/798 1971/1037/797
f 1997/1038/799 2000/1039/800 1999/1040/801
f 2000/1039/800 1998/1041/802 1999/1042/801
f 2016/1043/803 2019/1044/804 2018/1045/805
f 2019/1044/804 2017/1046/806 2018/1045/805
f 2215/1047/807 2218/1048/808 2217/1049/809
f 2218/1048/808 2216/1050/810 2217/1049/809
f 2219/1051/811 2222/1052/743 2221/1053/812
f 2222/1052/743 2220/1054/813 2221/1053/812
f 2223/1055/814 2226/1056/752 2225/1057/815
f 2226/1056/752 2224/1058/816 2225/1059/815
f 2227/1060/817 2230/1061/818 2229/1062/819
f 2230/1061/818 2228/1063/820 2229/1064/819
f 585/570/210 1119/1065/15 1121/1066/821 589/567/352
f 589/567/350 1121/1066/822 1120/1067/823 583/564/347
f 1119/1065/15 590/571/15 596/574/357 1121/1066/821
f 1121/1066/822 596/574/363 592/577/362 1120/1067/823
f 591/575/358 1122/1068/824 1124/1069/825 595/576/359
f 595/576/359 1124/1069/825 1123/1070/826 592/577/362
f 1122/1068/824 562/537/322 568/540/325 1124/1069/825
f 1124/1069/825 568/540/325 564/545/328 1123/1070/826
f 563/541/326 1125/1071/827 1127/1072/828 567/542/327
f 567/546/327 1127/1073/828 1126/1074/829 564/545/328
f 1125/1071/830 555/527/312 561/530/315 1127/1072/831
f 1127/1073/832 561/534/321 557/533/320 1126/1074/833
f 556/531/316 1128/1075/834 1130/1076/348 560/532/317
f 560/536/317 1130/1077/348 1129/1078/347 557/533/320
f 1128/1075/834 584/568/316 586/565/348 1130/1076/348
f 1130/1077/348 586/565/348 583/564/347 1129/1078/347
f 576/557/312 1131/1079/312 1133/1080/835 579/558/338
f 579/558/344 1133/1080/836 1132/1081/837 577/561/341
f 1131/1079/312 569/547/312 575/550/331 1133/1080/835
f 1133/1080/836 575/550/337 571/555/336 1132/1081/837
f 570/551/332 1134/1082/838 1136/1083/333 574/552/333
f 574/556/333 1136/1084/333 1135/1085/839 571/555/336
f 1134/1082/838 597/578/364 603/581/367 1136/1083/333
f 1136/1084/333 603/581/367 599/584/371 1135/1085/839
f 598/582/15 1137/1086/15 1139/1087/840 602/583/368
f 602/583/372 1139/1087/841 1138/1088/842 599/584/371
f 1137/1086/15 604/585/15 610/588/375 1139/1087/840
f 1139/1087/841 610/588/381 606/591/380 1138/1088/842
f 605/589/376 1140/1089/843 1142/1090/342 609/590/377
f 609/590/377 1142/1090/342 1141/1091/844 606/591/380
f 1140/1089/843 578/563/345 581/562/342 1142/1090/342
f 1142/1090/342 581/562/342 577/561/341 1141/1091/844
f 534/493/283 1143/1092/845 1145/1093/846 537/494/284
f 537/500/290 1145/1094/847 1144/1095/848 535/497/287
f 1143/1092/849 527/483/276 533/486/279 1145/1093/850
f 1145/1094/847 533/492/279 529/491/282 1144/1095/848
f 528/487/280 1146/1096/851 1148/1097/852 532/488/281
f 532/488/281 1148/1097/852 1147/1098/853 529/491/282
f 1146/1096/851 611/592/382 617/595/385 1148/1097/852
f 1148/1097/852 617/595/385 613/598/390 1147/1098/853
f 612/596/386 1149/1099/15 1151/1100/854 616/597/387
f 616/597/391 1151/1100/855 1150/1101/856 613/598/390
f 1149/1099/15 618/599/210 624/602/394 1151/1100/854
f 1151/1100/855 624/602/398 620/605/397 1150/1101/856
f 619/603/291 1152/1102/291 1154/1103/857 623/604/288
f 623/604/288 1154/1104/857 1153/1105/858 620/605/397
f 1152/1102/291 536/501/291 539/504/288 1154/1103/857
f 1154/1104/857 539/498/288 535/497/287 1153/1105/858
f 627/612/214 1155/1106/214 1157/1107/859 631/609/403
f 631/609/400 1157/1107/860 1156/1108/861 625/606/301
f 1155/1106/214 632/613/214 638/616/408 1157/1107/859
f 1157/1107/860 638/616/414 634/619/413 1156/1108/861
f 633/617/409 1158/1109/862 1160/1110/410 637/618/410
f 637/618/410 1160/1111/410 1159/1112/863 634/619/413
f 1158/1109/862 548/515/303 554/518/306 1160/1110/410
f 1160/1111/410 554/524/306 550/523/310 1159/1112/863
f 549/519/283 1161/1113/293 1163/1114/864 553/520/307
f 553/526/311 1163/1115/865 1162/1116/866 550/523/310
f 1161/1113/293 541/505/293 547/508/296 1163/1114/864
f 1163/1115/865 547/514/302 543/513/301 1162/1116/866
f 542/509/297 1164/1117/297 1166/1118/298 546/510/298
f 546/510/298 1166/1118/298 1165/1119/301 543/513/301
f 1164/1117/297 626/610/401 628/607/298 1166/1118/298
f 1166/1118/298 628/607/298 625/606/301 1165/1119/301
f 527/483/276 1167/1120/867 1169/1121/868 530/484/277
f 530/490/277 1169/1122/868 1168/1123/869 528/487/280
f 1167/1120/867 563/541/326 565/544/323 1169/1121/868
f 1169/1122/868 565/538/323 562/537/322 1168/1123/869
f 590/571/15 1170/1124/15 1172/1125/870 593/572/355
f 593/572/361 1172/1125/871 1171/1126/872 591/575/358
f 1170/1124/15 612/596/386 614/593/389 1172/1125/870
f 1172/1125/871 614/593/383 611/592/382 1171/1126/872
f 536/501/291 1173/1127/873 1175/1128/874 540/502/292
f 540/496/286 1175/1129/875 1174/1130/283 534/493/283
f 1173/1127/873 542/509/297 544/512/300 1175/1128/874
f 1175/1129/875 544/506/294 541/505/293 1174/1130/283
f 548/515/303 1176/1131/876 1178/1132/877 551/516/304
f 551/522/309 1178/1133/878 1177/1134/879 549/519/283
f 1176/1131/876 570/551/332 572/554/335 1178/1132/877
f 1178/1133/878 572/548/329 569/547/312 1177/1134/879
f 578/563/345 1179/1135/880 1181/1136/881 582/560/346
f 582/560/340 1181/1136/882 1180/1137/312 576/557/312
f 1179/1135/880 556/531/316 558/528/319 1181/1136/881
f 1181/1136/882 558/528/313 555/527/312 1180/1137/312
f 618/599/210 1182/1138/214 1184/1139/883 621/600/392
f 621/600/396 1184/1139/884 1183/1140/885 619/603/291
f 1182/1138/214 627/612/214 630/611/405 1184/1139/883
f 1184/1139/884 630/611/402 626/610/401 1183/1140/885
f 632/613/214 1185/1141/15 1187/1142/886 635/614/406
f 635/614/412 1187/1142/887 1186/1143/888 633/617/409
f 1185/1141/15 598/582/15 600/579/370 1187/1142/886
f 1187/1142/887 600/579/365 597/578/364 1186/1143/888
f 604/585/15 1188/1144/15 1190/1145/889 607/586/373
f 607/586/379 1190/1145/890 1189/1146/891 605/589/376
f 1188/1144/15 585/570/210 588/569/354 1190/1145/889
f 1190/1145/890 588/569/351 584/568/316 1189/1146/891
f 991/637/431 1191/1147/431 1193/1148/432 994/638/432
f 994/638/432 1193/1148/432 1192/1149/892 992/641/435
f 1191/1147/431 998/644/431 1004/647/432 1193/1148/432
f 1193/1148/432 1004/647/432 1000/650/210 1192/1149/892
f 1005/651/442 1194/1150/442 1196/1151/443 1008/652/443
f 1008/652/443 1196/1151/443 1195/1152/210 1006/655/15
f 1194/1150/442 1012/658/442 1018/661/443 1196/1151/443
f 1196/1151/443 1018/661/443 1014/664/210 1195/1152/210
f 1019/665/451 1197/1153/451 1199/1154/452 1022/666/452
f 1022/666/452 1199/1154/452 1198/1155/214 1020/669/15
f 1197/1153/451 1026/672/451 1032/675/452 1199/1154/452
f 1199/1154/452 1032/675/452 1028/678/214 1198/1155/214
f 1033/679/461 1200/1156/461 1202/1157/462 1036/680/462
f 1036/680/462 1202/1157/462 1201/1158/893 1034/683/465
f 1200/1156/461 1040/686/461 1046/689/462 1202/1157/462
f 1202/1157/462 1046/689/462 1042/692/214 1201/1158/893
f 999/648/440 1203/1159/456 1205/1160/455 1003/649/441
f 1003/649/441 1205/1160/455 1204/1161/15 1000/650/210
f 1203/1159/456 1021/671/456 1024/670/455 1205/1160/455
f 1205/1160/455 1024/670/455 1020/669/15 1204/1161/15
f 1027/676/459 1206/1162/466 1208/1163/460 1031/677/460
f 1031/677/460 1208/1163/460 1207/1164/465 1028/678/214
f 1206/1162/466 1035/685/466 1038/684/460 1208/1163/460
f 1208/1163/460 1038/684/460 1034/683/465 1207/1164/465
f 1041/690/469 1209/1165/447 1211/1166/446 1045/691/470
f 1045/691/470 1211/1166/446 1210/1167/15 1042/692/214
f 1209/1165/447 1007/657/447 1010/656/446 1211/1166/446
f 1211/1166/446 1010/656/446 1006/655/15 1210/1167/15
f 1013/662/450 1212/1168/437 1214/1169/436 1017/663/436
f 1017/663/436 1214/1169/436 1213/1170/435 1014/664/210
f 1212/1168/437 993/643/437 996/642/436 1214/1169/436
f 1214/1169/436 996/642/436 992/641/435 1213/1170/435
f 748/1171/15 1216/1172/894 1218/1173/550 749/1174/895
f 749/1174/895 1218/1173/550 1215/765/549 747/1175/896
f 751/1176/15 1220/1177/15 1222/1178/554 752/1179/897
f 752/1179/897 1222/1178/554 1219/769/553 750/1180/898
f 754/1181/214 1224/1182/15 1226/1183/557 755/1184/899
f 755/1184/899 1226/1183/557 1223/774/556 753/1185/900
f 757/1186/210 1228/1187/210 1230/1188/560 758/1189/901
f 758/1189/901 1230/1188/560 1227/779/559 756/1190/902
f 760/1191/210 1232/1192/15 1234/1193/563 761/1194/903
f 761/1194/903 1234/1193/563 1231/783/562 759/1195/904
f 763/1196/214 1236/1197/214 1238/1198/566 764/1199/905
f 764/1199/905 1238/1198/566 1235/788/565 762/1200/906
f 766/1201/15 1240/1202/907 1242/1203/569 767/1204/908
f 767/1204/908 1242/1203/569 1239/793/568 765/1205/909
f 769/1206/15 1244/1207/210 1246/1208/573 770/1209/910
f 770/1209/910 1246/1208/573 1243/798/572 768/1210/911
f 772/1211/15 1247/1212/15 1249/1213/912 773/1214/913
f 773/1214/913 1249/1213/912 1248/1215/914 771/1216/915
f 1247/1212/15 774/1217/893 776/1218/916 1249/1213/912
f 1249/1213/912 776/1218/916 775/1219/917 1248/1215/914
f 778/1220/214 1250/1221/214 1252/1222/918 779/1223/919
f 779/1223/919 1252/1222/918 1251/1224/920 777/1225/921
f 1250/1221/214 780/1226/922 782/1227/923 1252/1222/918
f 1252/1222/918 782/1227/923 781/1228/924 1251/1224/920
f 784/1229/15 1253/1230/214 1255/1231/925 785/1232/926
f 785/1232/926 1255/1231/925 1254/1233/927 783/1234/928
f 1253/1230/214 786/1235/214 788/1236/929 1255/1231/925
f 1255/1231/925 788/1236/929 787/1237/930 1254/1233/927
f 790/1238/931 1256/1239/15 1258/1240/932 791/1241/933
f 791/1241/933 1258/1240/932 1257/1242/934 789/1243/935
f 1256/1239/15 792/1244/15 794/1245/936 1258/1240/932
f 1258/1240/932 794/1245/936 793/1246/937 1257/1242/934
f 796/1247/15 1259/1248/210 1261/1249/938 797/1250/939
f 797/1250/939 1261/1249/938 1260/1251/940 795/1252/941
f 1259/1248/210 798/1253/210 800/1254/942 1261/1249/938
f 1261/1249/938 800/1254/942 799/1255/943 1260/1251/940
f 802/1256/893 1262/1257/15 1264/1258/944 803/1259/945
f 803/1259/945 1264/1258/944 1263/1260/946 801/1261/947
f 1262/1257/15 804/1262/15 806/1263/948 1264/1258/944
f 1264/1258/944 806/1263/948 805/1264/949 1263/1260/946
f 808/1265/15 1265/1266/15 1267/1267/950 809/1268/951
f 809/1268/951 1267/1267/950 1266/1269/952 807/1270/953
f 1265/1266/15 810/1271/892 812/1272/954 1267/1267/950
f 1267/1267/950 812/1272/954 811/1273/955 1266/1269/952
f 814/1274/210 1268/1275/210 1270/1276/956 815/1277/957
f 815/1277/957 1270/1276/956 1269/1278/958 813/1279/959
f 1268/1275/210 816/1280/960 818/1281/961 1270/1276/956
f 1270/1276/956 818/1281/961 817/1282/962 1269/1278/958
f 774/1217/893 1271/1283/15 1273/1284/963 776/1218/916
f 776/1218/916 1273/1284/963 1272/1285/964 775/1219/917
f 1271/1283/15 748/1171/15 749/1174/895 1273/1284/963
f 1273/1284/963 749/1174/895 747/1175/896 1272/1285/964
f 780/1226/922 1274/1286/15 1276/1287/965 782/1227/923
f 782/1227/923 1276/1287/965 1275/1288/966 781/1228/924
f 1274/1286/15 751/1176/15 752/1179/897 1276/1287/965
f 1276/1287/965 752/1179/897 750/1180/898 1275/1288/966
f 786/1235/214 1277/1289/214 1279/1290/967 788/1236/929
f 788/1236/929 1279/1290/967 1278/1291/968 787/1237/930
f 1277/1289/214 754/1181/214 755/1184/899 1279/1290/967
f 1279/1290/967 755/1184/899 753/1185/900 1278/1291/968
f 792/1244/15 1280/1292/15 1282/1293/969 794/1245/936
f 794/1245/936 1282/1293/969 1281/1294/970 793/1246/937
f 1280/1292/15 757/1186/210 758/1189/901 1282/1293/969
f 1282/1293/969 758/1189/901 756/1190/902 1281/1294/970
f 798/1253/210 1283/1295/210 1285/1296/971 800/1254/942
f 800/1254/942 1285/1296/971 1284/1297/972 799/1255/943
f 1283/1295/210 760/1191/210 761/1194/903 1285/1296/971
f 1285/1296/971 761/1194/903 759/1195/904 1284/1297/972
f 804/1262/15 1286/1298/15 1288/1299/973 806/1263/948
f 806/1263/948 1288/1299/973 1287/1300/974 805/1264/949
f 1286/1298/15 763/1196/214 764/1199/905 1288/1299/973
f 1288/1299/973 764/1199/905 762/1200/906 1287/1300/974
f 810/1271/892 1289/1301/15 1291/1302/975 812/1272/954
f 812/1272/954 1291/1302/975 1290/1303/976 811/1273/955
f 1289/1301/15 766/1201/15 767/1204/908 1291/1302/975
f 1291/1302/975 767/1204/908 765/1205/909 1290/1303/976
f 816/1280/960 1292/1304/386 1294/1305/977 818/1281/961
f 818/1281/961 1294/1305/977 1293/1306/978 817/1282/962
f 1292/1304/386 769/1206/15 770/1209/910 1294/1305/977
f 1294/1305/977 770/1209/910 768/1210/911 1293/1306/978
f 1295/803/210 772/1211/15 773/1214/913 1298/1307/575
f 1298/1307/575 773/1214/913 771/1216/915 1296/1308/577
f 736/1309/979 1299/1310/980 1301/1311/981 737/1312/982
f 737/1312/982 1301/1311/981 1300/1313/983 735/1314/587
f 1299/1310/980 778/1220/214 779/1223/919 1301/1311/981
f 1301/1311/981 779/1223/919 777/1225/921 1300/1313/983
f 1302/808/214 784/1229/15 785/1232/926 1305/1315/578
f 1305/1315/578 785/1232/926 783/1234/928 1303/1316/580
f 739/1317/984 1306/1318/985 1308/1319/986 740/1320/987
f 740/1320/987 1308/1319/986 1307/1321/988 738/1322/989
f 1306/1318/990 790/1238/931 791/1241/933 1308/1319/986
f 1308/1319/986 791/1241/933 789/1243/935 1307/1321/988
f 1309/813/210 796/1247/15 797/1250/939 1312/1323/581
f 1312/1323/581 797/1250/939 795/1252/941 1310/1324/583
f 742/1325/991 1313/1326/992 1315/1327/993 743/1328/994
f 743/1328/994 1315/1327/993 1314/1329/995 741/1330/996
f 1313/1326/997 802/1256/893 803/1259/945 1315/1327/993
f 1315/1327/993 803/1259/945 801/1261/947 1314/1329/995
f 1316/818/214 808/1265/15 809/1268/951 1319/1331/584
f 1319/1331/584 809/1268/951 807/1270/953 1317/1332/586
f 745/1333/998 1320/1334/999 1322/1335/1000 746/1336/1001
f 746/1336/1001 1322/1335/1000 1321/1337/1002 744/1338/1003
f 1320/1334/999 814/1274/210 815/1277/957 1322/1335/1000
f 1322/1335/1000 815/1277/957 813/1279/959 1321/1337/1002
f 688/1339/1004 1324/1340/1005 1325/1341/1006 689/1342/1007
f 689/1342/1008 1325/1341/1006 1323/1343/1009 687/1344/1010
f 691/1345/1011 1327/1346/1012 1328/1347/1013 692/1348/1014
f 692/1348/1015 1328/1347/1013 1326/1349/1016 690/1350/1017
f 694/1351/1018 1330/1352/1019 1331/1353/1020 695/1354/1021
f 695/1354/1022 1331/1353/1020 1329/1355/1023 693/1356/1024
f 697/1357/1025 1333/1358/1026 1334/1359/1027 698/1360/1028
f 698/1360/1029 1334/1359/1027 1332/1361/1030 696/1362/1031
f 700/1363/1032 1335/1364/1033 1337/1365/1034 701/1366/1035
f 701/1366/1035 1337/1365/1034 1336/1367/1036 699/1368/1037
f 703/1369/1038 1338/1370/1039 1340/1371/1040 704/1372/1041
f 704/1372/1041 1340/1371/1040 1339/1373/1042 702/1374/1043
f 706/1375/1044 1341/1376/1045 1343/1377/1046 707/1378/1047
f 707/1378/1047 1343/1377/1046 1342/1379/1048 705/1380/1049
f 709/1381/1050 1344/1382/1051 1346/1383/1052 710/1384/1053
f 710/1384/1053 1346/1383/1052 1345/1385/1054 708/1386/1055
f 712/1387/1056 1347/1388/1057 1349/1388/1058 713/1389/1059
f 713/1389/1060 1349/1388/1061 1348/1390/15 711/1391/1062
f 1347/1388/1057 663/1392/1063 665/1393/1064 1349/1388/1058
f 1349/1388/1061 665/1393/1065 664/1394/15 1348/1390/15
f 715/1395/1066 1350/1396/1067 1352/1396/1068 716/1397/1069
f 716/1397/1070 1352/1396/1071 1351/1398/210 714/1399/1072
f 1350/1396/1067 666/1400/1073 668/1400/1074 1352/1396/1068
f 1352/1396/1071 668/1400/1075 667/1401/214 1351/1398/210
f 718/1402/1076 1353/1403/1077 1355/1403/1078 719/1404/1079
f 719/1404/1080 1355/1403/1081 1354/1405/214 717/1406/1082
f 1353/1403/1077 669/1407/1083 671/1408/1084 1355/1403/1078
f 1355/1403/1081 671/1408/1085 670/1409/210 1354/1405/214
f 721/1410/1086 1356/1411/1087 1358/1411/1088 722/1412/1089
f 722/1412/1090 1358/1411/1091 1357/1413/15 720/1414/1092
f 1356/1411/1087 672/1415/1093 674/1415/1094 1358/1411/1088
f 1358/1411/1091 674/1415/1095 673/1416/15 1357/1413/15
f 724/1417/1096 1359/1418/386 1361/1419/1097 725/1420/1098
f 725/1420/1099 1361/1419/1100 1360/1419/1101 723/1421/1102
f 1359/1418/386 675/1422/15 677/1423/1103 1361/1419/1097
f 1361/1419/1100 677/1423/1104 676/1423/1093 1360/1419/1101
f 727/1424/1105 1362/1425/15 1364/1426/1106 728/1427/1107
f 728/1427/1108 1364/1426/1109 1363/1428/1110 726/1429/1111
f 1362/1425/15 678/1430/15 680/1431/1112 1364/1426/1106
f 1364/1426/1109 680/1431/1113 679/1432/1114 1363/1428/1110
f 730/1433/1115 1365/1434/15 1367/1435/1116 731/1436/1117
f 731/1436/1118 1367/1435/1119 1366/1437/1120 729/1438/1121
f 1365/1434/15 681/1439/15 683/1440/1122 1367/1435/1116
f 1367/1435/1119 683/1440/1123 682/1440/1124 1366/1437/1120
f 733/1441/1125 1368/1442/931 1370/1443/1126 734/1444/1127
f 734/1444/1128 1370/1443/1129 1369/1445/1130 732/1446/1131
f 1368/1442/931 684/1447/15 686/1448/1132 1370/1443/1126
f 1370/1443/1129 686/1448/1133 685/1449/1063 1369/1445/1130
f 663/1392/1063 1371/1450/1134 1373/1450/1135 665/1393/1064
f 665/1393/1065 1373/1450/1136 1372/1451/214 664/1394/15
f 1371/1450/1134 688/1339/1004 689/1342/1007 1373/1450/1135
f 1373/1450/1136 689/1342/1008 687/1344/1010 1372/1451/214
f 666/1400/1073 1374/1452/1137 1376/1453/1138 668/1400/1074
f 668/1400/1075 1376/1453/1139 1375/1454/214 667/1401/214
f 1374/1452/1137 691/1345/1011 692/1348/1014 1376/1453/1138
f 1376/1453/1139 692/1348/1015 690/1350/1017 1375/1454/214
f 669/1407/1083 1377/1455/1140 1379/1455/1141 671/1408/1084
f 671/1408/1085 1379/1455/1142 1378/1456/210 670/1409/210
f 1377/1455/1140 694/1351/1018 695/1354/1021 1379/1455/1141
f 1379/1455/1142 695/1354/1022 693/1356/1024 1378/1456/210
f 672/1415/1093 1380/1457/1143 1382/1458/1144 674/1415/1094
f 674/1415/1095 1382/1458/1145 1381/1459/210 673/1416/15
f 1380/1457/1143 697/1357/1025 698/1360/1028 1382/1458/1144
f 1382/1458/1145 698/1360/1029 696/1362/1031 1381/1459/210
f 675/1422/15 1383/1460/210 1385/1461/1146 677/1423/1103
f 677/1423/1104 1385/1461/1147 1384/1461/1148 676/1423/1093
f 1383/1460/210 700/1363/1032 701/1366/1035 1385/1461/1146
f 1385/1461/1147 701/1366/1035 699/1368/1037 1384/1461/1148
f 678/1430/15 1386/1462/15 1388/1463/1149 680/1431/1112
f 680/1431/1113 1388/1463/1150 1387/1463/1151 679/1432/1114
f 1386/1462/15 703/1369/1038 704/1372/1041 1388/1463/1149
f 1388/1463/1150 704/1372/1041 702/1374/1043 1387/1463/1151
f 681/1439/15 1389/1464/15 1391/1465/1152 683/1440/1122
f 683/1440/1123 1391/1465/1153 1390/1465/1154 682/1440/1124
f 1389/1464/15 706/1375/1044 707/1378/1047 1391/1465/1152
f 1391/1465/1153 707/1378/1047 705/1380/1049 1390/1465/1154
f 684/1447/15 1392/1466/214 1394/1467/1155 686/1448/1132
f 686/1448/1133 1394/1467/1156 1393/1467/1157 685/1449/1063
f 1392/1466/214 709/1381/1050 710/1384/1053 1394/1467/1155
f 1394/1467/1156 710/1384/1053 708/1386/1055 1393/1467/1157
f 1396/1468/1158 712/1387/1056 713/1389/1059 1397/1469/1159
f 1397/1469/1159 713/1389/1060 711/1391/1062 1395/1470/1160
f 1399/1471/1161 715/1395/1066 716/1397/1069 1400/1472/1162
f 1400/1472/1162 716/1397/1070 714/1399/1072 1398/1473/1163
f 1402/1474/1164 718/1402/1076 719/1404/1079 1403/1475/1165
f 1403/1475/1165 719/1404/1080 717/1406/1082 1401/1476/1166
f 1405/1477/1167 721/1410/1086 722/1412/1089 1406/1478/1168
f 1406/1478/1168 722/1412/1090 720/1414/1092 1404/1479/1169
f 1407/1480/1170 724/1417/1096 725/1420/1098 1409/1481/1171
f 1409/1481/1171 725/1420/1099 723/1421/1102 1408/1482/1172
f 1410/1483/1173 727/1424/1105 728/1427/1107 1412/1484/1174
f 1412/1484/1174 728/1427/1108 726/1429/1111 1411/1485/1175
f 1413/1486/1176 730/1433/1115 731/1436/1117 1415/1487/1177
f 1415/1487/1177 731/1436/1118 729/1438/1121 1414/1488/1178
f 1416/1489/1179 733/1441/1125 734/1444/1127 1418/1490/1180
f 1418/1490/1180 734/1444/1128 732/1446/1131 1417/1491/1181
f 735/1314/587 1431/823/587 1437/826/590 737/1312/982
f 737/1312/982 1437/826/590 1433/829/593 736/1309/979
f 738/1322/989 1438/830/594 1444/833/597 740/1320/987
f 740/1320/987 1444/833/597 1440/836/600 739/1317/984
f 741/1330/996 1445/837/601 1451/840/604 743/1328/994
f 743/1328/994 1451/840/604 1447/843/607 742/1325/991
f 744/1338/1003 1452/844/608 1458/847/611 746/1336/1001
f 746/1336/1001 1458/847/611 1454/850/614 745/1333/998
f 961/1492/1182 1629/1493/1183 1631/1494/1184 962/1495/1185
f 962/1495/1186 1631/1494/1187 1630/1496/1188 960/1497/1189
f 954/1498/1190 1632/1499/1191 1634/1500/1192 955/1501/1193
f 955/1501/1194 1634/1500/1195 1633/1502/1196 953/1503/1197
f 947/1504/1198 1635/1505/1199 1637/1506/1200 948/1507/1201
f 948/1507/1202 1637/1506/1203 1636/1508/1204 946/1351/1205
f 940/1509/1206 1638/1510/1207 1640/1511/1208 941/1512/1209
f 941/1512/1210 1640/1511/1211 1639/1513/1212 939/1357/1213
f 868/1514/1214 1642/865/627 1644/862/629 869/1515/1215
f 869/1515/1216 1644/862/624 1641/861/623 867/1516/1217
f 1642/865/627 968/1517/1218 969/1518/1219 1646/866/628
f 1646/866/628 969/1518/1219 967/1519/1220 1643/867/630
f 886/1374/1221 1649/872/635 1651/869/637 887/1520/1222
f 887/1520/1223 1651/869/632 1648/868/631 885/1521/1224
f 1649/872/635 971/1522/1225 972/1523/1226 1653/873/636
f 1653/873/636 972/1523/1226 970/1524/1227 1650/874/638
f 904/1525/1228 1656/879/643 1658/876/645 905/1526/1229
f 905/1526/1230 1658/876/640 1655/875/639 903/1527/1231
f 1656/879/643 974/1528/1232 975/1529/1233 1660/880/644
f 1660/880/644 975/1529/1233 973/1530/1234 1657/881/646
f 922/1386/1235 1663/886/651 1665/883/653 923/1531/1236
f 923/1531/1237 1665/883/648 1662/882/647 921/1532/1238
f 1663/886/651 977/1533/1239 978/1534/1240 1667/887/652
f 1667/887/652 978/1534/1240 976/1535/1241 1664/888/654
f 877/1536/1242 1670/1537/658 1672/1538/656 878/1539/1243
f 878/1539/1243 1672/1538/656 1669/889/655 876/1540/1244
f 895/1541/1245 1674/1542/662 1676/1543/660 896/1544/1246
f 896/1544/1246 1676/1543/660 1673/894/659 894/1545/1247
f 913/1546/1248 1678/1547/666 1680/1548/664 914/1549/1249
f 914/1549/1249 1680/1548/664 1677/898/663 912/1550/1250
f 931/1551/1251 1682/1552/670 1684/1553/668 932/1554/1252
f 932/1554/1252 1684/1553/668 1681/903/667 930/1555/1253
f 880/1556/1254 1685/1557/210 1687/1558/1255 881/1559/1256
f 881/1559/1257 1687/1558/1258 1686/1388/1259 879/1387/1260
f 1685/1557/210 837/1560/210 839/1561/1261 1687/1558/1255
f 1687/1558/1258 839/1561/1262 838/1562/1263 1686/1388/1259
f 898/1563/1264 1688/1564/15 1690/1565/1265 899/1566/1266
f 899/1566/1267 1690/1565/1268 1689/1396/1269 897/1395/1270
f 1688/1564/15 831/1567/386 833/1568/1271 1690/1565/1265
f 1690/1565/1268 833/1568/1272 832/1400/1273 1689/1396/1269
f 916/1569/1274 1691/1570/15 1693/1571/1275 917/1572/1276
f 917/1572/1277 1693/1571/1278 1692/1403/1279 915/1402/1280
f 1691/1570/15 825/1573/931 827/1574/1281 1693/1571/1275
f 1693/1571/1278 827/1574/1282 826/1407/1283 1692/1403/1279
f 934/1575/1284 1694/1576/214 1696/1577/1285 935/1578/1286
f 935/1578/1287 1696/1577/1288 1695/1411/1289 933/1410/1290
f 1694/1576/214 819/1579/214 821/1580/1291 1696/1577/1285
f 1696/1577/1288 821/1580/1292 820/1415/1293 1695/1411/1289
f 874/1421/1294 1697/1419/1295 1699/1581/1296 875/1582/1297
f 875/1582/1298 1699/1581/1299 1698/1583/214 873/1584/1300
f 1697/1419/1295 861/1423/1301 863/1585/1302 1699/1581/1296
f 1699/1581/1299 863/1585/1303 862/1586/15 1698/1583/214
f 892/1429/1304 1700/1428/1305 1702/1587/1306 893/1588/1307
f 893/1588/1308 1702/1587/1309 1701/1589/210 891/1590/1310
f 1700/1428/1305 855/1431/1311 857/1591/1312 1702/1587/1306
f 1702/1587/1309 857/1591/1313 856/1592/15 1701/1589/210
f 910/1438/1314 1703/1437/1315 1705/1593/1316 911/1594/1317
f 911/1594/1318 1705/1593/1319 1704/1595/214 909/1596/1320
f 1703/1437/1315 849/1440/1321 851/1597/1322 1705/1593/1316
f 1705/1593/1319 851/1597/1323 850/1598/15 1704/1595/214
f 928/1599/1324 1706/1445/1325 1708/1600/1326 929/1601/1327
f 929/1601/1328 1708/1600/1329 1707/1602/210 927/1603/1330
f 1706/1445/1325 843/1449/1331 845/1604/1332 1708/1600/1326
f 1708/1600/1329 845/1604/1333 844/1605/15 1707/1602/210
f 883/1606/1334 1709/1607/1335 1711/1608/1336 884/1609/1337
f 884/1609/1337 1711/1608/1336 1710/1610/1338 882/1611/1339
f 1709/1607/1335 840/1612/1340 842/1613/1341 1711/1608/1336
f 1711/1608/1336 842/1613/1341 841/1614/1342 1710/1610/1338
f 871/1615/1343 1712/1616/1344 1714/1617/1345 872/1618/1346
f 872/1618/1346 1714/1617/1345 1713/1619/1347 870/1620/1348
f 1712/1616/1344 864/1621/1349 866/1622/1350 1714/1617/1345
f 1714/1617/1345 866/1622/1350 865/1623/1351 1713/1619/1347
f 901/1624/1352 1715/1625/1353 1717/1626/1354 902/1627/1355
f 902/1627/1355 1717/1626/1354 1716/1628/1356 900/1629/1357
f 1715/1625/1353 834/1630/1358 836/1631/1359 1717/1626/1354
f 1717/1626/1354 836/1631/1359 835/1632/1360 1716/1628/1356
f 889/1633/1361 1718/1634/1362 1720/1635/1363 890/1636/1364
f 890/1636/1364 1720/1635/1363 1719/1637/1365 888/1638/1366
f 1718/1634/1362 858/1639/1367 860/1640/1368 1720/1635/1363
f 1720/1635/1363 860/1640/1368 859/1641/1369 1719/1637/1365
f 919/1642/1370 1721/1643/1371 1723/1644/1372 920/1645/1373
f 920/1645/1373 1723/1644/1372 1722/1646/1374 918/1647/1375
f 1721/1643/1371 828/1648/1376 830/1649/1377 1723/1644/1372
f 1723/1644/1372 830/1649/1377 829/1650/1378 1722/1646/1374
f 907/1651/1379 1724/1652/1380 1726/1653/1381 908/1654/1382
f 908/1654/1382 1726/1653/1381 1725/1655/1383 906/1656/1384
f 1724/1652/1380 852/1657/1385 854/1658/1386 1726/1653/1381
f 1726/1653/1381 854/1658/1386 853/1659/1387 1725/1655/1383
f 937/1660/1388 1727/1661/1389 1729/1662/1390 938/1663/1391
f 938/1663/1391 1729/1662/1390 1728/1664/1392 936/1665/1393
f 1727/1661/1389 822/1666/1394 824/1667/1395 1729/1662/1390
f 1729/1662/1390 824/1667/1395 823/1668/1396 1728/1664/1392
f 925/1669/1397 1730/1670/1398 1732/1671/1399 926/1672/1400
f 926/1672/1400 1732/1671/1399 1731/1673/1401 924/1674/1402
f 1730/1670/1398 846/1675/1403 848/1676/1404 1732/1671/1399
f 1732/1671/1399 848/1676/1404 847/1677/1405 1731/1673/1401
f 837/1560/210 1733/1678/210 1735/1679/1406 839/1561/1261
f 839/1561/1262 1735/1679/1407 1734/1450/1408 838/1562/1263
f 1733/1678/210 961/1492/1182 962/1495/1185 1735/1679/1406
f 1735/1679/1407 962/1495/1186 960/1497/1189 1734/1450/1408
f 831/1567/386 1736/1680/15 1738/1681/1409 833/1568/1271
f 833/1568/1272 1738/1681/1410 1737/1452/1411 832/1400/1273
f 1736/1680/15 954/1498/1190 955/1501/1193 1738/1681/1409
f 1738/1681/1410 955/1501/1194 953/1503/1197 1737/1452/1411
f 825/1573/931 1739/1682/15 1741/1683/1412 827/1574/1281
f 827/1574/1282 1741/1683/1413 1740/1684/1414 826/1407/1283
f 1739/1682/15 947/1504/1198 948/1507/1201 1741/1683/1412
f 1741/1683/1413 948/1507/1202 946/1351/1205 1740/1684/1414
f 819/1579/214 1742/1685/214 1744/1686/1415 821/1580/1291
f 821/1580/1292 1744/1686/1416 1743/1458/1417 820/1415/1293
f 1742/1685/214 940/1509/1206 941/1512/1209 1744/1686/1415
f 1744/1686/1416 941/1512/1210 939/1357/1213 1743/1458/1417
f 861/1423/1301 1745/1461/1418 1747/1687/1419 863/1585/1302
f 863/1585/1303 1747/1687/1420 1746/1688/210 862/1586/15
f 1745/1461/1418 868/1514/1214 869/1515/1215 1747/1687/1419
f 1747/1687/1420 869/1515/1216 867/1516/1217 1746/1688/210
f 855/1431/1311 1748/1463/1421 1750/1689/1422 857/1591/1312
f 857/1591/1313 1750/1689/1423 1749/1690/15 856/1592/15
f 1748/1463/1421 886/1374/1221 887/1520/1222 1750/1689/1422
f 1750/1689/1423 887/1520/1223 885/1521/1224 1749/1690/15
f 849/1440/1321 1751/1465/1424 1753/1691/1425 851/1597/1322
f 851/1597/1323 1753/1691/1426 1752/1692/15 850/1598/15
f 1751/1465/1424 904/1525/1228 905/1526/1229 1753/1691/1425
f 1753/1691/1426 905/1526/1230 903/1527/1231 1752/1692/15
f 843/1449/1331 1754/1467/1427 1756/1693/1428 845/1604/1332
f 845/1604/1333 1756/1693/1429 1755/1694/214 844/1605/15
f 1754/1467/1427 922/1386/1235 923/1531/1236 1756/1693/1428
f 1756/1693/1429 923/1531/1237 921/1532/1238 1755/1694/214
f 840/1612/1340 1757/1695/1430 1759/1696/1431 842/1613/1341
f 842/1613/1341 1759/1696/1431 1758/1697/1432 841/1614/1342
f 1757/1695/1430 877/1536/1242 878/1539/1243 1759/1696/1431
f 1759/1696/1431 878/1539/1243 876/1540/1244 1758/1697/1432
f 864/1621/1349 1760/1698/1433 1762/1699/1434 866/1622/1350
f 866/1622/1350 1762/1699/1434 1761/1700/1435 865/1623/1351
f 1760/1698/1433 964/1701/430 966/1702/428 1762/1699/1434
f 1762/1699/1434 966/1702/428 963/633/427 1761/1700/1435
f 834/1630/1358 1763/1703/1436 1765/1704/1437 836/1631/1359
f 836/1631/1359 1765/1704/1437 1764/1705/1438 835/1632/1360
f 1763/1703/1436 895/1541/1245 896/1544/1246 1765/1704/1437
f 1765/1704/1437 896/1544/1246 894/1545/1247 1764/1705/1438
f 858/1639/1367 1766/1706/1439 1768/1707/1440 860/1640/1368
f 860/1640/1368 1768/1707/1440 1767/1708/1441 859/1641/1369
f 1766/1706/1439 957/1709/426 959/1710/424 1768/1707/1440
f 1768/1707/1440 959/1710/424 956/629/423 1767/1708/1441
f 828/1648/1376 1769/1711/1442 1771/1712/1443 830/1649/1377
f 830/1649/1377 1771/1712/1443 1770/1713/1444 829/1650/1378
f 1769/1711/1442 913/1546/1248 914/1549/1249 1771/1712/1443
f 1771/1712/1443 914/1549/1249 912/1550/1250 1770/1713/1444
f 852/1657/1385 1772/1714/1445 1774/1715/1446 854/1658/1386
f 854/1658/1386 1774/1715/1446 1773/1716/1447 853/1659/1387
f 1772/1714/1445 950/1717/422 952/1718/420 1774/1715/1446
f 1774/1715/1446 952/1718/420 949/625/419 1773/1716/1447
f 822/1666/1394 1775/1719/1448 1777/1720/1449 824/1667/1395
f 824/1667/1395 1777/1720/1449 1776/1721/1450 823/1668/1396
f 1775/1719/1448 931/1551/1251 932/1554/1252 1777/1720/1449
f 1777/1720/1449 932/1554/1252 930/1555/1253 1776/1721/1450
f 846/1675/1403 1778/1722/1451 1780/1723/1452 848/1676/1404
f 848/1676/1404 1780/1723/1452 1779/1724/1453 847/1677/1405
f 1778/1722/1451 943/1725/418 945/1726/416 1780/1723/1452
f 1780/1723/1452 945/1726/416 942/620/415 1779/1724/1453
f 1781/1727/1454 880/1556/1254 881/1559/1256 1783/1728/1455
f 1783/1728/1456 881/1559/1257 879/1387/1260 1782/1729/1457
f 985/1730/671 1784/908/671 1790/911/674 987/1731/1458
f 987/1731/1458 1790/911/674 1786/914/677 986/1732/1459
f 1785/912/675 898/1563/1264 899/1566/1266 1789/913/676
f 1789/913/676 899/1566/1267 897/1395/1270 1786/914/677
f 988/1733/678 1791/915/678 1797/918/681 990/1734/1460
f 990/1734/1460 1797/918/681 1793/921/684 989/1735/1461
f 1792/919/682 916/1569/1274 917/1572/1276 1796/920/683
f 1796/920/683 917/1572/1277 915/1402/1280 1793/921/684
f 1798/1736/1462 934/1575/1284 935/1578/1286 1800/1737/1463
f 1800/1737/1464 935/1578/1287 933/1410/1290 1799/1738/1465
f 979/1739/1466 1802/926/689 1804/923/686 981/1740/686
f 981/1740/686 1804/923/686 1801/922/685 980/1741/1467
f 1802/926/689 874/1421/1294 875/1582/1297 1806/927/690
f 1806/927/690 875/1582/1298 873/1584/1300 1803/928/691
f 1809/1742/1468 892/1429/1304 893/1588/1307 1810/1743/1469
f 1810/1743/1470 893/1588/1308 891/1590/1310 1808/1744/1471
f 1812/1745/1472 910/1438/1314 911/1594/1317 1813/1746/1473
f 1813/1746/1474 911/1594/1318 909/1596/1320 1811/1747/1475
f 982/1748/1476 1815/933/696 1817/930/693 984/1749/693
f 984/1749/693 1817/930/693 1814/929/692 983/1750/1477
f 1815/933/696 928/1599/1324 929/1601/1327 1819/934/697
f 1819/934/697 929/1601/1328 927/1603/1330 1816/935/698
f 1821/936/699 883/1606/1334 884/1609/1337 1824/1751/700
f 1824/1751/700 884/1609/1337 882/1611/1339 1822/1752/702
f 1825/941/703 871/1615/1343 872/1618/1346 1828/1753/704
f 1828/1753/704 872/1618/1346 870/1620/1348 1826/1754/706
f 1829/945/707 901/1624/1352 902/1627/1355 1832/1755/708
f 1832/1755/708 902/1627/1355 900/1629/1357 1830/1756/710
f 1833/949/711 889/1633/1361 890/1636/1364 1836/1757/712
f 1836/1757/712 890/1636/1364 888/1638/1366 1834/1758/714
f 1837/954/715 919/1642/1370 920/1645/1373 1840/1759/716
f 1840/1759/716 920/1645/1373 918/1647/1375 1838/1760/718
f 1841/959/719 907/1651/1379 908/1654/1382 1844/1761/720
f 1844/1761/720 908/1654/1382 906/1656/1384 1842/1762/722
f 1845/964/723 937/1660/1388 938/1663/1391 1848/1763/724
f 1848/1763/724 938/1663/1391 936/1665/1393 1846/1764/726
f 1849/969/727 925/1669/1397 926/1672/1400 1852/1765/728
f 1852/1765/728 926/1672/1400 924/1674/1402 1850/1766/730
f 1047/693/471 1853/1767/1478 1855/1768/1479 1051/694/472
f 1051/694/477 1855/1768/1480 1854/1769/431 1048/697/475
f 1853/1767/1478 1056/702/481 1064/705/484 1855/1768/1479
f 1855/1768/1480 1064/705/489 1059/710/475 1854/1769/431
f 1065/711/490 1856/1770/1481 1858/1771/1482 1069/712/491
f 1069/712/496 1858/1771/1483 1857/1772/1484 1066/715/494
f 1856/1770/1481 1074/720/500 1082/723/503 1858/1771/1482
f 1858/1771/1483 1082/723/509 1077/728/442 1857/1772/1484
f 1083/729/510 1859/1773/1485 1861/1774/1486 1087/730/511
f 1087/730/516 1861/1774/1487 1860/1775/1488 1084/733/514
f 1859/1773/1485 1092/738/520 1100/741/523 1861/1774/1486
f 1861/1774/1487 1100/741/529 1095/746/451 1860/1775/1488
f 1101/747/530 1862/1776/1489 1864/1777/1490 1105/748/531
f 1105/748/536 1864/1777/1491 1863/1778/461 1102/751/534
f 1862/1776/1489 1110/756/540 1118/759/543 1864/1777/1490
f 1864/1777/1491 1118/759/548 1113/764/534 1863/1778/461
f 1057/706/485 1865/1779/1492 1867/1780/1493 1062/707/486
f 1062/707/488 1867/1780/1494 1866/1781/456 1058/708/456
f 1865/1779/1492 1086/737/518 1090/736/519 1867/1780/1493
f 1867/1780/1494 1090/736/517 1085/735/456 1866/1781/456
f 1093/742/524 1868/1782/1495 1870/1783/1496 1098/743/525
f 1098/743/528 1870/1783/1497 1869/1784/466 1094/744/466
f 1868/1782/1495 1104/755/538 1108/754/539 1870/1783/1496
f 1870/1783/1497 1108/754/537 1103/753/466 1869/1784/466
f 1111/760/544 1871/1785/1498 1873/1786/1499 1116/761/545
f 1116/761/547 1873/1786/1500 1872/1787/447 1112/762/447
f 1871/1785/1498 1068/719/498 1072/718/499 1873/1786/1499
f 1873/1786/1500 1072/718/497 1067/717/447 1872/1787/447
f 1075/724/504 1874/1788/1501 1876/1789/1502 1080/725/505
f 1080/725/508 1876/1789/1503 1875/1790/437 1076/726/437
f 1874/1788/1501 1050/701/479 1054/700/480 1876/1789/1502
f 1876/1789/1503 1054/700/478 1049/699/437 1875/1790/437
f 993/643/437 1877/1791/437 1879/1792/434 997/640/434
f 997/640/434 1879/1792/434 1878/1793/475 991/637/431
f 1877/1791/437 1049/699/437 1053/698/434 1879/1792/434
f 1879/1792/434 1053/698/434 1048/697/475 1878/1793/475
f 1058/708/456 1880/1794/1504 1882/1795/438 1063/709/438
f 1063/709/438 1882/1795/438 1881/1796/431 1059/710/475
f 1880/1794/1504 999/648/440 1001/645/438 1882/1795/438
f 1882/1795/438 1001/645/438 998/644/431 1881/1796/431
f 1007/657/447 1883/1797/1505 1885/1798/445 1011/654/445
f 1011/654/445 1885/1798/445 1884/1799/442 1005/651/442
f 1883/1797/1505 1067/717/447 1071/716/445 1885/1798/445
f 1885/1798/445 1071/716/445 1066/715/494 1884/1799/442
f 1076/726/437 1886/1800/437 1888/1801/506 1081/727/506
f 1081/727/506 1888/1801/506 1887/1802/1506 1077/728/442
f 1886/1800/437 1013/662/450 1015/659/448 1888/1801/506
f 1888/1801/506 1015/659/448 1012/658/442 1887/1802/1506
f 1021/671/456 1889/1803/1504 1891/1804/454 1025/668/454
f 1025/668/454 1891/1804/454 1890/1805/451 1019/665/451
f 1889/1803/1504 1085/735/456 1089/734/454 1891/1804/454
f 1891/1804/454 1089/734/454 1084/733/514 1890/1805/451
f 1094/744/466 1892/1806/466 1894/1807/526 1099/745/526
f 1099/745/526 1894/1807/526 1893/1808/1507 1095/746/451
f 1892/1806/466 1027/676/459 1029/673/457 1894/1807/526
f 1894/1807/526 1029/673/457 1026/672/451 1893/1808/1507
f 1035/685/466 1895/1809/466 1897/1810/464 1039/682/464
f 1039/682/464 1897/1810/464 1896/1811/534 1033/679/461
f 1895/1809/466 1103/753/466 1107/752/464 1897/1810/464
f 1897/1810/464 1107/752/464 1102/751/534 1896/1811/534
f 1112/762/447 1898/1812/1505 1900/1813/467 1117/763/467
f 1117/763/467 1900/1813/467 1899/1814/461 1113/764/534
f 1898/1812/1505 1041/690/469 1043/687/467 1900/1813/467
f 1900/1813/467 1043/687/467 1040/686/461 1899/1814/461
f 640/1815/214 1902/977/15 1904/974/737 641/1816/1508
f 641/1816/1509 1904/974/732 1901/973/731 639/1817/1510
f 1902/977/15 642/1818/15 644/1819/1511 1906/978/735
f 1906/978/739 644/1819/1512 643/1820/1513 1903/979/738
f 646/1821/15 1909/984/15 1911/981/746 647/1822/1514
f 647/1822/1515 1911/981/741 1908/980/740 645/1823/1516
f 1909/984/15 648/1824/15 650/1825/1517 1913/985/744
f 1913/985/748 650/1825/1518 649/1826/1519 1910/986/747
f 652/1827/15 1916/991/15 1918/988/755 653/1828/1520
f 653/1828/1521 1918/988/750 1915/987/749 651/1829/1522
f 1916/991/15 654/1830/15 656/1831/1523 1920/992/753
f 1920/992/757 656/1831/1524 655/1832/1525 1917/993/756
f 658/1833/210 1923/998/15 1925/995/764 659/1834/1526
f 659/1834/1527 1925/995/759 1922/994/758 657/1835/1528
f 1923/998/15 660/1836/15 662/1837/1529 1927/999/762
f 1927/999/766 662/1837/1530 661/1838/1531 1924/1000/765
f 642/1818/15 1929/1839/15 1931/1840/1532 644/1819/1511
f 644/1819/1512 1931/1840/1533 1930/1841/1534 643/1820/1513
f 1929/1839/15 652/1827/15 653/1828/1520 1931/1840/1532
f 1931/1840/1533 653/1828/1521 651/1829/1522 1930/1841/1534
f 654/1830/15 1932/1842/210 1934/1843/1535 656/1831/1523
f 656/1831/1524 1934/1843/1536 1933/1844/1537 655/1832/1525
f 1932/1842/210 658/1833/210 659/1834/1526 1934/1843/1535
f 1934/1843/1536 659/1834/1527 657/1835/1528 1933/1844/1537
f 660/1836/15 1935/1845/15 1937/1846/1538 662/1837/1529
f 662/1837/1530 1937/1846/1539 1936/1847/1540 661/1838/1531
f 1935/1845/15 646/1821/15 647/1822/1514 1937/1846/1538
f 1937/1846/1539 647/1822/1515 645/1823/1516 1936/1847/1540
f 648/1824/15 1938/1848/214 1940/1849/1541 650/1825/1517
f 650/1825/1518 1940/1849/1542 1939/1850/1543 649/1826/1519
f 1938/1848/214 640/1815/214 641/1816/1508 1940/1849/1541
f 1940/1849/1542 641/1816/1509 639/1817/1510 1939/1850/1543
f 1050/701/479 1942/1851/770 1944/1852/768 1055/696/474
f 1055/696/474 1944/1852/768 1941/1001/767 1047/693/471
f 1945/1006/771 1057/706/485 1060/703/482 1948/1853/772
f 1948/1853/772 1060/703/482 1056/702/481 1946/1854/1544
f 1068/719/498 1950/1855/778 1952/1856/776 1073/714/493
f 1073/714/493 1952/1856/776 1949/1010/1545 1065/711/490
f 1953/1014/779 1075/724/504 1078/721/501 1956/1857/780
f 1956/1857/780 1078/721/501 1074/720/500 1954/1858/782
f 1086/737/518 1958/1859/786 1960/1860/784 1091/732/513
f 1091/732/513 1960/1860/784 1957/1019/1546 1083/729/510
f 1961/1024/787 1093/742/524 1096/739/521 1964/1861/788
f 1964/1861/788 1096/739/521 1092/738/520 1962/1862/790
f 1104/755/538 1966/1863/794 1968/1864/792 1109/750/533
f 1109/750/533 1968/1864/792 1965/1029/791 1101/747/530
f 1969/1033/795 1111/760/544 1114/757/541 1972/1865/796
f 1972/1865/796 1114/757/541 1110/756/540 1970/1866/1547
f 1324/1340/1005 1973/1867/1548 1975/1868/1549 1325/1341/1006
f 1325/1341/1006 1975/1868/1549 1974/1869/1550 1323/1343/1009
f 1420/1870/1551 1974/1869/1550 1975/1868/1549 1421/1871/1552
f 1421/1871/1552 1975/1868/1549 1973/1867/1548 1419/1872/1553
f 1327/1346/1012 1976/1873/1554 1978/1874/1555 1328/1347/1013
f 1328/1347/1013 1978/1874/1555 1977/1875/1556 1326/1349/1016
f 1423/1876/1557 1977/1875/1556 1978/1874/1555 1424/1877/1558
f 1424/1877/1558 1978/1874/1555 1976/1873/1554 1422/1878/1559
f 1330/1352/1019 1979/1879/1560 1981/1880/1561 1331/1353/1020
f 1331/1353/1020 1981/1880/1561 1980/1881/1562 1329/1355/1023
f 1426/1882/1563 1980/1881/1562 1981/1880/1561 1427/1883/1564
f 1427/1883/1564 1981/1880/1561 1979/1879/1560 1425/1884/1565
f 1333/1358/1026 1982/1885/1566 1984/1886/1567 1334/1359/1027
f 1334/1359/1027 1984/1886/1567 1983/1887/1568 1332/1361/1030
f 1429/1888/1569 1983/1887/1568 1984/1886/1567 1430/1889/1570
f 1430/1889/1570 1984/1886/1567 1982/1885/1566 1428/1890/1571
f 1335/1364/1033 1986/1891/1572 1987/1892/1573 1337/1365/1034
f 1337/1365/1034 1987/1892/1573 1985/1893/1574 1336/1367/1036
f 1432/827/591 1985/1893/1574 1987/1892/1573 1436/828/592
f 1436/828/592 1987/1892/1573 1986/1891/1572 1433/829/593
f 1338/1370/1039 1989/1894/1575 1990/1895/1576 1340/1371/1040
f 1340/1371/1040 1990/1895/1576 1988/1896/1577 1339/1373/1042
f 1439/834/598 1988/1896/1577 1990/1895/1576 1443/835/599
f 1443/835/599 1990/1895/1576 1989/1894/1575 1440/836/600
f 1341/1376/1045 1992/1897/1578 1993/1898/1579 1343/1377/1046
f 1343/1377/1046 1993/1898/1579 1991/1899/1580 1342/1379/1048
f 1446/841/605 1991/1899/1580 1993/1898/1579 1450/842/606
f 1450/842/606 1993/1898/1579 1992/1897/1578 1447/843/607
f 1344/1382/1051 1995/1900/1581 1996/1901/1582 1346/1383/1052
f 1346/1383/1052 1996/1901/1582 1994/1902/1583 1345/1385/1054
f 1453/848/612 1994/1902/1583 1996/1901/1582 1457/849/613
f 1457/849/613 1996/1901/1582 1995/1900/1581 1454/850/614
f 1460/1903/1584 1998/1904/1585 2000/1905/1586 1461/1906/1587
f 1461/1906/1587 2000/1905/1586 1997/1038/1588 1459/1907/1589
f 1467/1908/1590 2001/1909/1591 2003/1910/1592 1468/1911/1593
f 1468/1911/1593 2003/1910/1592 2002/1912/1594 1466/1913/1595
f 1419/1872/1596 2002/1912/1594 2003/1910/1592 1421/1871/1552
f 1421/1871/1552 2003/1910/1592 2001/1909/1591 1420/1870/1551
f 1473/1914/1597 2004/1915/1598 2006/1916/1599 1474/1917/1600
f 1474/1917/1600 2006/1916/1599 2005/1918/1601 1472/1919/1602
f 1470/1920/1603 2005/1918/1601 2006/1916/1599 1471/1921/1604
f 1471/1921/1604 2006/1916/1599 2004/1915/1598 1469/1922/1605
f 1476/1923/1606 2007/1924/1607 2009/1925/1608 1477/1926/1609
f 1477/1926/1609 2009/1925/1608 2008/1927/1610 1475/1928/1611
f 1422/1878/1612 2008/1927/1610 2009/1925/1608 1424/1877/1558
f 1424/1877/1558 2009/1925/1608 2007/1924/1607 1423/1876/1557
f 1482/1929/1613 2010/1930/1614 2012/1931/1615 1483/1932/1616
f 1483/1932/1616 2012/1931/1615 2011/1933/1617 1481/1934/1618
f 1479/1935/1619 2011/1933/1617 2012/1931/1615 1480/1936/1620
f 1480/1936/1620 2012/1931/1615 2010/1930/1614 1478/1937/1621
f 1485/1938/1622 2013/1939/1623 2015/1940/1624 1486/1941/1625
f 1486/1941/1625 2015/1940/1624 2014/1942/1626 1484/1943/1627
f 1425/1884/1628 2014/1942/1626 2015/1940/1624 1427/1883/1564
f 1427/1883/1564 2015/1940/1624 2013/1939/1623 1426/1882/1563
f 1488/1944/1629 2017/1945/1630 2019/1946/1631 1489/1947/1632
f 1489/1947/1632 2019/1946/1631 2016/1043/1633 1487/1948/1634
f 1495/1949/1635 2020/1950/1636 2022/1951/1637 1496/1952/1638
f 1496/1952/1638 2022/1951/1637 2021/1953/1639 1494/1954/1640
f 1428/1890/1641 2021/1953/1639 2022/1951/1637 1430/1889/1570
f 1430/1889/1570 2022/1951/1637 2020/1950/1636 1429/1888/1569
f 1501/1955/1642 2023/1956/1643 2025/1957/1644 1502/1958/1645
f 1502/1958/1645 2025/1957/1644 2024/1959/1646 1500/1960/1647
f 1498/1961/1648 2024/1959/1646 2025/1957/1644 1499/1962/1649
f 1499/1962/1649 2025/1957/1644 2023/1956/1643 1497/1963/1650
f 1507/1964/1651 2026/1965/1652 2028/1966/1653 1508/1967/1654
f 1508/1967/1654 2028/1966/1653 2027/1968/1655 1506/1969/1656
f 1504/1970/1657 2027/1968/1655 2028/1966/1653 1505/1971/1658
f 1505/1971/1658 2028/1966/1653 2026/1965/1652 1503/1972/1659
f 1513/1973/1660 2029/1974/1661 2031/1975/1662 1514/1976/1663
f 1514/1976/1663 2031/1975/1662 2030/1977/1664 1512/1978/1665
f 1510/1979/1666 2030/1977/1664 2031/1975/1662 1511/1980/1667
f 1511/1980/1667 2031/1975/1662 2029/1974/1661 1509/1981/1668
f 1519/1982/1669 2032/1983/1670 2034/1984/1671 1520/1985/1672
f 1520/1985/1672 2034/1984/1671 2033/1986/1673 1518/1987/1674
f 1516/1988/1675 2033/1986/1673 2034/1984/1671 1517/1989/1676
f 1517/1989/1676 2034/1984/1671 2032/1983/1670 1515/1990/1677
f 1525/1991/1678 2035/1992/1679 2037/1993/1680 1526/1994/1681
f 1526/1994/1681 2037/1993/1680 2036/1995/1682 1524/1996/1683
f 1522/1997/1684 2036/1995/1682 2037/1993/1680 1523/1998/1685
f 1523/1998/1685 2037/1993/1680 2035/1992/1679 1521/1999/1686
f 1531/2000/1687 2038/2001/1688 2040/2002/1689 1532/2003/1690
f 1532/2003/1690 2040/2002/1689 2039/2004/1691 1530/2005/1692
f 1528/2006/1693 2039/2004/1691 2040/2002/1689 1529/2007/1694
f 1529/2007/1694 2040/2002/1689 2038/2001/1688 1527/2008/1695
f 1537/2009/1696 2041/2010/1697 2043/2011/1698 1538/2012/1699
f 1538/2012/1699 2043/2011/1698 2042/2013/1700 1536/2014/1701
f 1534/2015/1702 2042/2013/1700 2043/2011/1698 1535/2016/1703
f 1535/2016/1703 2043/2011/1698 2041/2010/1697 1533/2017/1704
f 1543/2018/1705 2044/2019/1706 2046/2020/1707 1544/2021/1708
f 1544/2021/1708 2046/2020/1707 2045/2022/1709 1542/2023/1710
f 1540/2024/1711 2045/2022/1709 2046/2020/1707 1541/2025/1712
f 1541/2025/1712 2046/2020/1707 2044/2019/1706 1539/2026/1713
f 1497/1963/1650 2047/2027/1714 2049/2028/1715 1499/1962/1649
f 1499/1962/1649 2049/2028/1715 2048/2029/1716 1498/1961/1648
f 1462/851/615 2048/2029/1716 2049/2028/1715 1465/2030/616
f 1465/2030/616 2049/2028/1715 2047/2027/1714 1463/2031/618
f 1503/1972/1659 2050/2032/1717 2052/2033/1718 1505/1971/1658
f 1505/1971/1658 2052/2033/1718 2051/2034/1719 1504/1970/1657
f 1466/1913/1595 2051/2034/1719 2052/2033/1718 1468/1911/1593
f 1468/1911/1593 2052/2033/1718 2050/2032/1717 1467/1908/1590
f 1509/1981/1668 2053/2035/1720 2055/2036/1721 1511/1980/1667
f 1511/1980/1667 2055/2036/1721 2054/2037/1722 1510/1979/1666
f 1472/1919/1602 2054/2037/1722 2055/2036/1721 1474/1917/1600
f 1474/1917/1600 2055/2036/1721 2053/2035/1720 1473/1914/1597
f 1515/1990/1677 2056/2038/1723 2058/2039/1724 1517/1989/1676
f 1517/1989/1676 2058/2039/1724 2057/2040/1725 1516/1988/1675
f 1475/1928/1611 2057/2040/1725 2058/2039/1724 1477/1926/1609
f 1477/1926/1609 2058/2039/1724 2056/2038/1723 1476/1923/1606
f 1521/1999/1686 2059/2041/1726 2061/2042/1727 1523/1998/1685
f 1523/1998/1685 2061/2042/1727 2060/2043/1728 1522/1997/1684
f 1481/1934/1618 2060/2043/1728 2061/2042/1727 1483/1932/1616
f 1483/1932/1616 2061/2042/1727 2059/2041/1726 1482/1929/1613
f 1527/2008/1695 2062/2044/1729 2064/2045/1730 1529/2007/1694
f 1529/2007/1694 2064/2045/1730 2063/2046/1731 1528/2006/1693
f 1484/1943/1627 2063/2046/1731 2064/2045/1730 1486/1941/1625
f 1486/1941/1625 2064/2045/1730 2062/2044/1729 1485/1938/1622
f 1533/2017/1704 2065/2047/1732 2067/2048/1733 1535/2016/1703
f 1535/2016/1703 2067/2048/1733 2066/2049/1734 1534/2015/1702
f 1490/856/619 2066/2049/1734 2067/2048/1733 1493/2050/620
f 1493/2050/620 2067/2048/1733 2065/2047/1732 1491/2051/622
f 1539/2026/1713 2068/2052/1735 2070/2053/1736 1541/2025/1712
f 1541/2025/1712 2070/2053/1736 2069/2054/1737 1540/2024/1711
f 1494/1954/1640 2069/2054/1737 2070/2053/1736 1496/1952/1638
f 1496/1952/1638 2070/2053/1736 2068/2052/1735 1495/1949/1635
f 1395/1470/1160 2072/2055/1738 2073/2056/1739 1397/1469/1159
f 1397/1469/1159 2073/2056/1739 2071/2057/1740 1396/1468/1158
f 1546/2058/1741 2071/2057/1740 2073/2056/1739 1547/2059/1742
f 1547/2059/1742 2073/2056/1739 2072/2055/1738 1545/2060/1743
f 1398/1473/1163 2075/2061/1744 2076/2062/1745 1400/1472/1162
f 1400/1472/1162 2076/2062/1745 2074/2063/1746 1399/1471/1161
f 1549/2064/1747 2074/2063/1746 2076/2062/1745 1550/2065/1748
f 1550/2065/1748 2076/2062/1745 2075/2061/1744 1548/2066/1749
f 1401/1476/1166 2078/2067/1750 2079/2068/1751 1403/1475/1165
f 1403/1475/1165 2079/2068/1751 2077/2069/1752 1402/1474/1164
f 1552/2070/1753 2077/2069/1752 2079/2068/1751 1553/2071/1754
f 1553/2071/1754 2079/2068/1751 2078/2067/1750 1551/2072/1755
f 1404/1479/1169 2081/2073/1756 2082/2074/1757 1406/1478/1168
f 1406/1478/1168 2082/2074/1757 2080/2075/1758 1405/1477/1167
f 1555/2076/1759 2080/2075/1758 2082/2074/1757 1556/2077/1760
f 1556/2077/1760 2082/2074/1757 2081/2073/1756 1554/2078/1761
f 1408/1482/1172 2083/2079/1762 2085/2080/1763 1409/1481/1171
f 1409/1481/1171 2085/2080/1763 2084/2081/1764 1407/1480/1170
f 1459/1907/1765 2084/2081/1764 2085/2080/1763 1461/1906/1766
f 1461/1906/1766 2085/2080/1763 2083/2079/1762 1460/1903/1767
f 1411/1485/1175 2086/2082/1768 2088/2083/1769 1412/1484/1174
f 1412/1484/1174 2088/2083/1769 2087/2084/1770 1410/1483/1173
f 1469/1922/1771 2087/2084/1770 2088/2083/1769 1471/1921/1772
f 1471/1921/1772 2088/2083/1769 2086/2082/1768 1470/1920/1773
f 1414/1488/1178 2089/2085/1774 2091/2086/1775 1415/1487/1177
f 1415/1487/1177 2091/2086/1775 2090/2087/1776 1413/1486/1176
f 1478/1937/1777 2090/2087/1776 2091/2086/1775 1480/1936/1778
f 1480/1936/1778 2091/2086/1775 2089/2085/1774 1479/1935/1779
f 1417/1491/1181 2092/2088/1780 2094/2089/1781 1418/1490/1180
f 1418/1490/1180 2094/2089/1781 2093/2090/1782 1416/1489/1179
f 1487/1948/1783 2093/2090/1782 2094/2089/1781 1489/1947/1784
f 1489/1947/1784 2094/2089/1781 2092/2088/1780 1488/1944/1785
f 1545/2060/1743 2095/2091/1786 2097/2092/1787 1547/2059/1742
f 1547/2059/1742 2097/2092/1787 2096/2093/1788 1546/2058/1789
f 1500/1960/1647 2096/2093/1788 2097/2092/1787 1502/1958/1645
f 1502/1958/1645 2097/2092/1787 2095/2091/1786 1501/1955/1642
f 1431/823/587 2098/2094/1790 2100/2095/1791 1434/824/588
f 1434/824/588 2100/2095/1791 2099/2096/1792 1432/827/591
f 1506/1969/1656 2099/2096/1792 2100/2095/1791 1508/1967/1654
f 1508/1967/1654 2100/2095/1791 2098/2094/1790 1507/1964/1651
f 1548/2066/1749 2101/2097/1793 2103/2098/1794 1550/2065/1748
f 1550/2065/1748 2103/2098/1794 2102/2099/1795 1549/2064/1796
f 1512/1978/1665 2102/2099/1795 2103/2098/1794 1514/1976/1663
f 1514/1976/1663 2103/2098/1794 2101/2097/1793 1513/1973/1660
f 1438/830/594 2104/2100/1797 2106/2101/1798 1441/831/595
f 1441/831/595 2106/2101/1798 2105/2102/1799 1439/834/598
f 1518/1987/1674 2105/2102/1799 2106/2101/1798 1520/1985/1672
f 1520/1985/1672 2106/2101/1798 2104/2100/1797 1519/1982/1669
f 1551/2072/1755 2107/2103/1800 2109/2104/1801 1553/2071/1754
f 1553/2071/1754 2109/2104/1801 2108/2105/1802 1552/2070/1803
f 1524/1996/1683 2108/2105/1802 2109/2104/1801 1526/1994/1681
f 1526/1994/1681 2109/2104/1801 2107/2103/1800 1525/1991/1678
f 1445/837/601 2110/2106/1804 2112/2107/1805 1448/838/602
f 1448/838/602 2112/2107/1805 2111/2108/1806 1446/841/605
f 1530/2005/1692 2111/2108/1806 2112/2107/1805 1532/2003/1690
f 1532/2003/1690 2112/2107/1805 2110/2106/1804 1531/2000/1687
f 1554/2078/1761 2113/2109/1807 2115/2110/1808 1556/2077/1760
f 1556/2077/1760 2115/2110/1808 2114/2111/1809 1555/2076/1810
f 1536/2014/1701 2114/2111/1809 2115/2110/1808 1538/2012/1699
f 1538/2012/1699 2115/2110/1808 2113/2109/1807 1537/2009/1696
f 1452/844/608 2116/2112/1811 2118/2113/1812 1455/845/609
f 1455/845/609 2118/2113/1812 2117/2114/1813 1453/848/612
f 1542/2023/1710 2117/2114/1813 2118/2113/1812 1544/2021/1708
f 1544/2021/1708 2118/2113/1812 2116/2112/1811 1543/2018/1705
f 1627/2115/1814 2119/2116/1815 2121/2117/1816 1628/2118/1817
f 1628/2118/1817 2121/2117/1816 2120/2119/1818 1626/2120/1819
f 1629/1493/1183 2120/2119/1818 2121/2117/1816 1631/1494/1184
f 1631/1494/1184 2121/2117/1816 2119/2116/1815 1630/1496/1820
f 1624/2121/1821 2122/2122/1822 2124/2123/1823 1625/2124/1824
f 1625/2124/1824 2124/2123/1823 2123/2125/1825 1623/2126/1826
f 1632/1499/1191 2123/2125/1825 2124/2123/1823 1634/1500/1192
f 1634/1500/1192 2124/2123/1823 2122/2122/1822 1633/1502/1827
f 1621/2127/1828 2125/2128/1829 2127/2129/1830 1622/2130/1831
f 1622/2130/1831 2127/2129/1830 2126/2131/1832 1620/2132/1833
f 1635/1505/1199 2126/2131/1832 2127/2129/1830 1637/1506/1200
f 1637/1506/1200 2127/2129/1830 2125/2128/1829 1636/1508/1834
f 1618/2133/1835 2128/2134/1836 2130/2135/1837 1619/2136/1838
f 1619/2136/1838 2130/2135/1837 2129/2137/1839 1617/2138/1840
f 1638/1510/1207 2129/2137/1839 2130/2135/1837 1640/1511/1208
f 1640/1511/1208 2130/2135/1837 2128/2134/1836 1639/1513/1841
f 1609/2139/1842 2131/2140/1843 2133/2141/1844 1610/2142/1845
f 1610/2142/1845 2133/2141/1844 2132/2143/1846 1608/2144/1847
f 1570/2145/1848 2132/2143/1846 2133/2141/1844 1571/2146/1849
f 1571/2146/1849 2133/2141/1844 2131/2140/1843 1569/2147/1850
f 1600/2148/1851 2134/2149/1852 2136/2150/1853 1601/2151/1854
f 1601/2151/1854 2136/2150/1853 2135/2152/1855 1599/2153/1856
f 1573/2154/1857 2135/2152/1855 2136/2150/1853 1574/2155/1858
f 1574/2155/1858 2136/2150/1853 2134/2149/1852 1572/2156/1859
f 1591/2157/1860 2137/2158/1861 2139/2159/1862 1592/2160/1863
f 1592/2160/1863 2139/2159/1862 2138/2161/1864 1590/2162/1865
f 1576/2163/1866 2138/2161/1864 2139/2159/1862 1577/2164/1867
f 1577/2164/1867 2139/2159/1862 2137/2158/1861 1575/2165/1868
f 1582/2166/1869 2140/2167/1870 2142/2168/1871 1583/2169/1872
f 1583/2169/1872 2142/2168/1871 2141/2170/1873 1581/2171/1874
f 1579/2172/1875 2141/2170/1873 2142/2168/1871 1580/2173/1876
f 1580/2173/1876 2142/2168/1871 2140/2167/1870 1578/2174/1877
f 1643/867/630 2143/2175/1878 2145/2176/1879 1647/864/626
f 1647/864/626 2145/2176/1879 2144/2177/1880 1641/861/623
f 1581/2171/1874 2144/2177/1880 2145/2176/1879 1583/2169/1872
f 1583/2169/1872 2145/2176/1879 2143/2175/1878 1582/2166/1869
f 1585/2178/1881 2146/2179/1882 2148/2180/1883 1586/2181/1884
f 1586/2181/1884 2148/2180/1883 2147/2182/1885 1584/2183/1886
f 1567/2184/1887 2147/2182/1885 2148/2180/1883 1568/2185/1888
f 1568/2185/1888 2148/2180/1883 2146/2179/1882 1566/2186/1889
f 1803/928/691 2149/2187/1890 2151/2188/1891 1807/925/688
f 1807/925/688 2151/2188/1891 2150/2189/1892 1801/922/685
f 1584/2183/1886 2150/2189/1892 2151/2188/1891 1586/2181/1884
f 1586/2181/1884 2151/2188/1891 2149/2187/1890 1585/2178/1881
f 1588/2190/1893 2152/2191/1894 2154/2192/1895 1589/2193/1896
f 1589/2193/1896 2154/2192/1895 2153/2194/1897 1587/2195/1898
f 1782/1729/1899 2153/2194/1897 2154/2192/1895 1783/1728/1455
f 1783/1728/1455 2154/2192/1895 2152/2191/1894 1781/1727/1454
f 1566/2186/1889 2155/2196/1900 2157/2197/1901 1568/2185/1888
f 1568/2185/1888 2157/2197/1901 2156/2198/1902 1567/2184/1887
f 1587/2195/1898 2156/2198/1902 2157/2197/1901 1589/2193/1896
f 1589/2193/1896 2157/2197/1901 2155/2196/1900 1588/2190/1893
f 1650/874/638 2158/2199/1903 2160/2200/1904 1654/871/634
f 1654/871/634 2160/2200/1904 2159/2201/1905 1648/868/631
f 1590/2162/1865 2159/2201/1905 2160/2200/1904 1592/2160/1863
f 1592/2160/1863 2160/2200/1904 2158/2199/1903 1591/2157/1860
f 1594/2202/1906 2161/2203/1907 2163/2204/1908 1595/2205/1909
f 1595/2205/1909 2163/2204/1908 2162/2206/1910 1593/2207/1911
f 1564/2208/1912 2162/2206/1910 2163/2204/1908 1565/2209/1913
f 1565/2209/1913 2163/2204/1908 2161/2203/1907 1563/2210/1914
f 1808/1744/1471 2164/2211/1915 2166/2212/1916 1810/1743/1470
f 1810/1743/1470 2166/2212/1916 2165/2213/1917 1809/1742/1918
f 1593/2207/1911 2165/2213/1917 2166/2212/1916 1595/2205/1909
f 1595/2205/1909 2166/2212/1916 2164/2211/1915 1594/2202/1906
f 1597/2214/1919 2167/2215/1920 2169/2216/1921 1598/2217/1922
f 1598/2217/1922 2169/2216/1921 2168/2218/1923 1596/2219/1924
f 1784/908/671 2168/2218/1923 2169/2216/1921 1787/909/672
f 1787/909/672 2169/2216/1921 2167/2215/1920 1785/912/675
f 1563/2210/1914 2170/2220/1925 2172/2221/1926 1565/2209/1913
f 1565/2209/1913 2172/2221/1926 2171/2222/1927 1564/2208/1912
f 1596/2219/1924 2171/2222/1927 2172/2221/1926 1598/2217/1922
f 1598/2217/1922 2172/2221/1926 2170/2220/1925 1597/2214/1919
f 1657/881/646 2173/2223/1928 2175/2224/1929 1661/878/642
f 1661/878/642 2175/2224/1929 2174/2225/1930 1655/875/639
f 1599/2153/1856 2174/2225/1930 2175/2224/1929 1601/2151/1854
f 1601/2151/1854 2175/2224/1929 2173/2223/1928 1600/2148/1851
f 1603/2226/1931 2176/2227/1932 2178/2228/1933 1604/2229/1934
f 1604/2229/1934 2178/2228/1933 2177/2230/1935 1602/2231/1936
f 1561/2232/1937 2177/2230/1935 2178/2228/1933 1562/2233/1938
f 1562/2233/1938 2178/2228/1933 2176/2227/1932 1560/2234/1939
f 1811/1747/1475 2179/2235/1940 2181/2236/1941 1813/1746/1474
f 1813/1746/1474 2181/2236/1941 2180/2237/1942 1812/1745/1943
f 1602/2231/1936 2180/2237/1942 2181/2236/1941 1604/2229/1934
f 1604/2229/1934 2181/2236/1941 2179/2235/1940 1603/2226/1931
f 1606/2238/1944 2182/2239/1945 2184/2240/1946 1607/2241/1947
f 1607/2241/1947 2184/2240/1946 2183/2242/1948 1605/2243/1949
f 1791/915/678 2183/2242/1948 2184/2240/1946 1794/916/679
f 1794/916/679 2184/2240/1946 2182/2239/1945 1792/919/682
f 1560/2234/1939 2185/2244/1950 2187/2245/1951 1562/2233/1938
f 1562/2233/1938 2187/2245/1951 2186/2246/1952 1561/2232/1937
f 1605/2243/1949 2186/2246/1952 2187/2245/1951 1607/2241/1947
f 1607/2241/1947 2187/2245/1951 2185/2244/1950 1606/2238/1944
f 1664/888/654 2188/2247/1953 2190/2248/1954 1668/885/650
f 1668/885/650 2190/2248/1954 2189/2249/1955 1662/882/647
f 1608/2144/1847 2189/2249/1955 2190/2248/1954 1610/2142/1845
f 1610/2142/1845 2190/2248/1954 2188/2247/1953 1609/2139/1842
f 1612/2250/1956 2191/2251/1957 2193/2252/1958 1613/2253/1959
f 1613/2253/1959 2193/2252/1958 2192/2254/1960 1611/2255/1961
f 1558/2256/1962 2192/2254/1960 2193/2252/1958 1559/2257/1963
f 1559/2257/1963 2193/2252/1958 2191/2251/1957 1557/2258/1964
f 1816/935/698 2194/2259/1965 2196/2260/1966 1820/932/695
f 1820/932/695 2196/2260/1966 2195/2261/1967 1814/929/692
f 1611/2255/1961 2195/2261/1967 2196/2260/1966 1613/2253/1959
f 1613/2253/1959 2196/2260/1966 2194/2259/1965 1612/2250/1956
f 1615/2262/1968 2197/2263/1969 2199/2264/1970 1616/2265/1971
f 1616/2265/1971 2199/2264/1970 2198/2266/1972 1614/2267/1973
f 1799/1738/1974 2198/2266/1972 2199/2264/1970 1800/1737/1463
f 1800/1737/1463 2199/2264/1970 2197/2263/1969 1798/1736/1462
f 1557/2258/1964 2200/2268/1975 2202/2269/1976 1559/2257/1963
f 1559/2257/1963 2202/2269/1976 2201/2270/1977 1558/2256/1962
f 1614/2267/1973 2201/2270/1977 2202/2269/1976 1616/2265/1971
f 1616/2265/1971 2202/2269/1976 2200/2268/1975 1615/2262/1968
f 1569/2147/1850 2203/2271/1978 2205/2272/1979 1571/2146/1849
f 1571/2146/1849 2205/2272/1979 2204/2273/1980 1570/2145/1848
f 1617/2138/1840 2204/2273/1980 2205/2272/1979 1619/2136/1838
f 1619/2136/1838 2205/2272/1979 2203/2271/1978 1618/2133/1835
f 1572/2156/1859 2206/2274/1981 2208/2275/1982 1574/2155/1858
f 1574/2155/1858 2208/2275/1982 2207/2276/1983 1573/2154/1857
f 1620/2132/1833 2207/2276/1983 2208/2275/1982 1622/2130/1831
f 1622/2130/1831 2208/2275/1982 2206/2274/1981 1621/2127/1828
f 1575/2165/1868 2209/2277/1984 2211/2278/1985 1577/2164/1867
f 1577/2164/1867 2211/2278/1985 2210/2279/1986 1576/2163/1866
f 1623/2126/1826 2210/2279/1986 2211/2278/1985 1625/2124/1824
f 1625/2124/1824 2211/2278/1985 2209/2277/1984 1624/2121/1821
f 1578/2174/1877 2212/2280/1987 2214/2281/1988 1580/2173/1876
f 1580/2173/1876 2214/2281/1988 2213/2282/1989 1579/2172/1875
f 1626/2120/1819 2213/2282/1989 2214/2281/1988 1628/2118/1817
f 1628/2118/1817 2214/2281/1988 2212/2280/1987 1627/2115/1814
f 1903/979/738 2216/2283/810 2218/2284/808 1907/976/734
f 1907/976/734 2218/2284/808 2215/1047/807 1901/973/731
f 1910/986/747 2220/2285/813 2222/2286/743 1914/983/743
f 1914/983/743 2222/2286/743 2219/1051/811 1908/980/740
f 1917/993/756 2224/2287/816 2226/2288/752 1921/990/752
f 1921/990/752 2226/2288/752 2223/1055/814 1915/987/749
f 1924/1000/765 2228/2289/820 2230/2290/818 1928/997/761
f 1928/997/761 2230/2290/818 2227/1060/817 1922/994/758
f 527/483/1990 1143/1092/1991 378/2291/1992 1167/1120/1993
f 529/491/282 1147/1098/282 375/2292/1994 1144/1095/1995
f 1168/1123/1996 377/2293/1997 1146/1096/1998 528/487/1999
f 534/493/312 1174/1130/312 378/2291/1992 1143/1092/1991
f 1144/1095/1995 375/2292/1994 1153/1105/2000 535/497/2000
f 1152/1102/291 379/2294/2001 1173/1127/2001 536/501/291
f 541/505/312 1161/1113/312 378/2291/1992 1174/1130/312
f 376/2295/2002 1162/1116/2002 543/513/2003 1165/1119/2003
f 379/2294/2001 1164/1117/401 542/509/401 1173/1127/2001
f 380/2296/2004 1176/1131/2004 548/515/409 1158/1109/409
f 1159/1112/863 550/523/863 1162/1116/2002 376/2295/2002
f 549/519/312 1177/1134/312 378/2291/1992 1161/1113/312
f 555/527/312 1125/1071/2005 378/2291/1992 1180/1137/312
f 373/2297/2006 1126/1074/2007 557/533/2008 1129/1078/2008
f 556/531/316 1179/1135/2009 381/2298/2009 1128/1075/316
f 562/537/2010 1122/1068/2011 377/2293/1997 1168/1123/1996
f 1123/1070/2012 564/545/328 1126/1074/2007 373/2297/2006
f 563/541/2013 1167/1120/1993 378/2291/1992 1125/1071/2005
f 569/547/312 1131/1079/312 378/2291/1992 1177/1134/312
f 571/555/839 1135/1085/839 374/2299/2014 1132/1081/2014
f 1134/1082/2015 570/551/2015 1176/1131/2004 380/2296/2004
f 576/557/312 1180/1137/312 378/2291/1992 1131/1079/312
f 1132/1081/2014 374/2299/2014 1141/1091/2016 577/561/2016
f 1179/1135/2009 578/563/376 1140/1089/376 381/2298/2009
f 585/570/15 137/2300/15 391/15/15 1119/1065/15
f 1120/1067/2017 373/2297/2006 1129/1078/2008 583/564/2008
f 1128/1075/316 381/2298/2009 1189/1146/2009 584/568/316
f 390/2301/15 121/2302/15 585/570/15 1188/1144/15
f 585/570/15 121/2303/15 399/2304/15 137/2300/15
f 590/571/15 1119/1065/15 391/15/15 138/2305/15
f 592/577/2018 1123/1070/2012 373/2297/2006 1120/1067/2017
f 1122/1068/2011 591/575/358 1171/1126/872 377/2293/1997
f 122/2306/15 387/2307/15 1170/1124/15 590/571/15
f 590/571/15 138/2308/15 400/2309/2019 122/2306/15
f 597/578/2015 1134/1082/2015 380/2296/2004 1186/1143/2004
f 1135/1085/839 599/584/839 1138/1088/2014 374/2299/2014
f 389/2310/15 123/2311/15 598/582/15 1185/1141/15
f 598/582/15 123/2312/15 401/2313/15 139/2314/15
f 598/582/15 139/2315/15 392/28/15 1137/1086/15
f 604/585/15 1137/1086/15 392/28/15 140/2316/15
f 374/2299/2014 1138/1088/2014 606/591/2016 1141/1091/2016
f 381/2298/2009 1140/1089/376 605/589/376 1189/1146/2009
f 124/2317/15 390/2301/15 1188/1144/15 604/585/15
f 604/585/15 140/2316/15 402/2318/2020 124/2317/15
f 377/2293/1997 1171/1126/872 611/592/2021 1146/1096/1998
f 1147/1098/282 613/598/282 1150/1101/1994 375/2292/1994
f 387/2307/15 125/2319/15 612/596/15 1170/1124/15
f 612/596/15 125/2319/15 403/2320/15 141/2321/15
f 612/596/15 141/2322/15 393/40/15 1149/1099/15
f 618/599/15 1149/1099/15 393/40/15 142/2323/15
f 375/2292/1994 1150/1101/1994 620/605/2000 1153/1105/2000
f 619/603/291 1183/1140/2001 379/2294/2001 1152/1102/291
f 126/2324/15 388/2325/15 1182/1138/15 618/599/15
f 618/599/15 142/2326/15 404/2327/2022 126/2328/15
f 627/612/15 143/54/15 394/53/15 1155/1106/15
f 1156/1108/2002 376/2295/2002 1165/1119/2003 625/606/2003
f 1183/1140/2001 626/610/401 1164/1117/401 379/2294/2001
f 388/2325/15 127/2329/15 627/612/15 1182/1138/15
f 627/612/15 127/2329/15 405/2330/15 143/2331/15
f 632/613/15 1155/1106/15 394/53/15 144/2332/15
f 634/619/863 1159/1112/863 376/2295/2002 1156/1108/2002
f 1186/1143/2004 380/2296/2004 1158/1109/409 633/617/409
f 128/2333/15 389/2310/15 1185/1141/15 632/613/15
f 632/613/15 144/2334/15 406/2335/2023 128/2333/15
f 639/1817/2024 1901/973/2025 2215/1047/2026 1941/1001/2027 1943/1003/2028
f 640/1815/15 1938/1848/15 382/2336/15 1902/977/15
f 1939/1850/1543 639/1817/2024 1943/1003/2028 1942/1851/2029 526/2337/2030
f 1903/979/2031 643/1820/2032 1947/1008/2033 1946/1854/2034 2216/2283/2035
f 642/1818/15 1902/977/15 382/2336/15 1929/1839/15
f 643/1820/2032 1930/1841/1534 523/2338/2036 1945/1006/2037 1947/1008/2033
f 645/1823/2038 1908/980/740 2219/1051/2039 1949/1010/2040 1951/1012/2041
f 646/1821/15 1935/1845/15 382/2336/15 1909/984/15
f 1936/1847/1540 645/1823/2038 1951/1012/2041 1950/1855/2042 525/2339/2043
f 1910/986/747 649/1826/2044 1955/1016/2045 1954/1858/2046 2220/2285/2047
f 648/1824/15 1909/984/15 382/2336/15 1938/1848/15
f 649/1826/2044 1939/1850/1543 526/2337/2030 1953/1014/2048 1955/1016/2045
f 651/1829/2049 1915/987/749 2223/1055/2050 1957/1019/2051 1959/1021/2052
f 652/1827/15 1929/1839/15 382/2336/15 1916/991/15
f 1930/1841/1534 651/1829/2049 1959/1021/2052 1958/1859/2053 523/2338/2036
f 1917/993/756 655/1832/2054 1963/1026/2055 1962/1862/2056 2224/2287/2057
f 654/1830/15 1916/991/15 382/2336/15 1932/1842/15
f 655/1832/2054 1933/1844/1537 524/2340/2058 1961/1024/2059 1963/1026/2055
f 657/1835/2060 1922/994/2061 2227/1060/2062 1965/1029/2063 1967/1031/2064
f 658/1833/15 1932/1842/15 382/2336/15 1923/998/15
f 1933/1844/1537 657/1835/2060 1967/1031/2064 1966/1863/2065 524/2340/2058
f 1924/1000/2066 661/1838/2067 1971/1035/2068 1970/1866/2069 2228/2289/2070
f 660/1836/15 1923/998/15 382/2336/15 1935/1845/15
f 661/1838/2067 1936/1847/1540 525/2339/2043 1969/1033/2071 1971/1035/2068
f 1371/1450/2072 663/1392/2073 232/2341/2073 462/1450/2072
f 663/1392/2073 1347/1388/2074 436/2342/2074 232/2341/2073
f 664/1394/15 1372/1451/210 475/319/210 282/280/15
f 1348/1390/214 664/1394/15 282/280/15 467/279/15
f 1374/1452/2075 666/1400/2076 227/1400/2076 459/2343/2075
f 666/1400/2076 1350/1396/2077 434/2344/2077 227/1400/2076
f 667/1401/210 1375/1454/210 476/322/15 284/285/15
f 1351/1398/15 667/1401/210 284/285/15 468/284/15
f 1377/1455/2078 669/1407/2079 221/1408/2079 456/2345/2078
f 669/1407/2079 1353/1403/2080 432/2346/2080 221/1408/2079
f 670/1409/214 1378/1456/214 477/325/15 286/290/15
f 1354/1405/15 670/1409/214 286/290/15 469/289/15
f 1380/1457/2081 672/1415/2082 216/1415/2082 453/2347/2081
f 672/1415/2082 1356/1411/2083 430/2348/2083 216/1415/2082
f 673/1416/15 1381/1459/214 478/328/214 288/295/15
f 1357/1413/210 673/1416/15 288/295/15 470/294/15
f 676/1423/2082 1384/1461/2083 450/2349/2083 209/1423/2082
f 1383/1460/15 675/1422/210 289/302/15 479/331/15
f 1360/1419/2081 676/1423/2082 209/1423/2082 428/2350/2081
f 675/1422/210 1359/1418/15 471/299/15 289/302/15
f 679/1432/2079 1387/1463/2084 447/2351/2080 206/1432/2079
f 1386/1462/15 678/1430/15 291/307/15 480/334/15
f 1363/1428/2078 679/1432/2079 206/1432/2079 426/2352/2078
f 678/1430/15 1362/1425/15 472/304/15 291/307/15
f 682/1440/2076 1390/1465/2085 445/1465/2085 203/2353/2076
f 1389/1464/15 681/1439/15 293/312/15 481/337/15
f 1366/1437/2075 682/1440/2076 203/2353/2076 424/2354/2075
f 681/1439/15 1365/1434/15 473/309/15 293/312/15
f 685/1449/2073 1393/1467/2074 443/2355/2074 200/2356/2073
f 1392/1466/15 684/1447/214 295/317/15 482/340/15
f 1369/1445/2072 685/1449/2073 200/2356/2073 422/2357/2072
f 684/1447/214 1368/1442/15 474/314/15 295/317/15
f 688/1339/2086 1371/1450/2072 462/1450/2072 231/1339/2087
f 1372/1451/210 687/1344/2088 273/320/211 475/319/210
f 1324/1340/2089 688/1339/2086 231/2358/2087 415/2359/2090
f 687/1344/2088 1323/1343/1009 1974/1869/2091 273/320/211
f 691/1345/2092 1374/1452/2075 459/2343/2075 226/1503/2093
f 1375/1454/210 690/1350/2094 274/323/212 476/322/15
f 1327/1346/2095 691/1345/2092 226/1345/2093 412/2360/2096
f 690/1350/2094 1326/1349/2097 1977/1875/2098 274/323/212
f 694/1351/2099 1377/1455/2078 456/2345/2078 220/2361/2100
f 1378/1456/214 693/1356/2101 275/326/213 477/325/15
f 1330/1352/2102 694/1351/2099 220/1351/2100 409/2362/2103
f 693/1356/2101 1329/1355/2104 1980/1881/2105 275/326/213
f 697/1357/2106 1380/1457/2081 453/2347/2081 215/1357/2107
f 1381/1459/214 696/1362/2108 276/329/215 478/328/214
f 1333/1358/2109 697/1357/2106 215/2363/2107 386/2364/2110
f 696/1362/2108 1332/1361/1030 1983/1887/2111 276/329/215
f 1384/1461/2083 699/1368/2112 210/1368/2113 450/2349/2083
f 699/1368/2112 1336/1367/2114 383/2365/2115 210/2366/2113
f 700/1363/2116 1383/1460/15 479/331/15 277/332/216
f 1335/1364/2117 700/1363/2116 277/332/216 1986/1891/2118
f 702/1374/2119 1339/1373/2120 464/2367/2121 235/2368/2122
f 703/1369/2123 1386/1462/15 480/334/15 278/335/217
f 1338/1370/2124 703/1369/2123 278/335/217 1989/1894/2125
f 1387/1463/2084 702/1374/2119 235/2369/2122 447/2351/2080
f 705/1380/2126 1342/1379/2127 461/2370/2128 229/1525/2129
f 706/1375/2130 1389/1464/15 481/337/15 279/338/218
f 1341/1376/2131 706/1375/2130 279/338/218 1992/1897/2132
f 1390/1465/2085 705/1380/2126 229/1525/2129 445/1465/2085
f 708/1386/2133 1345/1385/2134 458/2371/2135 224/2372/2136
f 709/1381/2137 1392/1466/15 482/340/15 280/341/219
f 1344/1382/2138 709/1381/2137 280/341/219 1995/1900/2139
f 1393/1467/2074 708/1386/2133 224/1386/2136 443/2355/2074
f 1347/1388/2074 712/1387/2140 190/2373/2141 436/2342/2074
f 711/1391/2142 1348/1390/214 467/279/15 281/282/202
f 712/1387/2140 1396/1468/2143 425/2374/2144 190/2373/2141
f 1395/1470/2145 711/1391/2142 281/282/202 2072/2055/2146
f 1350/1396/2077 715/1395/2147 188/2375/2148 434/2344/2077
f 714/1399/2149 1351/1398/15 468/284/15 283/287/203
f 715/1395/2147 1399/1471/2150 423/2376/2151 188/2377/2148
f 1398/1473/2152 714/1399/2149 283/287/203 2075/2061/2153
f 1353/1403/2080 718/1402/2154 186/2378/2155 432/2346/2080
f 717/1406/2156 1354/1405/15 469/289/15 285/292/204
f 718/1402/2154 1402/1474/2157 421/2379/2158 186/2380/2155
f 1401/1476/2159 717/1406/2156 285/292/204 2078/2067/2160
f 1356/1411/2083 721/1410/2161 184/1410/2162 430/2348/2083
f 720/1414/2163 1357/1413/210 470/294/15 287/297/205
f 721/1410/2161 1405/1477/2164 419/2381/2165 184/2382/2162
f 1404/1479/2166 720/1414/2163 287/297/205 2081/2073/2167
f 723/1421/2168 1360/1419/2081 428/2350/2081 182/1421/2169
f 724/1417/2170 1407/1480/1170 2084/2081/2171 290/300/206
f 1359/1418/15 724/1417/2170 290/300/206 471/299/15
f 1408/1482/2172 723/1421/2168 182/2383/2169 417/2384/2173
f 726/1429/2174 1363/1428/2078 426/2352/2078 181/1429/2175
f 727/1424/2176 1410/1483/1173 2087/2084/2177 292/305/207
f 1362/1425/15 727/1424/2176 292/305/207 472/304/15
f 1411/1485/2178 726/1429/2174 181/1429/2175 414/2385/2179
f 729/1438/2180 1366/1437/2075 424/2354/2075 179/2386/2181
f 730/1433/2182 1413/1486/1176 2090/2087/2183 294/310/208
f 1365/1434/15 730/1433/2182 294/310/208 473/309/15
f 1414/1488/2184 729/1438/2180 179/2387/2181 411/2388/2185
f 732/1446/2186 1369/1445/2072 422/2357/2072 178/1446/2187
f 733/1441/2188 1416/1489/1179 2093/2090/2189 296/315/209
f 1368/1442/15 733/1441/2188 296/315/209 474/314/15
f 1417/1491/2190 732/1446/2186 178/2389/2187 408/2390/2191
f 1433/829/2192 1986/1891/2118 133/2391/40 736/1309/2193
f 736/1309/2193 133/2391/40 395/66/39 145/2392/2194
f 736/1309/2193 145/2393/2194 400/2309/2019 1299/1310/2195
f 2098/2094/2196 1431/823/2197 735/1314/2197 1300/1313/2198
f 1440/836/2199 1989/1894/2125 134/2394/46 739/1317/2200
f 739/1317/2200 134/2394/46 396/77/45 147/2395/2201
f 739/1317/2200 147/2395/2201 402/2318/2020 1306/1318/2202
f 2104/2100/2203 1438/830/594 738/1322/594 1307/1321/2204
f 1447/843/2205 1992/1897/2132 135/2396/52 742/1325/2206
f 742/1325/2206 135/2396/52 397/88/51 149/2397/2207
f 742/1325/2206 149/2398/2207 404/2327/2022 1313/1326/2208
f 2110/2106/2209 1445/837/2210 741/1330/2210 1314/1329/2211
f 1454/850/614 1995/1900/2139 136/100/58 745/1333/2212
f 745/1333/2212 136/100/58 398/99/57 151/2399/2213
f 745/1333/2212 151/2400/2213 406/2335/2023 1320/1334/2214
f 2116/2112/2215 1452/844/1003 744/1338/1003 1321/1337/2216
f 1997/1038/2217 1999/1040/2218 1464/853/2219 1463/2031/2220 747/1175/2221 1215/765/2217
f 748/1171/15 1271/1283/15 399/2304/15 1216/1172/15
f 1463/2031/2220 2047/2027/2222 1272/1285/2223 747/1175/2221
f 2001/1909/2224 1467/1908/2225 750/1180/2226 1219/769/2227
f 751/1176/15 1274/1286/15 400/2309/2019 1220/1177/15
f 1467/1908/2225 2050/2032/2228 1275/1288/2229 750/1180/2226
f 2004/1915/2230 1473/1914/2231 753/1185/2232 1223/774/2233
f 754/1181/15 1277/1289/15 401/2313/15 1224/1182/15
f 1473/1914/2231 2053/2035/2234 1278/1291/2235 753/1185/2232
f 2007/1924/2236 1476/1923/2237 756/1190/2238 1227/779/2239
f 757/1186/214 1280/1292/214 402/2318/2020 1228/1187/15
f 1476/1923/2237 2056/2038/2240 1281/1294/2241 756/1190/2238
f 2010/1930/2242 1482/1929/2243 759/1195/2244 1231/783/2245
f 760/1191/15 1283/1295/15 403/2320/15 1232/1192/15
f 1482/1929/2243 2059/2041/2246 1284/1297/2247 759/1195/2244
f 2013/1939/2248 1485/1938/2249 762/1200/2250 1235/788/2251
f 763/1196/210 1286/1298/210 404/2327/2022 1236/1197/15
f 1485/1938/2249 2062/2044/2252 1287/1300/2253 762/1200/2250
f 2016/1043/2254 2018/1045/2255 1492/858/2256 1491/2051/2257 765/1205/2258 1239/793/2254
f 766/1201/15 1289/1301/15 405/2330/15 1240/1202/15
f 1491/2051/2257 2065/2047/2259 1290/1303/2260 765/1205/2258
f 2020/1950/2261 1495/1949/2262 768/1210/2263 1243/798/2264
f 769/1206/15 1292/1304/15 406/2335/2023 1244/1207/15
f 1495/1949/2262 2068/2052/2265 1293/1306/2266 768/1210/2263
f 2023/1956/2267 1501/1955/2268 771/1216/2269 1248/1215/2270
f 772/1211/15 1295/803/15 399/2304/15 1247/1212/15
f 1501/1955/2268 2095/2091/2271 1296/1308/2272 771/1216/2269
f 1497/1963/2273 2023/1956/2267 1248/1215/2270 775/1219/2274
f 774/1217/15 1247/1212/15 399/2304/15 1271/1283/15
f 2047/2027/2222 1497/1963/2273 775/1219/2274 1272/1285/2223
f 2026/1965/2275 1507/1964/2276 777/1225/2277 1251/1224/2278
f 778/1220/15 1299/1310/2195 400/2309/2019 1250/1221/15
f 1507/1964/2276 2098/2094/2196 1300/1313/2198 777/1225/2277
f 1503/1972/2279 2026/1965/2275 1251/1224/2278 781/1228/2280
f 780/1226/15 1250/1221/15 400/2309/2019 1274/1286/15
f 2050/2032/2228 1503/1972/2279 781/1228/2280 1275/1288/2229
f 2029/1974/2281 1513/1973/2282 783/1234/2283 1254/1233/2284
f 784/1229/15 1302/808/15 401/2313/15 1253/1230/15
f 1513/1973/2282 2101/2097/2285 1303/1316/2286 783/1234/2283
f 1509/1981/2287 2029/1974/2281 1254/1233/2284 787/1237/2288
f 786/1235/15 1253/1230/15 401/2313/15 1277/1289/15
f 2053/2035/2234 1509/1981/2287 787/1237/2288 1278/1291/2235
f 2032/1983/2289 1519/1982/2290 789/1243/2291 1257/1242/2292
f 790/1238/15 1306/1318/2202 402/2318/2020 1256/1239/15
f 1519/1982/2290 2104/2100/2203 1307/1321/2204 789/1243/2291
f 1515/1990/2293 2032/1983/2289 1257/1242/2292 793/1246/2294
f 792/1244/15 1256/1239/15 402/2318/2020 1280/1292/214
f 2056/2038/2240 1515/1990/2293 793/1246/2294 1281/1294/2241
f 2035/1992/2295 1525/1991/2296 795/1252/2297 1260/1251/2298
f 796/1247/15 1309/813/15 403/2320/15 1259/1248/15
f 1525/1991/2296 2107/2103/2299 1310/1324/2300 795/1252/2297
f 1521/1999/2301 2035/1992/2295 1260/1251/2298 799/1255/2302
f 798/1253/15 1259/1248/15 403/2320/15 1283/1295/15
f 2059/2041/2246 1521/1999/2301 799/1255/2302 1284/1297/2247
f 2038/2001/2303 1531/2000/2304 801/1261/2305 1263/1260/2306
f 802/1256/15 1313/1326/2208 404/2327/2022 1262/1257/15
f 1531/2000/2304 2110/2106/2209 1314/1329/2211 801/1261/2305
f 1527/2008/2307 2038/2001/2303 1263/1260/2306 805/1264/2308
f 804/1262/15 1262/1257/15 404/2327/2022 1286/1298/210
f 2062/2044/2252 1527/2008/2307 805/1264/2308 1287/1300/2253
f 2041/2010/2309 1537/2009/2310 807/1270/2311 1266/1269/2312
f 808/1265/15 1316/818/15 405/2330/15 1265/1266/15
f 1537/2009/2310 2113/2109/2313 1317/1332/2314 807/1270/2311
f 1533/2017/2315 2041/2010/2309 1266/1269/2312 811/1273/2316
f 810/1271/15 1265/1266/15 405/2330/15 1289/1301/15
f 2065/2047/2259 1533/2017/2315 811/1273/2316 1290/1303/2260
f 2044/2019/2317 1543/2018/2318 813/1279/2319 1269/1278/2320
f 814/1274/15 1320/1334/2214 406/2335/2023 1268/1275/15
f 1543/2018/2318 2116/2112/2215 1321/1337/2216 813/1279/2319
f 1539/2026/2321 2044/2019/2317 1269/1278/2320 817/1282/2322
f 816/1280/15 1268/1275/15 406/2335/2023 1292/1304/15
f 2068/2052/2265 1539/2026/2321 817/1282/2322 1293/1306/2266
f 453/2347/2081 216/1415/2082 820/1415/2082 1743/1458/2081
f 216/1415/2082 430/2348/2083 1695/1411/2083 820/1415/2082
f 297/348/15 507/460/15 1742/1685/15 819/1579/15
f 483/345/15 297/348/15 819/1579/15 1694/1576/15
f 183/6/6 429/152/103 1775/1719/2323 822/1666/2324
f 823/1668/2325 1558/2256/2326 2201/2270/2327 1728/1664/2328
f 384/3/3 183/6/6 822/1666/2324 1727/1661/2329
f 1776/1721/2330 2192/2254/2331 1558/2256/2326 823/1668/2325
f 456/2345/2078 221/1408/2079 826/1407/2079 1740/1684/2078
f 221/1408/2079 432/2346/2080 1692/1403/2084 826/1407/2079
f 300/363/15 509/466/15 1739/1682/15 825/1573/15
f 485/360/15 300/363/15 825/1573/15 1691/1570/15
f 187/120/73 433/160/111 1769/1711/2332 828/1648/2333
f 829/1650/2334 1561/2232/2335 2186/2246/2336 1722/1646/2337
f 410/117/70 187/120/73 828/1648/2333 1721/1643/2338
f 1770/1713/2339 2177/2230/2340 1561/2232/2335 829/1650/2334
f 459/2343/2075 227/1400/2076 832/1400/2076 1737/1452/2075
f 227/1400/2076 434/2344/2077 1689/1396/2085 832/1400/2076
f 303/378/15 511/472/15 1736/1680/15 831/1567/15
f 487/375/15 303/378/15 831/1567/15 1688/1564/15
f 191/132/85 437/168/119 1763/1703/2341 834/1630/2342
f 835/1632/2343 1564/2208/2344 2171/2222/2345 1716/1628/2346
f 416/129/82 191/132/85 834/1630/2342 1715/1625/2347
f 1764/1705/2348 2162/2206/2349 1564/2208/2344 835/1632/2343
f 462/1450/2072 232/2341/2073 838/1562/2073 1734/1450/2072
f 232/2341/2073 436/2342/2074 1686/1388/2074 838/1562/2073
f 306/393/15 513/478/15 1733/1678/15 837/1560/15
f 489/390/15 306/393/15 837/1560/15 1685/1557/15
f 197/144/95 441/190/137 1757/1695/2350 840/1612/2351
f 841/1614/2352 1567/2184/2353 2156/2198/2354 1710/1610/2355
f 420/141/93 197/144/95 840/1612/2351 1709/1607/2356
f 1758/1697/2357 2147/2182/2358 1567/2184/2353 841/1614/2352
f 200/2356/2073 443/2355/2074 1754/1467/2074 843/1449/2073
f 1707/1602/15 844/1605/15 310/453/15 505/454/15
f 422/2357/2072 200/2356/2073 843/1449/2073 1706/1445/2072
f 844/1605/15 1755/1694/15 504/451/15 310/453/15
f 465/271/197 238/148/99 846/1675/2359 1730/1670/2360
f 1569/2147/2361 847/1677/2362 1779/1724/2363 2203/2271/2364
f 238/148/99 427/147/98 1778/1722/2365 846/1675/2359
f 2131/2140/2366 1731/1673/2367 847/1677/2362 1569/2147/2361
f 203/2353/2076 445/1465/2085 1751/1465/2085 849/1440/2076
f 1704/1595/15 850/1598/15 313/439/15 501/440/15
f 424/2354/2075 203/2353/2076 849/1440/2076 1703/1437/2075
f 850/1598/15 1752/1692/15 500/437/15 313/439/15
f 185/114/67 431/156/107 1772/1714/2368 852/1657/2369
f 2134/2149/2370 1725/1655/2371 853/1659/2372 1572/2156/2373
f 407/111/64 185/114/67 852/1657/2369 1724/1652/2374
f 1572/2156/2373 853/1659/2372 1773/1716/2375 2206/2274/2376
f 206/1432/2079 447/2351/2080 1748/1463/2084 855/1431/2079
f 1701/1589/15 856/1592/15 316/425/15 497/426/15
f 426/2352/2078 206/1432/2079 855/1431/2079 1700/1428/2078
f 856/1592/15 1749/1690/15 496/423/15 316/425/15
f 189/126/79 435/164/115 1766/1706/2377 858/1639/2378
f 2137/2158/2379 1719/1637/2380 859/1641/2381 1575/2165/2382
f 413/123/76 189/126/79 858/1639/2378 1718/1634/2383
f 1575/2165/2382 859/1641/2381 1767/1708/2384 2209/2277/2385
f 209/1423/2082 450/2349/2083 1745/1461/2083 861/1423/2082
f 1698/1583/15 862/1586/15 319/411/15 493/412/15
f 428/2350/2081 209/1423/2082 861/1423/2082 1697/1419/2081
f 862/1586/15 1746/1688/15 492/409/15 319/411/15
f 194/138/91 439/180/129 1760/1698/2386 864/1621/2387
f 2140/2167/2388 1713/1619/2389 865/1623/2390 1578/2174/2391
f 418/135/88 194/138/91 864/1621/2387 1712/1616/2392
f 1578/2174/2391 865/1623/2390 1761/1700/2393 2212/2280/2394
f 450/2349/2083 210/1368/2113 868/1514/2395 1745/1461/2083
f 210/2366/2113 383/2365/2115 1642/865/2396 868/1514/2395
f 1746/1688/15 867/1516/2397 322/410/243 492/409/15
f 867/1516/2397 1641/861/623 2144/2177/2398 322/2401/243
f 466/275/200 240/278/89 871/1615/2399 1825/941/2400
f 240/136/89 418/135/88 1712/1616/2392 871/1615/2399
f 2143/2175/2401 1826/1754/2402 870/1620/2403 1582/2166/2404
f 1582/2166/2404 870/1620/2403 1713/1619/2389 2140/2167/2388
f 182/1421/2169 428/2350/2081 1697/1419/2081 874/1421/2405
f 1803/928/691 873/1584/2406 325/2402/244 2149/2187/2407
f 873/1584/2406 1698/1583/15 493/412/15 325/413/244
f 417/2384/2173 182/2383/2169 874/1421/2405 1802/926/2408
f 218/249/139 455/248/181 1670/1537/2409 877/1536/2410
f 876/1540/2411 1584/2183/2412 2147/2182/2358 1758/1697/2357
f 1669/889/2413 2150/2189/2414 1584/2183/2412 876/1540/2411
f 441/190/137 218/192/139 877/1536/2410 1757/1695/2350
f 436/2342/2074 190/2373/2141 879/1387/2415 1686/1388/2074
f 2152/2191/2416 327/2403/236 880/1556/2417 1781/1727/2418
f 190/2373/2141 425/2374/2144 1782/1729/2419 879/1387/2415
f 327/391/236 489/390/15 1685/1557/15 880/1556/2417
f 177/142/12 420/141/93 1709/1607/2356 883/1606/2420
f 882/1611/2421 1587/2195/2422 2153/2194/2423 1822/1752/2424
f 1710/1610/2355 2156/2198/2354 1587/2195/2422 882/1611/2421
f 385/9/9 177/12/12 883/1606/2420 1821/936/2425
f 235/2368/2122 464/2367/2121 1649/872/2426 886/1374/2427
f 1749/1690/15 885/1521/2428 331/424/249 496/423/15
f 885/1521/2428 1648/868/2429 2159/2201/2430 331/2404/249
f 447/2351/2080 235/2369/2122 886/1374/2427 1748/1463/2084
f 460/259/190 228/262/77 889/1633/2431 1833/949/2432
f 228/124/77 413/123/76 1718/1634/2383 889/1633/2431
f 2158/2199/2433 1834/1758/2434 888/1638/2435 1591/2157/2436
f 1591/2157/2436 888/1638/2435 1719/1637/2380 2137/2158/2379
f 181/1429/2175 426/2352/2078 1700/1428/2078 892/1429/2437
f 1808/1744/2438 891/1590/2439 334/2405/250 2164/2211/2440
f 891/1590/2439 1701/1589/15 497/426/15 334/427/250
f 414/2385/2179 181/1429/2175 892/1429/2437 1809/1742/2441
f 207/223/121 449/222/163 1674/1542/2442 895/1541/2443
f 894/1545/2444 1593/2207/2445 2162/2206/2349 1764/1705/2348
f 1673/894/2446 2165/2213/2447 1593/2207/2445 894/1545/2444
f 437/168/119 207/170/121 895/1541/2443 1763/1703/2341
f 434/2344/2077 188/2375/2148 897/1395/2448 1689/1396/2085
f 2167/2215/2449 336/2406/231 898/1563/2450 1785/912/2451
f 188/2377/2148 423/2376/2151 1786/914/2452 897/1395/2448
f 336/376/231 487/375/15 1688/1564/15 898/1563/2450
f 463/265/194 234/268/83 901/1624/2453 1829/945/2454
f 234/130/83 416/129/82 1715/1625/2347 901/1624/2453
f 900/1629/2455 1596/2219/2456 2168/2218/2457 1830/1756/2458
f 1716/1628/2346 2171/2222/2345 1596/2219/2456 900/1629/2455
f 229/1525/2129 461/2370/2128 1656/879/2459 904/1525/2460
f 1752/1692/15 903/1527/2461 340/438/255 500/437/15
f 903/1527/2461 1655/875/2462 2174/2225/2463 340/2407/255
f 445/1465/2085 229/1525/2129 904/1525/2460 1751/1465/2085
f 454/242/178 217/245/65 907/1651/2464 1841/959/2465
f 217/112/65 407/111/64 1724/1652/2374 907/1651/2464
f 2173/2223/2466 1842/1762/2467 906/1656/2468 1600/2148/2469
f 1600/2148/2469 906/1656/2468 1725/1655/2371 2134/2149/2370
f 179/2386/2181 424/2354/2075 1703/1437/2075 910/1438/2470
f 1811/1747/2471 909/1596/2472 343/2408/256 2179/2235/2473
f 909/1596/2472 1704/1595/15 501/440/15 343/441/256
f 411/2388/2185 179/2387/2181 910/1438/2470 1812/1745/2474
f 201/203/113 444/202/147 1678/1547/2475 913/1546/2476
f 912/1550/2477 1602/2231/2478 2177/2230/2340 1770/1713/2339
f 1677/898/2479 2180/2237/2480 1602/2231/2478 912/1550/2477
f 433/160/111 201/162/113 913/1546/2476 1769/1711/2332
f 432/2346/2080 186/2378/2155 915/1402/2481 1692/1403/2084
f 2182/2239/2482 345/2409/226 916/1569/2483 1792/919/2484
f 186/2380/2155 421/2379/2158 1793/921/2485 915/1402/2481
f 345/361/226 485/360/15 1691/1570/15 916/1569/2483
f 457/254/186 223/118/71 919/1642/2486 1837/954/2487
f 223/118/71 410/117/70 1721/1643/2338 919/1642/2486
f 918/1647/2488 1605/2243/2489 2183/2242/2490 1838/1760/2491
f 1722/1646/2337 2186/2246/2336 1605/2243/2489 918/1647/2488
f 224/2372/2136 458/2371/2135 1663/886/2492 922/1386/2493
f 1755/1694/15 921/1532/2494 349/452/261 504/451/15
f 921/1532/2494 1662/882/647 2189/2249/2495 349/2410/261
f 443/2355/2074 224/1386/2136 922/1386/2493 1754/1467/2074
f 237/272/161 465/271/197 1730/1670/2360 925/1669/2496
f 2188/2247/2497 1850/1766/2498 924/1674/2499 1609/2139/2500
f 1609/2139/2500 924/1674/2499 1731/1673/2367 2131/2140/2366
f 448/216/158 237/219/161 925/1669/2496 1849/969/2501
f 178/1446/2187 422/2357/2072 1706/1445/2072 928/1599/2502
f 1816/935/698 927/1603/2503 352/2411/262 2194/2259/2504
f 927/1603/2503 1707/1602/15 505/454/15 352/455/262
f 408/2390/2191 178/2389/2187 928/1599/2502 1815/933/2505
f 195/186/105 440/185/133 1682/1552/2506 931/1551/2507
f 930/1555/2508 1611/2255/2509 2192/2254/2331 1776/1721/2330
f 1681/903/2510 2195/2261/2511 1611/2255/2509 930/1555/2508
f 429/152/103 195/154/105 931/1551/2507 1775/1719/2323
f 430/2348/2083 184/1410/2162 933/1410/2512 1695/1411/2083
f 2197/2263/2513 354/2412/221 934/1575/2514 1798/1736/1462
f 184/2382/2162 419/2381/2165 1799/1738/2515 933/1410/2512
f 354/346/221 483/345/15 1694/1576/15 934/1575/2514
f 451/228/168 212/231/4 937/1660/2516 1845/964/2517
f 212/4/4 384/3/3 1727/1661/2329 937/1660/2516
f 936/1665/2518 1614/2267/2519 2198/2266/2520 1846/1764/2521
f 1728/1664/2328 2201/2270/2327 1614/2267/2519 936/1665/2518
f 215/1357/2107 453/2347/2081 1743/1458/2081 939/1357/2522
f 357/2413/265 2129/2137/2523 1638/1510/2524 940/1509/2525
f 386/2364/2110 215/2363/2107 939/1357/2522 1639/1513/2526
f 507/460/15 357/462/265 940/1509/2525 1742/1685/15
f 192/174/101 438/173/123 372/178/127 944/622/2527 943/1725/2528
f 2203/2271/2364 1779/1724/2363 942/620/2529 1618/2133/2530
f 1618/2133/2530 942/620/2529 944/622/2527 372/178/127 2128/2134/2531
f 427/147/98 192/150/101 943/1725/2528 1778/1722/2365
f 220/2361/2100 456/2345/2078 1740/1684/2078 946/1351/2532
f 360/2414/268 2126/2131/2533 1635/1505/2534 947/1504/2535
f 409/2362/2103 220/1351/2100 946/1351/2532 1636/1508/2536
f 509/466/15 360/468/268 947/1504/2535 1739/1682/15
f 198/195/109 442/194/141 371/199/145 951/627/2537 950/1717/2538
f 2206/2274/2376 1773/1716/2375 949/625/2539 1621/2127/2540
f 1621/2127/2540 949/625/2539 951/627/2537 371/2415/145 2125/2128/2541
f 431/156/107 198/158/109 950/1717/2538 1772/1714/2368
f 226/1503/2093 459/2343/2075 1737/1452/2075 953/1503/2542
f 363/2416/271 2123/2125/2543 1632/1499/2544 954/1498/2545
f 412/2360/2096 226/1345/2093 953/1503/2542 1633/1502/2546
f 511/472/15 363/474/271 954/1498/2545 1736/1680/15
f 204/209/117 446/208/151 370/213/155 958/631/2547 957/1709/2548
f 2209/2277/2385 1767/1708/2384 956/629/2549 1624/2121/2550
f 1624/2121/2550 956/629/2549 958/631/2547 370/2417/155 2122/2122/2551
f 435/164/115 204/166/117 957/1709/2548 1766/1706/2377
f 231/1339/2087 462/1450/2072 1734/1450/2072 960/1497/2552
f 366/2418/274 2120/2119/2553 1629/1493/2554 961/1492/2555
f 415/2359/2090 231/2358/2087 960/1497/2552 1630/1496/2556
f 513/478/15 366/480/274 961/1492/2555 1733/1678/15
f 213/235/131 452/234/171 369/239/175 965/635/2557 964/1701/2558
f 2212/2280/2394 1761/1700/2393 963/633/2559 1627/2115/2560
f 1627/2115/2560 963/633/2559 965/635/2557 369/2419/175 2119/2116/2561
f 439/180/129 213/182/131 964/1701/2558 1760/1698/2386
f 239/276/201 466/275/200 1825/941/2400 1827/943/2562 967/1519/2563 969/1518/2564 968/1517/2565
f 383/2365/2115 239/276/201 968/1517/2565 1642/865/2396
f 1643/867/630 967/1519/2563 1827/943/2562 1826/1754/2402 2143/2175/2401
f 464/2367/2121 236/260/191 971/1522/2566 1649/872/2426
f 1650/874/638 970/1524/2567 1835/951/2568 1834/1758/2434 2158/2199/2433
f 236/260/191 460/259/190 1833/949/2432 1835/951/2568 970/1524/2567 972/1523/2569 971/1522/2566
f 461/2370/2128 230/243/179 974/1528/2570 1656/879/2459
f 1657/881/646 973/1530/2571 1843/961/2572 1842/1762/2467 2173/2223/2466
f 230/243/179 454/242/178 1841/959/2465 1843/961/2572 973/1530/2571 975/1529/2573 974/1528/2570
f 458/2371/2135 225/217/159 977/1533/2574 1663/886/2492
f 1664/888/654 976/1535/2575 1851/971/2576 1850/1766/2498 2188/2247/2497
f 225/217/159 448/216/158 1849/969/2501 1851/971/2576 976/1535/2575 978/1534/2577 977/1533/2574
f 455/248/181 219/251/183 979/1739/2578 981/1740/2579 980/1741/2580 1671/891/2581 1670/1537/2409
f 980/1741/2580 1801/922/685 2150/2189/2414 1669/889/2413 1671/891/2581
f 219/251/183 417/2384/2173 1802/926/2408 979/1739/2578
f 440/185/133 196/188/135 982/1748/2582 984/1749/2583 983/1750/2584 1683/905/2585 1682/1552/2506
f 983/1750/2584 1814/929/692 2195/2261/2511 1681/903/2510 1683/905/2585
f 196/188/135 408/2390/2191 1815/933/2505 982/1748/2582
f 233/266/195 463/265/194 1829/945/2454 1831/947/2586 985/1730/2587 987/1731/2588 986/1732/2589
f 423/2376/2151 233/266/195 986/1732/2589 1786/914/2452
f 1831/947/2586 1830/1756/2458 2168/2218/2457 1784/908/2590 985/1730/2587
f 222/255/187 457/254/186 1837/954/2487 1839/956/2591 988/1733/2592 990/1734/2593 989/1735/2594
f 421/2379/2158 222/255/187 989/1735/2594 1793/921/2485
f 1839/956/2591 1838/1760/2491 2183/2242/2490 1791/915/2595 988/1733/2592
f 1878/1793/475 515/2420/475 1191/1147/475 991/637/475
f 992/641/15 1192/1149/15 395/66/39 146/2421/15
f 522/2422/437 1877/1791/437 993/643/437 1212/1168/437
f 1213/1170/15 992/641/15 121/2302/15 390/2301/15
f 992/641/15 146/2423/15 399/2304/15 121/2302/15
f 515/2420/475 1881/1796/475 998/644/475 1191/1147/475
f 1000/650/15 1204/1161/15 387/2307/15 122/2306/15
f 1000/650/15 122/2306/15 400/2309/2019 145/2392/2194
f 1000/650/15 145/2424/2194 395/66/39 1192/1149/15
f 1880/1794/456 519/2425/456 1203/1159/456 999/648/456
f 1884/1799/1506 516/2426/1506 1194/1150/1506 1005/651/1506
f 1006/655/15 1195/1152/15 396/77/45 148/2427/15
f 521/2428/447 1883/1797/447 1007/657/447 1209/1165/447
f 1210/1167/15 1006/655/15 123/2311/15 389/2310/15
f 1006/655/15 148/2429/15 401/2313/15 123/2311/15
f 516/2426/1506 1887/1802/1506 1012/658/1506 1194/1150/1506
f 1014/664/15 1213/1170/15 390/2301/15 124/2317/15
f 1014/664/15 124/2430/15 402/2318/2020 147/2395/2201
f 1014/664/15 147/2395/2201 396/77/45 1195/1152/15
f 1886/1800/437 522/2422/437 1212/1168/437 1013/662/437
f 1890/1805/1507 517/2431/1507 1197/1153/1507 1019/665/1507
f 1020/669/15 1198/1155/15 397/88/51 150/2432/15
f 519/2425/456 1889/1803/456 1021/671/456 1203/1159/456
f 1204/1161/15 1020/669/15 125/2319/15 387/2307/15
f 1020/669/15 150/2432/15 403/2320/15 125/2319/15
f 517/2431/1507 1893/1808/1507 1026/672/1507 1197/1153/1507
f 1028/678/15 1207/1164/15 388/2325/15 126/2324/15
f 1028/678/15 126/2324/15 404/2327/2022 149/2397/2207
f 1028/678/15 149/2433/2207 397/88/51 1198/1155/15
f 1892/1806/466 520/2434/466 1206/1162/466 1027/676/466
f 1896/1811/534 518/2435/534 1200/1156/534 1033/679/534
f 1034/683/15 1201/1158/15 398/99/57 152/108/15
f 520/2434/466 1895/1809/466 1035/685/466 1206/1162/466
f 1207/1164/15 1034/683/15 127/2329/15 388/2325/15
f 1034/683/15 152/108/15 405/2330/15 127/2329/15
f 518/2435/534 1899/1814/534 1040/686/534 1200/1156/534
f 1042/692/15 1210/1167/15 389/2310/15 128/2333/15
f 1042/692/15 128/2333/15 406/2335/2023 151/2400/2213
f 1042/692/15 151/2436/2213 398/99/57 1201/1158/15
f 1898/1812/447 521/2428/447 1209/1165/447 1041/690/447
f 1941/1001/2027 2215/1047/2026 2217/1049/2596 1853/1767/2596 1047/693/2597
f 1048/697/475 1854/1769/475 515/2420/475 1878/1793/475
f 526/2337/2030 1942/1851/2029 1050/701/2598 1874/1788/2599
f 1875/1790/437 1049/699/437 1877/1791/437 522/2422/437
f 2217/1049/2596 2216/2283/2035 1946/1854/2034 1056/702/481 1853/1767/2596
f 1058/708/456 1866/1781/456 519/2425/456 1880/1794/456
f 1854/1769/475 1059/710/475 1881/1796/475 515/2420/475
f 1945/1006/2037 523/2338/2036 1865/1779/1492 1057/706/2600
f 1949/1010/2040 2219/1051/2039 2221/1053/2601 1856/1770/2601 1065/711/490
f 1066/715/1506 1857/1772/1506 516/2426/1506 1884/1799/1506
f 525/2339/2043 1950/1855/2042 1068/719/2602 1871/1785/1498
f 1872/1787/447 1067/717/447 1883/1797/447 521/2428/447
f 2221/1053/2601 2220/2285/2047 1954/1858/2046 1074/720/2603 1856/1770/2601
f 1076/726/437 1875/1790/437 522/2422/437 1886/1800/437
f 1857/1772/1506 1077/728/1506 1887/1802/1506 516/2426/1506
f 1953/1014/2048 526/2337/2030 1874/1788/2599 1075/724/2604
f 1957/1019/2051 2223/1055/2050 2225/1057/2605 1859/1773/2605 1083/729/510
f 1084/733/1507 1860/1775/1507 517/2431/1507 1890/1805/1507
f 523/2338/2036 1958/1859/2053 1086/737/2606 1865/1779/1492
f 1866/1781/456 1085/735/456 1889/1803/456 519/2425/456
f 2225/1057/2605 2224/2287/2057 1962/1862/2056 1092/738/2607 1859/1773/2605
f 1094/744/466 1869/1784/466 520/2434/466 1892/1806/466
f 1860/1775/1507 1095/746/1507 1893/1808/1507 517/2431/1507
f 1961/1024/2059 524/2340/2058 1868/1782/2608 1093/742/2609
f 1965/1029/2063 2227/1060/2062 2229/1062/2610 1862/1776/2610 1101/747/2611
f 1102/751/534 1863/1778/534 518/2435/534 1896/1811/534
f 524/2340/2058 1966/1863/2065 1104/755/2612 1868/1782/2608
f 1869/1784/466 1103/753/466 1895/1809/466 520/2434/466
f 2229/1062/2610 2228/2289/2070 1970/1866/2069 1110/756/540 1862/1776/2610
f 1112/762/447 1872/1787/447 521/2428/447 1898/1812/447
f 1863/1778/534 1113/764/534 1899/1814/534 518/2435/534
f 1969/1033/2071 525/2339/2043 1871/1785/1498 1111/760/2613
f 1459/1907/2614 1997/1038/2615 1215/765/2615 1217/767/2616 53/73/43
f 53/73/43 1217/767/2616 1216/1172/15 399/2304/15 146/2421/15
f 1420/1870/2617 2001/1909/2224 1219/769/2227 1221/771/2618 42/23/19
f 42/23/19 1221/771/2618 1220/1177/15 400/2309/2019 138/2437/15
f 1469/1922/2619 2004/1915/2230 1223/774/2233 1225/776/2620 54/84/49
f 54/84/49 1225/776/2620 1224/1182/15 401/2313/15 148/2429/15
f 1423/1876/2621 2007/1924/2236 1227/779/2239 1229/781/2622 44/36/25
f 44/36/25 1229/781/2622 1228/1187/15 402/2318/2020 140/2316/15
f 1478/1937/2623 2010/1930/2242 1231/783/2245 1233/785/2624 55/95/55
f 55/95/55 1233/785/2624 1232/1192/15 403/2320/15 150/2438/15
f 1426/1882/2625 2013/1939/2248 1235/788/2251 1237/790/2626 46/49/31
f 46/49/31 1237/790/2626 1236/1197/15 404/2327/2022 142/2439/15
f 1487/1948/2627 2016/1043/2628 1239/793/2628 1241/795/2629 56/107/61
f 56/107/61 1241/795/2629 1240/1202/15 405/2330/15 152/2440/15
f 1429/1888/2630 2020/1950/2261 1243/798/2264 1245/800/2631 48/62/37
f 48/62/37 1245/800/2631 1244/1207/15 406/2335/2023 144/2334/15
f 2095/2091/2271 1545/2060/2632 73/13/13 1297/805/2633 1296/1308/2272
f 73/13/13 137/2300/15 399/2304/15 1295/803/15 1297/805/2633
f 2101/2097/2285 1548/2066/2634 74/26/20 1304/810/2635 1303/1316/2286
f 74/26/20 139/2441/15 401/2313/15 1302/808/15 1304/810/2635
f 2107/2103/2299 1551/2072/2636 75/38/26 1311/815/2637 1310/1324/2300
f 75/38/26 141/2442/15 403/2320/15 1309/813/15 1311/815/2637
f 2113/2109/2313 1554/2078/2638 76/51/32 1318/820/2639 1317/1332/2314
f 76/51/32 143/2443/15 405/2330/15 1316/818/15 1318/820/2639
f 1324/1340/2089 10/236/172 1419/1872/2640 1973/1867/1548
f 10/236/172 1324/1340/2089 415/2359/2090 214/237/173
f 1327/1346/2095 12/210/152 1422/1878/2641 1976/1873/2642
f 12/210/152 1327/1346/2095 412/2360/2096 205/211/153
f 1330/1352/2102 14/196/142 1425/1884/2643 1979/1879/2644
f 14/196/142 1330/1352/2102 409/2362/2103 199/197/143
f 1333/1358/2109 16/175/124 1428/1890/2645 1982/1885/1566
f 16/175/124 1333/1358/2109 386/2364/2110 193/176/125
f 1336/1367/2114 5/273/198 239/276/201 383/2365/2115
f 5/273/198 1336/1367/2114 1985/1893/1574 1432/827/2646
f 1339/1373/2120 7/257/188 236/260/191 464/2367/2121
f 7/257/188 1339/1373/2120 1988/1896/2647 1439/834/2648
f 1342/1379/2127 1/240/176 230/243/179 461/2370/2128
f 1/240/176 1342/1379/2127 1991/1899/2649 1446/841/2650
f 1345/1385/2134 3/214/156 225/217/159 458/2371/2135
f 3/214/156 1345/1385/2134 1994/1902/1583 1453/848/2651
f 9/7/7 1396/1468/2143 2071/2057/1740 1546/2058/2652
f 1396/1468/2143 9/7/7 180/10/10 425/2374/2144
f 11/263/192 1399/1471/2150 2074/2063/1746 1549/2064/2653
f 1399/1471/2150 11/263/192 233/266/195 423/2376/2151
f 13/252/184 1402/1474/2157 2077/2069/1752 1552/2070/2654
f 1402/1474/2157 13/252/184 222/255/187 421/2379/2158
f 15/226/166 1405/1477/2164 2080/2075/1758 1555/2076/2655
f 1405/1477/2164 15/226/166 211/229/169 419/2381/2165
f 1408/1482/2172 6/250/182 1460/1903/2656 2083/2079/2657
f 6/250/182 1408/1482/2172 417/2384/2173 219/251/183
f 1411/1485/2178 8/224/164 1470/1920/2658 2086/2082/2659
f 8/224/164 1411/1485/2178 414/2385/2179 208/225/165
f 1414/1488/2184 2/204/148 1479/1935/2660 2089/2085/2661
f 2/204/148 1414/1488/2184 411/2388/2185 202/205/149
f 1417/1491/2190 4/187/134 1488/1944/2662 2092/2088/2663
f 4/187/134 1417/1491/2190 408/2390/2191 196/188/135
f 10/236/172 242/2444/170 2002/1912/2664 1419/1872/2640
f 1974/1869/2091 1420/1870/2617 42/23/19 129/22/18
f 12/210/152 244/2445/150 2008/1927/2665 1422/1878/2641
f 1977/1875/2098 1423/1876/2621 44/36/25 130/35/24
f 14/196/142 246/2446/140 2014/1942/2666 1425/1884/2643
f 1980/1881/2105 1426/1882/2625 46/49/31 131/47/30
f 16/175/124 248/2447/122 2021/1953/2667 1428/1890/2645
f 1983/1887/2111 1429/1888/2630 48/62/37 132/60/36
f 266/2448/199 5/273/198 1432/827/2646 2099/2096/2668
f 268/2449/189 7/257/188 1439/834/2648 2105/2102/2669
f 270/2450/177 1/240/176 1446/841/2650 2111/2108/2670
f 272/2451/157 3/214/156 1453/848/2651 2117/2114/2671
f 2084/2081/2171 1459/1907/2614 53/73/43 173/71/42
f 6/250/182 241/2452/180 1998/1904/2672 1460/1903/2656
f 25/2453/138 257/2454/136 2048/2029/2673 1462/851/2674
f 241/2452/180 25/2453/138 1462/851/2674 1464/853/2219 1999/1040/2218 1998/1904/2672
f 26/232/130 258/2455/128 2051/2034/2675 1466/1913/2676
f 242/2444/170 26/232/130 1466/1913/2676 2002/1912/2664
f 2087/2084/2177 1469/1922/2619 54/84/49 174/82/48
f 8/224/164 243/2456/162 2005/1918/2677 1470/1920/2658
f 27/2457/120 259/2458/118 2054/2037/2678 1472/1919/2679
f 243/2456/162 27/2457/120 1472/1919/2679 2005/1918/2677
f 28/165/116 260/2459/114 2057/2040/2680 1475/1928/2681
f 244/2445/150 28/165/116 1475/1928/2681 2008/1927/2665
f 2090/2087/2183 1478/1937/2623 55/95/55 175/93/54
f 2/204/148 245/2460/146 2011/1933/2682 1479/1935/2660
f 29/2461/112 261/159/110 2060/2043/2683 1481/1934/2684
f 245/2460/146 29/2461/112 1481/1934/2684 2011/1933/2682
f 30/2462/108 262/2463/106 2063/2046/2685 1484/1943/2686
f 246/2446/140 30/2462/108 1484/1943/2686 2014/1942/2666
f 2093/2090/2189 1487/1948/2627 56/107/61 176/105/60
f 4/187/134 247/184/132 2017/1945/2687 1488/1944/2662
f 31/2464/104 263/2465/102 2066/2049/2688 1490/856/2689
f 247/184/132 31/2464/104 1490/856/2689 1492/858/2256 2018/1045/2255 2017/1945/2687
f 32/2466/100 264/2467/97 2069/2054/2690 1494/1954/2691
f 248/2447/122 32/2466/100 1494/1954/2691 2021/1953/2667
f 17/143/94 249/2468/92 2024/1959/2692 1498/1961/2693
f 257/2454/136 17/143/94 1498/1961/2693 2048/2029/2673
f 33/139/11 265/8/8 2096/2093/2694 1500/1960/2695
f 249/2468/92 33/139/11 1500/1960/2695 2024/1959/2692
f 18/137/90 250/2469/87 2027/1968/2696 1504/1970/2697
f 258/2455/128 18/137/90 1504/1970/2697 2051/2034/2675
f 34/2470/86 266/2448/199 2099/2096/2668 1506/1969/2698
f 250/2469/87 34/2470/86 1506/1969/2698 2027/1968/2696
f 19/131/84 251/2471/81 2030/1977/2699 1510/1979/2700
f 259/2458/118 19/131/84 1510/1979/2700 2054/2037/2678
f 35/267/80 267/2472/193 2102/2099/2701 1512/1978/2702
f 251/2471/81 35/267/80 1512/1978/2702 2030/1977/2699
f 20/2473/78 252/2474/75 2033/1986/2703 1516/1988/2704
f 260/2459/114 20/2473/78 1516/1988/2704 2057/2040/2680
f 36/121/74 268/2449/189 2105/2102/2669 1518/1987/2705
f 252/2474/75 36/121/74 1518/1987/2705 2033/1986/2703
f 21/2475/72 253/116/69 2036/1995/2706 1522/1997/2707
f 261/159/110 21/2475/72 1522/1997/2707 2060/2043/2683
f 37/2476/68 269/2477/185 2108/2105/2708 1524/1996/2709
f 253/116/69 37/2476/68 1524/1996/2709 2036/1995/2706
f 22/2478/66 254/2479/63 2039/2004/2710 1528/2006/2711
f 262/2463/106 22/2478/66 1528/2006/2711 2063/2046/2685
f 38/244/62 270/2450/177 2111/2108/2670 1530/2005/2712
f 254/2479/63 38/244/62 1530/2005/2712 2039/2004/2710
f 23/2480/5 255/2481/2 2042/2013/2713 1534/2015/2714
f 263/2465/102 23/2480/5 1534/2015/2714 2066/2049/2688
f 39/2482/1 271/2483/167 2114/2111/2715 1536/2014/2716
f 255/2481/2 39/2482/1 1536/2014/2716 2042/2013/2713
f 24/2484/96 256/270/196 2045/2022/2717 1540/2024/2718
f 264/2467/97 24/2484/96 1540/2024/2718 2069/2054/2690
f 40/269/160 272/2451/157 2117/2114/2671 1542/2023/2719
f 256/270/196 40/269/160 1542/2023/2719 2045/2022/2717
f 1545/2060/2632 2072/2055/2146 169/14/14 73/13/13
f 265/8/8 9/7/7 1546/2058/2652 2096/2093/2694
f 1548/2066/2634 2075/2061/2153 170/27/21 74/26/20
f 267/2472/193 11/263/192 1549/2064/2653 2102/2099/2701
f 1551/2072/2636 2078/2067/2160 171/39/27 75/38/26
f 269/2477/185 13/252/184 1552/2070/2654 2108/2105/2708
f 1554/2078/2638 2081/2073/2167 172/52/33 76/51/32
f 271/2483/167 15/226/166 1555/2076/2655 2114/2111/2715
f 1557/2258/1964 80/357/224 355/457/263 2200/2268/2720
f 2191/2251/2721 351/352/223 80/357/224 1557/2258/1964
f 1560/2234/2722 85/372/229 346/443/257 2185/2244/2723
f 2176/2227/2724 342/367/228 85/372/229 1560/2234/2722
f 1563/2210/2725 90/387/234 337/429/251 2170/2220/2726
f 2161/2203/2727 333/382/233 90/387/234 1563/2210/2725
f 1566/2186/1889 95/402/239 328/415/245 2155/2196/2728
f 2146/2179/2729 324/397/238 95/402/239 1566/2186/1889
f 348/448/259 2132/2143/2730 1570/2145/2731 81/449/260
f 81/449/260 1570/2145/2731 2204/2273/2732 358/464/266
f 339/434/253 2135/2152/2733 1573/2154/2734 86/435/254
f 86/435/254 1573/2154/2734 2207/2276/2735 361/470/269
f 330/420/247 2138/2161/2736 1576/2163/2737 91/421/248
f 91/421/248 1576/2163/2737 2210/2279/2738 364/476/272
f 321/406/241 2141/2170/2739 1579/2172/2740 96/407/242
f 96/407/242 1579/2172/2740 2213/2282/2741 367/482/275
f 322/2401/243 2144/2177/2398 1581/2171/2742 97/2485/240
f 97/405/240 1581/2171/2742 2141/2170/2739 321/406/241
f 2149/2187/2407 325/2402/244 98/2486/237 1585/2178/2743
f 1585/2178/2743 98/394/237 324/397/238 2146/2179/2729
f 2155/2196/2728 328/415/245 99/388/235 1588/2190/2744
f 1588/2190/2744 99/2487/235 327/2403/236 2152/2191/2416
f 331/2404/249 2159/2201/2430 1590/2162/2745 100/2488/246
f 100/419/246 1590/2162/2745 2138/2161/2736 330/420/247
f 2164/2211/2440 334/2405/250 101/2489/232 1594/2202/2746
f 1594/2202/2746 101/379/232 333/382/233 2161/2203/2727
f 2170/2220/2726 337/429/251 102/373/230 1597/2214/2747
f 1597/2214/2747 102/2490/230 336/2406/231 2167/2215/2449
f 340/2407/255 2174/2225/2463 1599/2153/2748 103/2491/252
f 103/433/252 1599/2153/2748 2135/2152/2733 339/434/253
f 2179/2235/2473 343/2408/256 104/364/227 1603/2226/2749
f 1603/2226/2749 104/364/227 342/367/228 2176/2227/2724
f 2185/2244/2723 346/443/257 105/358/225 1606/2238/2750
f 1606/2238/2750 105/2492/225 345/2409/226 2182/2239/2482
f 349/2410/261 2189/2249/2495 1608/2144/2751 106/2493/258
f 106/447/258 1608/2144/2751 2132/2143/2730 348/448/259
f 2194/2259/2504 352/2411/262 107/2494/222 1612/2250/2752
f 1612/2250/2752 107/349/222 351/352/223 2191/2251/2721
f 2200/2268/2720 355/457/263 108/343/220 1615/2262/2753
f 1615/2262/2753 108/2495/220 354/2412/221 2197/2263/2513
f 358/464/266 2204/2273/2732 1617/2138/2754 109/461/264
f 109/461/264 1617/2138/2754 2129/2137/2523 357/2413/265
f 361/470/269 2207/2276/2735 1620/2132/2755 110/467/267
f 110/2496/267 1620/2132/2755 2126/2131/2533 360/2414/268
f 364/476/272 2210/2279/2738 1623/2126/2756 111/473/270
f 111/473/270 1623/2126/2756 2123/2125/2543 363/2416/271
f 367/482/275 2213/2282/2741 1626/2120/2757 112/479/273
f 112/2497/273 1626/2120/2757 2120/2119/2553 366/2418/274
f 214/237/173 415/2359/2090 1630/1496/2556 113/238/174
f 2119/2116/2561 369/2419/175 113/238/174 1630/1496/2556
f 205/211/153 412/2360/2096 1633/1502/2546 114/212/154
f 2122/2122/2551 370/2417/155 114/212/154 1633/1502/2546
f 199/197/143 409/2362/2103 1636/1508/2536 115/198/144
f 2125/2128/2541 371/2415/145 115/198/144 1636/1508/2536
f 193/176/125 386/2364/2110 1639/1513/2526 116/177/126
f 2128/2134/2531 372/178/127 116/177/126 1639/1513/2526
f 117/2498/2758 1809/1742/2441 2165/2213/2447 1673/894/2446 1675/896/2759
f 449/222/163 208/225/165 117/2498/2758 1675/896/2759 1674/1542/2442
f 118/2499/2760 1812/1745/2474 2180/2237/2480 1677/898/2479 1679/900/2761
f 444/202/147 202/205/149 118/2499/2760 1679/900/2761 1678/1547/2475
f 1823/938/2762 1822/1752/2424 2153/2194/2423 1782/1729/2419 119/2500/2763
f 425/2374/2144 180/10/10 119/2500/2763 1782/1729/2419
f 1847/966/2764 1846/1764/2521 2198/2266/2520 1799/1738/2515 120/2501/2765
f 419/2381/2165 211/229/169 120/2501/2765 1799/1738/2515
f 208/225/165 414/2385/2179 1809/1742/2441 117/2498/2758
f 202/205/149 411/2388/2185 1812/1745/2474 118/2499/2760
f 180/10/10 385/9/9 1821/936/2425 1823/938/2762 119/2500/2763
f 211/229/169 451/228/168 1845/964/2517 1847/966/2764 120/2501/2765
f 273/320/211 1974/1869/2091 129/22/18 41/321/17
f 274/323/212 1977/1875/2098 130/35/24 43/324/23
f 275/326/213 1980/1881/2105 131/47/30 45/327/29
f 276/329/215 1983/1887/2111 132/60/36 47/330/35
f 1986/1891/2118 277/332/216 49/333/38 133/2391/40
f 1989/1894/2125 278/335/217 50/336/44 134/2394/46
f 1992/1897/2132 279/338/218 51/339/50 135/2396/52
f 1995/1900/2139 280/341/219 52/342/56 136/100/58
f 2072/2055/2146 281/282/202 57/283/16 169/14/14
f 2075/2061/2153 283/287/203 59/288/22 170/27/21
f 2078/2067/2160 285/292/204 61/293/28 171/39/27
f 2081/2073/2167 287/297/205 63/298/34 172/52/33
f 290/300/206 2084/2081/2171 173/71/42 65/301/41
f 292/305/207 2087/2084/2177 174/82/48 67/306/47
f 294/310/208 2090/2087/2183 175/93/54 69/311/53
f 296/315/209 2093/2090/2189 176/105/60 71/316/59
o Cube.001
v -0.546429 0.717264 -1.012028
v 0.677934 0.717264 -1.012028
v -0.546429 0.717264 0.996404
v 0.677934 0.717264 0.996404
v 0.677934 0.701466 -0.009262
v 0.596964 1.429275 -1.063526
v 0.596964 1.429275 1.163718
v -0.546429 0.701466 -0.009262
v -0.465459 1.429275 1.163718
v -0.465459 1.429275 -1.063526
v -0.546429 1.024886 -1.063526
v 0.065753 1.510245 -1.063526
v 0.677934 1.024886 -1.063526
v -0.546429 1.024886 1.104360
v 0.065752 1.510245 1.163718
v 0.677934 1.024886 1.104360
v 0.596964 1.429275 0.050096
v -0.465459 1.429275 0.050096
v -0.546429 1.024886 0.020417
v 0.065753 1.510245 0.050096
v 0.677934 1.024886 0.020417
v -0.543378 1.308205 -1.063526
v -0.523599 1.361039 -1.063526
v -0.537451 1.336105 -1.063526
v -0.392468 1.488055 -1.063526
v -0.339104 1.507104 -1.063526
v -0.367160 1.501428 -1.063526
v 0.470609 1.507104 -1.063526
v 0.523974 1.488055 -1.063526
v 0.498665 1.501428 -1.063526
v 0.655104 1.361039 -1.063526
v 0.674883 1.308205 -1.063526
v 0.668956 1.336105 -1.063526
v -0.339104 1.507104 1.163718
v -0.392469 1.488055 1.163718
v -0.367160 1.501428 1.163718
v -0.523599 1.361039 1.161864
v -0.543378 1.308205 1.155798
v -0.537451 1.336105 1.159831
v 0.674883 1.308205 1.155798
v 0.655104 1.361039 1.161864
v 0.668956 1.336105 1.159831
v 0.523974 1.488055 1.163718
v 0.470609 1.507104 1.163718
v 0.498665 1.501428 1.163718
v 0.470609 1.507104 0.050096
v 0.523974 1.488055 0.050096
v 0.498665 1.501428 0.050096
v 0.674883 1.308205 0.046136
v 0.655104 1.361039 0.049169
v 0.668956 1.336105 0.048152
v -0.339104 1.507104 0.050096
v -0.392469 1.488055 0.050096
v -0.367160 1.501428 0.050096
v -0.543378 1.308205 0.046136
v -0.523599 1.361039 0.049169
v -0.537451 1.336105 0.048152
v -0.531429 0.717264 -1.012028
v 0.662934 0.717264 -1.012028
v -0.531429 0.717264 0.996404
v 0.662934 0.717264 0.996404
v 0.662934 0.701466 -0.009262
v 0.586506 1.418523 -1.063526
v 0.586512 1.418516 1.163718
v -0.531429 0.701466 -0.009262
v -0.455007 1.418516 1.163718
v -0.455000 1.418523 -1.063526
v -0.531429 1.024800 -1.063526
v 0.065753 1.495245 -1.063526
v 0.662934 1.024800 -1.063526
v -0.531429 1.024791 1.104360
v 0.065752 1.495245 1.163718
v 0.662934 1.024791 1.104360
v 0.586506 1.418523 0.050096
v -0.455000 1.418523 0.050096
v -0.531429 1.024805 0.020417
v 0.065753 1.495245 0.050096
v 0.662934 1.024805 0.020417
v -0.528469 1.306558 -1.063526
v -0.511273 1.352490 -1.063526
v -0.523403 1.330846 -1.063526
v -0.384223 1.475525 -1.063526
v -0.337551 1.492185 -1.063526
v -0.362117 1.487301 -1.063526
v 0.469057 1.492185 -1.063526
v 0.515728 1.475525 -1.063526
v 0.493622 1.487301 -1.063526
v 0.642778 1.352490 -1.063526
v 0.659974 1.306558 -1.063526
v 0.654908 1.330846 -1.063526
v -0.337552 1.492185 1.163718
v -0.384223 1.475525 1.163718
v -0.362117 1.487301 1.163718
v -0.511299 1.352454 1.161864
v -0.528487 1.306405 1.155798
v -0.523458 1.330701 1.159831
v 0.659992 1.306405 1.155798
v 0.642804 1.352454 1.161864
v 0.654963 1.330701 1.159831
v 0.515728 1.475525 1.163718
v 0.469056 1.492185 1.163718
v 0.493622 1.487301 1.163718
v 0.469056 1.492185 0.050096
v 0.515728 1.475525 0.050096
v 0.493622 1.487301 0.050096
v 0.659974 1.306558 0.046136
v 0.642778 1.352490 0.049169
v 0.654908 1.330846 0.048152
v -0.337551 1.492185 0.050096
v -0.384223 1.475525 0.050096
v -0.362117 1.487301 0.050096
v -0.528469 1.306558 0.046136
v -0.511273 1.352490 0.049169
v -0.523403 1.330846 0.048152
vn -1.0000 -0.0000 -0.0000
vn -1.0000 0.0063 -0.0000
vn -1.0000 0.0054 -0.0000
vn -1.0000 0.0057 -0.0000
vn 1.0000 -0.0000 -0.0000
vn 1.0000 0.0057 -0.0000
vn 1.0000 0.0054 -0.0000
vn 1.0000 0.0063 -0.0000
vn 0.0078 1.0000 -0.0000
vn 0.3362 0.9418 -0.0000
vn 0.6272 0.7789 -0.0000
vn 0.9999 0.0108 -0.0000
vn 0.9365 0.3506 -0.0000
vn 0.7612 0.6485 -0.0000
vn 0.9999 0.0108 -0.0001
vn -0.0078 1.0000 -0.0000
vn -0.3362 0.9418 -0.0000
vn -0.6272 0.7789 -0.0000
vn -0.9999 0.0108 -0.0000
vn -0.9365 0.3506 -0.0000
vn -0.7612 0.6485 -0.0000
vn -0.6972 0.7168 -0.0000
vn -0.0000 1.0000 -0.0000
vn -0.6272 0.7788 -0.0000
vn 0.6272 0.7788 -0.0000
vn 0.6972 0.7168 -0.0000
vn -0.6968 0.7173 -0.0000
vn 0.6968 0.7173 -0.0000
vn 1.0000 -0.0052 -0.0000
vn 1.0000 -0.0061 -0.0000
vn 1.0000 -0.0055 -0.0000
vn -1.0000 -0.0052 -0.0000
vn -1.0000 -0.0055 -0.0000
vn -1.0000 -0.0061 -0.0000
vn -0.1914 -0.9628 -0.1906
vn -0.3362 -0.9418 -0.0000
vn -0.3784 -0.9257 -0.0000
vn -0.4616 -0.8664 -0.1906
vn -0.2933 -0.9560 -0.0000
vn -0.1914 -0.9628 0.1906
vn -0.4616 -0.8664 0.1906
vn -0.9537 -0.2291 0.1949
vn -0.9356 -0.3531 0.0020
vn -0.9366 -0.3503 -0.0000
vn -0.9196 -0.3929 -0.0000
vn -0.8480 -0.4922 0.1966
vn -0.9517 -0.3070 -0.0000
vn -0.9365 -0.3506 -0.0000
vn -0.9597 -0.2002 -0.1972
vn -0.8552 -0.4793 -0.1972
vn 0.1914 -0.9628 0.1906
vn 0.3362 -0.9418 -0.0000
vn 0.3784 -0.9257 -0.0000
vn 0.4616 -0.8664 0.1906
vn 0.2933 -0.9560 -0.0000
vn 0.1914 -0.9628 -0.1906
vn 0.4616 -0.8664 -0.1906
vn 0.9597 -0.2001 -0.1972
vn 0.9365 -0.3506 -0.0000
vn 0.9366 -0.3503 -0.0000
vn 0.9196 -0.3929 -0.0000
vn 0.8552 -0.4793 -0.1972
vn 0.9517 -0.3070 -0.0000
vn 0.9356 -0.3531 0.0020
vn 0.9537 -0.2291 0.1949
vn 0.8480 -0.4923 0.1966
vn 0.6972 -0.7168 -0.0000
vn 0.7611 -0.6486 -0.0000
vn 0.6972 -0.7169 -0.0000
vn 0.9999 -0.0105 -0.0000
vn -0.0000 -1.0000 -0.0000
vn 0.0076 -1.0000 -0.0000
vn 0.6272 -0.7788 -0.0000
vn -0.6272 -0.7788 -0.0000
vn -0.6972 -0.7169 -0.0000
vn -0.6972 -0.7168 -0.0000
vn -0.0076 -1.0000 -0.0000
vn -0.7611 -0.6486 -0.0000
vn -0.9999 -0.0105 -0.0000
vn 0.6968 -0.7173 -0.0000
vn -0.6968 -0.7173 -0.0000
vn -0.0000 -0.9999 -0.0158
vn -0.0000 -0.9999 0.0157
vn -0.0005 -0.1651 -0.9863
vn -0.0002 -0.0828 -0.9966
vn -0.0002 -0.0829 -0.9966
vn 0.0002 -0.0828 -0.9966
vn 0.0005 -0.1651 -0.9863
vn 0.0002 -0.0829 -0.9966
vn -0.0062 -0.2559 0.9667
vn -0.0010 -0.3312 0.9436
vn 0.0010 -0.3312 0.9436
vn 0.0062 -0.2559 0.9667
vn 0.0897 0.0334 -0.9954
vn -0.0000 -0.0000 -1.0000
vn -0.0847 -0.0446 -0.9954
vn 0.0869 0.0402 -0.9954
vn -0.0842 -0.0455 -0.9954
vn -0.0000 -0.0000 1.0000
vn -0.0418 0.0861 0.9954
vn 0.0364 -0.0885 0.9954
vn -0.0483 0.0826 0.9954
vn 0.0373 -0.0882 0.9954
vn 0.0596 -0.0690 0.9958
vn 0.0325 -0.0967 0.9948
vn 0.0367 -0.1162 0.9925
vn -0.0237 -0.2479 0.9685
vn 0.0649 0.0502 0.9966
vn -0.0218 -0.1304 0.9912
vn 0.0893 -0.0428 -0.9951
vn -0.0919 0.0370 -0.9951
vn 0.0866 -0.0481 -0.9951
vn -0.0922 0.0362 -0.9951
vn -0.0897 0.0334 0.9954
vn 0.0847 -0.0446 0.9954
vn -0.0869 0.0402 0.9954
vn 0.0842 -0.0455 0.9954
vn 0.0418 0.0861 -0.9954
vn -0.0364 -0.0885 -0.9954
vn 0.0483 0.0826 -0.9954
vn -0.0373 -0.0881 -0.9954
vn -0.0337 0.0932 -0.9951
vn 0.0458 -0.0878 -0.9951
vn -0.0393 0.0910 -0.9951
vn 0.0450 -0.0883 -0.9951
vn -0.0326 -0.0967 0.9948
vn -0.1131 -0.2051 0.9722
vn 0.0679 -0.1235 0.9900
vn -0.0367 -0.1162 0.9925
vn -0.1115 -0.0905 0.9896
vn 0.0686 -0.0040 0.9976
vn -0.0068 -0.0080 0.9999
vn 0.0068 -0.0080 0.9999
vt 0.402804 0.750000
vt 0.493049 0.750000
vt 0.496525 0.875000
vt 0.409755 0.875000
vt 0.500000 1.000000
vt 0.416706 1.000000
vt 0.416706 0.250000
vt 0.500000 0.250000
vt 0.496525 0.375000
vt 0.409755 0.375000
vt 0.493049 0.500000
vt 0.402804 0.500000
vt 0.875000 0.539408
vt 0.750000 0.534277
vt 0.750000 0.527555
vt 0.875000 0.533066
vt 0.625000 0.233467
vt 0.625000 0.377756
vt 0.619943 0.377421
vt 0.619943 0.235472
vt 0.625000 0.529147
vt 0.625000 0.522044
vt 0.619943 0.519371
vt 0.574654 0.500000
vt 0.572503 0.375052
vt 0.580548 0.375018
vt 0.583290 0.499841
vt 0.586465 0.375389
vt 0.588523 0.502764
vt 0.575319 0.250000
vt 0.583294 0.250000
vt 0.588523 0.247927
vt 0.625000 0.720853
vt 0.750000 0.715723
vt 0.750000 0.722445
vt 0.625000 0.727956
vt 0.625000 0.863978
vt 0.619943 0.865314
vt 0.619943 0.730629
vt 0.875000 0.710592
vt 0.875000 0.716934
vt 0.625000 1.000000
vt 0.619943 1.000000
vt 0.575319 1.000000
vt 0.572503 0.874792
vt 0.580548 0.874810
vt 0.583294 1.000000
vt 0.586465 0.873446
vt 0.588523 1.000000
vt 0.574654 0.750000
vt 0.583290 0.750159
vt 0.588523 0.747236
vt 0.604147 0.869489
vt 0.604147 1.000000
vt 0.750000 0.625000
vt 0.875000 0.625000
vt 0.604147 0.376378
vt 0.604147 0.241734
vt 0.604147 0.738978
vt 0.625000 0.625000
vt 0.604147 0.511022
s 1
f 2233/2502/2766 2244/2503/2767 2249/2504/2768 2238/2505/2766
f 2238/2505/2766 2249/2504/2768 2241/2506/2769 2231/2507/2766
f 2232/2508/2770 2243/2509/2771 2251/2510/2772 2235/2511/2770
f 2235/2511/2770 2251/2510/2772 2246/2512/2773 2234/2513/2770
f 2258/2514/2774 2276/2515/2774 2278/2516/2775 2260/2517/2775
f 2260/2518/2775 2278/2519/2775 2277/2520/2776 2259/2521/2776
f 2276/2515/2774 2274/2522/2774 2275/2523/2775 2278/2516/2775
f 2278/2519/2775 2275/2523/2775 2273/2524/2776 2277/2520/2776
f 2270/2525/2777 2279/2526/2777 2281/2527/2778 2272/2528/2778
f 2272/2528/2778 2281/2527/2778 2280/2529/2779 2271/2530/2779
f 2279/2526/2777 2262/2531/2780 2263/2532/2778 2281/2527/2778
f 2281/2527/2778 2263/2532/2778 2261/2533/2779 2280/2529/2779
f 2264/2534/2781 2282/2535/2781 2284/2536/2782 2266/2537/2782
f 2266/2537/2782 2284/2538/2782 2283/2539/2783 2265/2540/2783
f 2282/2535/2781 2256/2541/2781 2257/2542/2782 2284/2536/2782
f 2284/2538/2782 2257/2543/2782 2255/2544/2783 2283/2539/2783
f 2252/2545/2784 2285/2546/2784 2287/2547/2785 2254/2548/2785
f 2254/2548/2785 2287/2547/2785 2286/2549/2786 2253/2550/2786
f 2285/2546/2784 2268/2551/2784 2269/2552/2785 2287/2547/2785
f 2287/2547/2785 2269/2552/2785 2267/2553/2786 2286/2549/2786
f 2248/2554/2787 2240/2555/2787 2253/2550/2786 2286/2549/2786
f 2249/2504/2768 2285/2546/2784 2252/2545/2784 2241/2506/2769
f 2250/2556/2788 2242/2557/2788 2256/2541/2781 2282/2535/2781
f 2283/2539/2789 2255/2544/2789 2240/2555/2787 2248/2554/2787
f 2259/2521/2790 2277/2520/2790 2247/2558/2791 2236/2559/2791
f 2276/2515/2774 2258/2514/2774 2242/2557/2788 2250/2556/2788
f 2236/2559/2791 2247/2558/2791 2280/2529/2779 2261/2533/2779
f 2243/2509/2771 2262/2531/2777 2279/2526/2777 2251/2510/2772
f 2265/2540/2789 2283/2539/2789 2248/2554/2787 2239/2560/2792
f 2245/2561/2788 2250/2556/2788 2282/2535/2781 2264/2534/2781
f 2239/2560/2792 2248/2554/2787 2286/2549/2786 2267/2553/2786
f 2244/2503/2767 2268/2551/2784 2285/2546/2784 2249/2504/2768
f 2247/2558/2791 2237/2562/2793 2271/2530/2779 2280/2529/2779
f 2251/2510/2772 2279/2526/2777 2270/2525/2777 2246/2512/2773
f 2274/2522/2774 2276/2515/2774 2250/2556/2788 2245/2561/2788
f 2277/2520/2790 2273/2524/2790 2237/2562/2793 2247/2558/2791
f 2290/2502/2770 2295/2505/2770 2306/2504/2794 2301/2503/2795
f 2295/2505/2770 2288/2507/2770 2298/2506/2796 2306/2504/2794
f 2289/2508/2766 2292/2511/2766 2308/2510/2797 2300/2509/2798
f 2292/2511/2766 2291/2513/2766 2303/2512/2799 2308/2510/2797
f 2315/2514/2800 2317/2517/2801 2335/2516/2801 2333/2515/2802
f 2317/2518/2801 2316/2521/2803 2334/2520/2804 2335/2519/2801
f 2333/2515/2802 2335/2516/2801 2332/2523/2801 2331/2522/2805
f 2335/2519/2801 2334/2520/2804 2330/2524/2806 2332/2523/2801
f 2327/2525/2807 2329/2528/2808 2338/2527/2809 2336/2526/2810
f 2329/2528/2808 2328/2530/2811 2337/2529/2812 2338/2527/2809
f 2336/2526/2810 2338/2527/2809 2320/2532/2813 2319/2531/2814
f 2338/2527/2809 2337/2529/2812 2318/2533/2815 2320/2532/2813
f 2321/2534/2816 2323/2537/2817 2341/2536/2817 2339/2535/2818
f 2323/2537/2817 2322/2540/2819 2340/2539/2820 2341/2538/2817
f 2339/2535/2818 2341/2536/2817 2314/2542/2817 2313/2541/2821
f 2341/2538/2817 2340/2539/2820 2312/2544/2822 2314/2543/2817
f 2309/2545/2823 2311/2548/2824 2344/2547/2825 2342/2546/2826
f 2311/2548/2824 2310/2550/2827 2343/2549/2828 2344/2547/2825
f 2342/2546/2826 2344/2547/2825 2326/2552/2829 2325/2551/2830
f 2344/2547/2825 2343/2549/2828 2324/2553/2831 2326/2552/2829
f 2305/2554/2832 2343/2549/2833 2310/2550/2833 2297/2555/2834
f 2306/2504/2794 2298/2506/2796 2309/2545/2835 2342/2546/2835
f 2307/2556/2836 2339/2535/2837 2313/2541/2837 2299/2557/2836
f 2340/2539/2838 2305/2554/2832 2297/2555/2834 2312/2544/2838
f 2316/2521/2839 2293/2559/2840 2304/2558/2841 2334/2520/2839
f 2333/2515/2842 2307/2556/2836 2299/2557/2836 2315/2514/2842
f 2293/2559/2840 2318/2533/2843 2337/2529/2843 2304/2558/2841
f 2300/2509/2798 2308/2510/2797 2336/2526/2844 2319/2531/2844
f 2322/2540/2838 2296/2560/2845 2305/2554/2832 2340/2539/2838
f 2302/2561/2836 2321/2534/2837 2339/2535/2837 2307/2556/2836
f 2296/2560/2845 2324/2553/2833 2343/2549/2833 2305/2554/2832
f 2301/2503/2795 2306/2504/2794 2342/2546/2835 2325/2551/2835
f 2304/2558/2841 2337/2529/2843 2328/2530/2843 2294/2562/2846
f 2308/2510/2797 2303/2512/2799 2327/2525/2844 2336/2526/2844
f 2331/2522/2842 2302/2561/2836 2307/2556/2836 2333/2515/2842
f 2334/2520/2839 2304/2558/2841 2294/2562/2846 2330/2524/2839
f 2232/2508/2847 2235/2511/2836 2292/2511/2836 2289/2508/2847
f 2235/2511/2836 2234/2513/2848 2291/2513/2848 2292/2511/2836
f 2233/2502/2848 2238/2505/2836 2295/2505/2836 2290/2502/2848
f 2238/2505/2836 2231/2507/2847 2288/2507/2847 2295/2505/2836
f 2231/2507/2849 2241/2506/2850 2298/2506/2851 2288/2507/2849
f 2243/2509/2852 2232/2508/2853 2289/2508/2853 2300/2509/2854
f 2244/2503/2855 2233/2502/2856 2290/2502/2856 2301/2503/2855
f 2234/2513/2857 2246/2512/2858 2303/2512/2858 2291/2513/2857
f 2258/2514/2859 2260/2517/2860 2317/2517/2860 2315/2514/2861
f 2260/2518/2860 2259/2521/2862 2316/2521/2863 2317/2518/2860
f 2275/2523/2864 2274/2522/2865 2331/2522/2866 2332/2523/2864
f 2273/2524/2867 2275/2523/2864 2332/2523/2864 2330/2524/2868
f 2270/2525/2869 2272/2528/2870 2329/2528/2871 2327/2525/2872
f 2272/2528/2870 2271/2530/2873 2328/2530/2874 2329/2528/2871
f 2263/2532/2860 2262/2531/2875 2319/2531/2876 2320/2532/2860
f 2261/2533/2877 2263/2532/2860 2320/2532/2860 2318/2533/2878
f 2264/2534/2879 2266/2537/2864 2323/2537/2864 2321/2534/2880
f 2266/2537/2864 2265/2540/2881 2322/2540/2882 2323/2537/2864
f 2257/2542/2860 2256/2541/2883 2313/2541/2884 2314/2542/2860
f 2255/2544/2885 2257/2543/2860 2314/2543/2860 2312/2544/2886
f 2252/2545/2887 2254/2548/2860 2311/2548/2860 2309/2545/2888
f 2254/2548/2860 2253/2550/2889 2310/2550/2890 2311/2548/2860
f 2269/2552/2891 2268/2551/2892 2325/2551/2893 2326/2552/2894
f 2267/2553/2895 2269/2552/2891 2326/2552/2894 2324/2553/2896
f 2253/2550/2889 2240/2555/2860 2297/2555/2860 2310/2550/2890
f 2241/2506/2850 2252/2545/2887 2309/2545/2888 2298/2506/2851
f 2256/2541/2883 2242/2557/2860 2299/2557/2860 2313/2541/2884
f 2240/2555/2860 2255/2544/2885 2312/2544/2886 2297/2555/2860
f 2259/2521/2862 2236/2559/2860 2293/2559/2860 2316/2521/2863
f 2242/2557/2860 2258/2514/2859 2315/2514/2861 2299/2557/2860
f 2236/2559/2860 2261/2533/2877 2318/2533/2878 2293/2559/2860
f 2262/2531/2875 2243/2509/2852 2300/2509/2854 2319/2531/2876
f 2265/2540/2881 2239/2560/2897 2296/2560/2897 2322/2540/2882
f 2245/2561/2864 2264/2534/2879 2321/2534/2880 2302/2561/2864
f 2239/2560/2897 2267/2553/2895 2324/2553/2896 2296/2560/2897
f 2268/2551/2892 2244/2503/2855 2301/2503/2855 2325/2551/2893
f 2271/2530/2873 2237/2562/2898 2294/2562/2898 2328/2530/2874
f 2246/2512/2858 2270/2525/2869 2327/2525/2872 2303/2512/2858
f 2274/2522/2865 2245/2561/2864 2302/2561/2864 2331/2522/2866
f 2237/2562/2898 2273/2524/2867 2330/2524/2868 2294/2562/2898
o Cube.002
v 0.057438 0.589191 0.066042
v -0.057438 0.589191 0.066042
v 0.057438 0.589191 -0.066042
v -0.057438 0.589191 -0.066042
v -0.564603 -0.169711 -1.534428
v -0.564603 0.761763 -1.534428
v 0.564603 0.761763 -1.534428
v 0.564603 -0.169711 -1.534428
v -0.121359 0.404992 -0.139539
v -0.130843 0.409720 -0.140714
v -0.122381 0.409720 -0.150444
v -0.127627 0.406377 -0.139866
v -0.126650 0.406990 -0.145623
v -0.128350 0.409720 -0.147577
v -0.121643 0.406377 -0.146746
v -0.162758 0.584462 -0.196870
v -0.171220 0.584462 -0.187140
v -0.163921 0.589191 -0.188478
v -0.168727 0.584462 -0.194003
v -0.168289 0.587192 -0.193500
v -0.169550 0.587806 -0.188069
v -0.163566 0.587806 -0.194949
v 0.122381 0.409720 -0.150444
v 0.130843 0.409720 -0.140714
v 0.121359 0.404992 -0.139539
v 0.128350 0.409720 -0.147577
v 0.126650 0.406990 -0.145623
v 0.127627 0.406377 -0.139866
v 0.121643 0.406377 -0.146746
v 0.163921 0.589191 -0.188478
v 0.171220 0.584462 -0.187140
v 0.162758 0.584462 -0.196870
v 0.169550 0.587806 -0.188069
v 0.168290 0.587192 -0.193500
v 0.168727 0.584462 -0.194003
v 0.163566 0.587806 -0.194949
v -0.122381 0.409720 0.150444
v -0.130843 0.409720 0.140714
v -0.121359 0.404992 0.139539
v -0.128350 0.409720 0.147577
v -0.126650 0.406990 0.145623
v -0.127627 0.406377 0.139866
v -0.121643 0.406377 0.146746
v -0.163921 0.589191 0.188478
v -0.171220 0.584462 0.187140
v -0.162758 0.584462 0.196870
v -0.169550 0.587806 0.188069
v -0.168290 0.587192 0.193500
v -0.168727 0.584462 0.194003
v -0.163566 0.587806 0.194949
v 0.130843 0.409720 0.140714
v 0.122381 0.409720 0.150444
v 0.121359 0.404992 0.139539
v 0.128350 0.409720 0.147577
v 0.126650 0.406990 0.145623
v 0.121643 0.406377 0.146746
v 0.127627 0.406377 0.139866
v 0.163921 0.589191 0.188478
v 0.162758 0.584462 0.196870
v 0.171220 0.584462 0.187140
v 0.163566 0.587806 0.194949
v 0.168289 0.587192 0.193500
v 0.168727 0.584462 0.194003
v 0.169550 0.587806 0.188069
v 0.121695 0.403655 0.050845
v 0.130843 0.409720 0.050148
v 0.127711 0.405985 0.050179
v 0.130843 0.409720 -0.050148
v 0.121695 0.403655 -0.050845
v 0.127711 0.405985 -0.050179
v 0.163921 0.589191 -0.066042
v 0.171220 0.584462 -0.065623
v 0.169535 0.587806 -0.065919
v 0.171220 0.584462 0.065623
v 0.163921 0.589191 0.066042
v 0.169535 0.587806 0.065919
v -0.121695 0.403655 -0.050845
v -0.130843 0.409720 -0.050148
v -0.127711 0.405985 -0.050179
v -0.130843 0.409720 0.050148
v -0.121695 0.403655 0.050845
v -0.127711 0.405985 0.050179
v -0.163921 0.589191 0.066042
v -0.171220 0.584462 0.065623
v -0.169535 0.587806 0.065919
v -0.171220 0.584462 -0.065623
v -0.163921 0.589191 -0.066042
v -0.169535 0.587806 -0.065919
v 0.044932 0.403778 -0.139856
v 0.043614 0.409720 -0.150444
v 0.043849 0.406021 -0.146822
v -0.043614 0.409720 -0.150444
v -0.044932 0.403778 -0.139856
v -0.043849 0.406021 -0.146822
v -0.057438 0.589191 -0.188478
v -0.057073 0.584462 -0.196870
v -0.057331 0.587806 -0.194932
v 0.057073 0.584462 -0.196870
v 0.057438 0.589191 -0.188478
v 0.057331 0.587806 -0.194932
v -0.044932 0.403778 0.139856
v -0.043614 0.409720 0.150444
v -0.043849 0.406021 0.146822
v 0.043614 0.409720 0.150444
v 0.044932 0.403778 0.139856
v 0.043849 0.406021 0.146822
v 0.057438 0.589191 0.188478
v 0.057073 0.584462 0.196870
v 0.057331 0.587806 0.194932
v -0.057073 0.584462 0.196870
v -0.057438 0.589191 0.188478
v -0.057331 0.587806 0.194932
v 0.051032 0.388555 -0.059469
v 0.067479 0.394596 -0.068801
v 0.059423 0.388555 -0.049821
v 0.059247 0.392300 -0.062202
v 0.059351 0.391523 -0.059405
v 0.061783 0.392300 -0.059322
v 0.056966 0.388555 -0.056643
v -0.051032 0.388555 -0.059469
v -0.059423 0.388555 -0.049821
v -0.067479 0.394596 -0.068801
v -0.056966 0.388555 -0.056643
v -0.059351 0.391523 -0.059405
v -0.061783 0.392300 -0.059322
v -0.059247 0.392300 -0.062202
v 0.051032 0.388555 0.059469
v 0.059423 0.388555 0.049821
v 0.067479 0.394596 0.068801
v 0.056966 0.388555 0.056643
v 0.059351 0.391523 0.059405
v 0.061783 0.392300 0.059322
v 0.059247 0.392300 0.062202
v -0.051032 0.388555 0.059469
v -0.067479 0.394596 0.068801
v -0.059423 0.388555 0.049821
v -0.059247 0.392300 0.062202
v -0.059351 0.391523 0.059405
v -0.061783 0.392300 0.059322
v -0.056966 0.388555 0.056643
v 0.051032 0.103986 -0.059469
v 0.059423 0.103986 -0.049821
v 0.051032 0.099216 -0.049821
v 0.056966 0.103986 -0.056643
v 0.055877 0.101232 -0.055391
v 0.056966 0.100613 -0.049821
v 0.051032 0.100613 -0.056643
v -0.051032 0.103986 -0.059469
v -0.051032 0.099216 -0.049821
v -0.059423 0.103986 -0.049821
v -0.051032 0.100613 -0.056643
v -0.055877 0.101232 -0.055391
v -0.056966 0.100613 -0.049821
v -0.056966 0.103986 -0.056643
v 0.051032 0.103986 0.059469
v 0.051032 0.099216 0.049821
v 0.059423 0.103986 0.049821
v 0.051032 0.100613 0.056643
v 0.055877 0.101232 0.055391
v 0.056966 0.100613 0.049821
v 0.056966 0.103986 0.056643
v -0.051032 0.103986 0.059469
v -0.059423 0.103986 0.049821
v -0.051032 0.099216 0.049821
v -0.056966 0.103986 0.056643
v -0.055877 0.101232 0.055391
v -0.056966 0.100613 0.049821
v -0.051032 0.100613 0.056643
v -0.059423 0.321808 0.049821
v -0.051032 0.321808 0.059469
v -0.056966 0.321808 0.056643
v -0.051032 0.223772 0.059469
v -0.059423 0.223772 0.049821
v -0.056966 0.223772 0.056643
v 0.059423 0.223772 0.049821
v 0.051032 0.223772 0.059469
v 0.056966 0.223772 0.056643
v 0.051032 0.321808 0.059469
v 0.059423 0.321808 0.049821
v 0.056966 0.321808 0.056643
v 0.051032 0.326578 -0.059469
v 0.059349 0.316754 -0.049822
v 0.051179 0.322085 -0.069102
v 0.056944 0.321666 -0.056644
v 0.055895 0.321794 -0.059435
v 0.056985 0.320405 -0.059311
v 0.051106 0.323286 -0.062291
v 0.051032 0.219003 -0.059469
v 0.051180 0.223803 -0.069118
v 0.059349 0.228510 -0.049822
v 0.051106 0.222385 -0.062295
v 0.055895 0.223771 -0.059465
v 0.056987 0.225169 -0.059448
v 0.056944 0.223757 -0.056644
v -0.051032 0.219003 -0.059469
v -0.059349 0.228510 -0.049822
v -0.051180 0.223803 -0.069118
v -0.056944 0.223757 -0.056644
v -0.055895 0.223771 -0.059465
v -0.056987 0.225169 -0.059448
v -0.051106 0.222385 -0.062295
v -0.051032 0.326578 -0.059469
v -0.051179 0.322085 -0.069102
v -0.059349 0.316754 -0.049822
v -0.051106 0.323286 -0.062291
v -0.055895 0.321794 -0.059435
v -0.056985 0.320405 -0.059311
v -0.056944 0.321666 -0.056644
v 0.073346 0.363298 -1.505443
v 0.081738 0.358520 -1.505428
v 0.088572 0.369013 -1.515537
v 0.079278 0.361894 -1.505285
v 0.081378 0.363677 -1.511048
v 0.083810 0.364225 -1.512393
v 0.080569 0.365082 -1.512379
v 0.073346 0.228447 -1.505427
v 0.088570 0.223005 -1.515537
v 0.081738 0.233216 -1.505428
v 0.080524 0.226870 -1.512372
v 0.081369 0.228224 -1.511071
v 0.083809 0.227664 -1.512393
v 0.079280 0.229843 -1.505405
v -0.073345 0.228447 -1.505427
v -0.081738 0.233216 -1.505428
v -0.088431 0.223004 -1.515537
v -0.079280 0.229843 -1.505405
v -0.081341 0.228216 -1.511071
v -0.083769 0.227624 -1.512394
v -0.080457 0.226870 -1.512372
v -0.073346 0.363298 -1.505443
v -0.088433 0.369013 -1.515537
v -0.081738 0.358520 -1.505428
v -0.080503 0.365082 -1.512379
v -0.081349 0.363686 -1.511048
v -0.083769 0.364266 -1.512394
v -0.079278 0.361894 -1.505285
v 0.559588 0.756491 -1.558027
v 0.558929 0.751675 -1.548000
v 0.568316 0.751712 -1.557596
v 0.559279 0.755347 -1.551156
v 0.563600 0.754671 -1.552253
v 0.564433 0.751692 -1.550991
v 0.565668 0.755123 -1.557413
v 0.559588 -0.168282 -1.558027
v 0.568316 -0.163448 -1.557596
v 0.558931 -0.162186 -1.548000
v 0.565529 -0.166804 -1.556944
v 0.563571 -0.165749 -1.552156
v 0.564434 -0.162773 -1.550991
v 0.559276 -0.166246 -1.551145
v -0.543782 -0.168282 -1.558027
v -0.548924 -0.162186 -1.548000
v -0.552765 -0.163448 -1.557596
v -0.546221 -0.166245 -1.551143
v -0.550872 -0.165757 -1.552419
v -0.552723 -0.162724 -1.550951
v -0.549990 -0.166886 -1.558211
v -0.543782 0.756491 -1.558027
v -0.552765 0.751712 -1.557596
v -0.548922 0.751674 -1.548000
v -0.549851 0.755040 -1.558679
v -0.550837 0.754653 -1.552516
v -0.552721 0.751691 -1.550950
v -0.546187 0.755346 -1.551154
v 0.559588 0.756491 -1.558028
v 0.568571 0.751656 -1.558459
v 0.562882 0.751099 -1.567593
v 0.565817 0.755061 -1.558243
v 0.566459 0.754102 -1.563642
v 0.568147 0.751248 -1.565007
v 0.561794 0.754667 -1.564702
v 0.559588 -0.168282 -1.558027
v 0.562882 -0.164136 -1.567593
v 0.568571 -0.163504 -1.558459
v 0.561794 -0.167327 -1.564702
v 0.566459 -0.166624 -1.563642
v 0.568147 -0.163949 -1.565007
v 0.565817 -0.166881 -1.558243
v -0.543782 -0.168282 -1.558027
v -0.552510 -0.163504 -1.558459
v -0.541416 -0.164136 -1.567593
v -0.549884 -0.166881 -1.558243
v -0.547332 -0.166624 -1.563641
v -0.548211 -0.163949 -1.565007
v -0.542039 -0.167327 -1.564702
v -0.543782 0.756491 -1.558028
v -0.541416 0.751099 -1.567593
v -0.552510 0.751656 -1.558459
v -0.542039 0.754667 -1.564702
v -0.547332 0.754102 -1.563642
v -0.548211 0.751248 -1.565007
v -0.549884 0.755061 -1.558243
vn -0.0000 1.0000 -0.0000
vn -0.0890 -0.9930 -0.0781
vn -0.1516 -0.9861 -0.0678
vn -0.1832 -0.9701 -0.1593
vn -0.1407 -0.9804 -0.1382
vn -0.9743 -0.2252 -0.0000
vn -0.8661 -0.4659 -0.1811
vn -0.7036 -0.6737 -0.2262
vn -0.8430 -0.5242 -0.1204
vn -0.0000 -0.2568 -0.9665
vn -0.0508 -0.6210 -0.7822
vn -0.2748 -0.7117 -0.6465
vn -0.2289 -0.5121 -0.8279
vn -0.0000 -0.2567 -0.9665
vn -0.2356 0.0073 -0.9718
vn -0.3700 0.3248 -0.8704
vn -0.3146 0.1665 -0.9345
vn -0.9743 -0.2251 -0.0000
vn -0.9856 0.0988 -0.1372
vn -0.9096 0.2952 -0.2924
vn -0.9836 0.0064 -0.1804
vn -0.0223 0.9899 -0.1400
vn -0.2189 0.9570 -0.1904
vn -0.1277 0.9887 -0.0783
vn 0.2289 -0.5121 -0.8279
vn 0.2748 -0.7117 -0.6465
vn 0.2287 -0.6110 -0.7579
vn 0.9743 -0.2252 -0.0000
vn 0.8430 -0.5242 -0.1204
vn 0.7036 -0.6737 -0.2262
vn 0.8661 -0.4660 -0.1811
vn 0.0890 -0.9930 -0.0781
vn 0.0304 -0.9874 -0.1551
vn 0.1832 -0.9701 -0.1593
vn 0.1516 -0.9861 -0.0678
vn 0.1277 0.9887 -0.0783
vn 0.2189 0.9570 -0.1904
vn 0.1555 0.9798 -0.1262
vn 0.9743 -0.2251 -0.0000
vn 0.9836 0.0064 -0.1804
vn 0.9096 0.2952 -0.2924
vn 0.9856 0.0988 -0.1372
vn 0.0656 0.2159 -0.9742
vn 0.3700 0.3248 -0.8704
vn 0.2356 0.0073 -0.9718
vn -0.0000 -0.2568 0.9665
vn -0.2289 -0.5121 0.8279
vn -0.2748 -0.7117 0.6465
vn -0.2287 -0.6110 0.7579
vn -0.8430 -0.5242 0.1204
vn -0.7036 -0.6737 0.2262
vn -0.8661 -0.4660 0.1811
vn -0.0890 -0.9930 0.0781
vn -0.0304 -0.9874 0.1551
vn -0.1832 -0.9701 0.1593
vn -0.1516 -0.9861 0.0678
vn -0.1277 0.9887 0.0783
vn -0.2189 0.9570 0.1904
vn -0.1555 0.9798 0.1262
vn -0.9836 0.0064 0.1804
vn -0.9096 0.2952 0.2924
vn -0.9856 0.0988 0.1372
vn -0.0000 -0.2567 0.9665
vn -0.0656 0.2159 0.9742
vn -0.3700 0.3248 0.8704
vn -0.2356 0.0073 0.9718
vn 0.8661 -0.4659 0.1811
vn 0.7036 -0.6737 0.2262
vn 0.8054 -0.5631 0.1848
vn 0.1500 -0.5773 0.8026
vn 0.2748 -0.7117 0.6465
vn 0.2289 -0.5121 0.8279
vn 0.0890 -0.9930 0.0781
vn 0.1814 -0.9831 0.0262
vn 0.1832 -0.9701 0.1593
vn 0.0784 -0.9885 0.1294
vn 0.0901 0.9897 0.1112
vn 0.2189 0.9570 0.1904
vn 0.1451 0.9801 0.1353
vn 0.2356 0.0073 0.9718
vn 0.3700 0.3248 0.8704
vn 0.1799 0.1127 0.9772
vn 0.9807 0.1890 0.0499
vn 0.9096 0.2952 0.2924
vn 0.9836 0.0064 0.1804
vn 0.5986 -0.6240 -0.5022
vn 0.3373 -0.8435 -0.4181
vn 0.3501 -0.8855 -0.3054
vn 0.3855 -0.6104 -0.6920
vn 0.0912 -0.9956 -0.0220
vn 0.4769 -0.8292 -0.2915
vn 0.5767 -0.6296 -0.5207
vn -0.5986 -0.6240 -0.5023
vn -0.5268 -0.8439 -0.1020
vn -0.3501 -0.8855 -0.3054
vn -0.1228 -0.8455 -0.5196
vn -0.5767 -0.6296 -0.5207
vn -0.4769 -0.8292 -0.2915
vn -0.0338 -0.9972 -0.0665
vn 0.5985 -0.6241 0.5022
vn 0.5268 -0.8439 0.1020
vn 0.3501 -0.8855 0.3054
vn 0.1228 -0.8455 0.5196
vn 0.5771 -0.6285 0.5215
vn 0.4769 -0.8292 0.2915
vn 0.0338 -0.9972 0.0665
vn -0.5985 -0.6241 0.5022
vn -0.3373 -0.8435 0.4181
vn -0.3501 -0.8855 0.3054
vn -0.3848 -0.6109 0.6919
vn -0.0912 -0.9956 0.0220
vn -0.4769 -0.8292 0.2915
vn -0.5771 -0.6284 0.5215
vn -0.0000 -0.0001 -1.0000
vn 0.2342 -0.2855 -0.9293
vn 0.3204 -0.5637 -0.7613
vn 0.2640 -0.4365 -0.8601
vn 1.0000 0.0003 -0.0004
vn 0.9261 -0.3568 -0.1227
vn 0.8121 -0.5230 -0.2585
vn 0.9502 -0.2550 -0.1792
vn -0.0000 -1.0000 -0.0000
vn 0.0282 -0.9909 -0.1316
vn 0.2005 -0.9640 -0.1744
vn 0.1231 -0.9896 -0.0745
vn -0.0000 -0.0000 -1.0000
vn -0.1581 -0.3999 -0.9028
vn -0.3204 -0.5637 -0.7613
vn -0.2461 -0.4601 -0.8531
vn -0.1231 -0.9896 -0.0745
vn -0.2005 -0.9640 -0.1744
vn -0.0857 -0.9905 -0.1072
vn -1.0000 0.0003 -0.0004
vn -0.9706 -0.0858 -0.2247
vn -0.8121 -0.5230 -0.2585
vn -0.9261 -0.3568 -0.1227
vn -0.0000 -0.0000 1.0000
vn 0.1581 -0.3999 0.9028
vn 0.3204 -0.5637 0.7613
vn 0.2460 -0.4605 0.8529
vn 0.1231 -0.9896 0.0745
vn 0.2005 -0.9640 0.1744
vn 0.0857 -0.9905 0.1072
vn 0.9702 -0.0855 0.2267
vn 0.8121 -0.5230 0.2585
vn 0.9261 -0.3568 0.1227
vn -0.0000 -0.0001 1.0000
vn -0.2339 -0.2863 0.9292
vn -0.3204 -0.5637 0.7613
vn -0.2640 -0.4365 0.8601
vn -1.0000 0.0003 -0.0003
vn -0.9261 -0.3568 0.1227
vn -0.8121 -0.5230 0.2585
vn -0.9500 -0.2546 0.1809
vn -0.0282 -0.9909 0.1316
vn -0.2005 -0.9640 0.1744
vn -0.1231 -0.9896 0.0745
vn 0.7552 -0.0016 -0.6555
vn 0.3598 0.8274 -0.4313
vn 0.5738 0.7453 -0.3395
vn 0.7998 0.3052 -0.5169
vn 0.9999 -0.0004 0.0101
vn 0.6018 0.7981 0.0297
vn 0.9255 0.3477 -0.1502
vn 0.8384 0.0045 -0.5450
vn 0.4850 0.8739 0.0319
vn 0.3412 0.8721 -0.3509
vn 0.7418 0.0031 -0.6706
vn 0.8301 -0.5043 -0.2378
vn 0.5648 -0.7420 -0.3611
vn 0.3570 -0.7933 -0.4932
vn 0.4699 -0.8827 0.0042
vn 0.3419 -0.8612 -0.3761
vn 1.0000 0.0003 0.0048
vn 0.8570 0.3643 -0.3645
vn 0.9241 -0.3468 -0.1605
vn 0.6093 -0.7929 0.0099
vn -0.7418 0.0031 -0.6706
vn -0.3588 -0.8186 -0.4485
vn -0.5648 -0.7420 -0.3611
vn -0.7915 -0.3136 -0.5245
vn -0.9999 0.0003 0.0101
vn -0.6093 -0.7929 0.0099
vn -0.9241 -0.3468 -0.1605
vn -0.8436 0.0110 -0.5369
vn -0.4699 -0.8827 0.0042
vn -0.3420 -0.8612 -0.3761
vn -0.7552 -0.0016 -0.6554
vn -0.8476 0.4860 -0.2133
vn -0.5738 0.7453 -0.3395
vn -0.3582 0.8064 -0.4706
vn -0.4850 0.8739 0.0319
vn -0.3412 0.8721 -0.3509
vn -1.0000 -0.0005 0.0048
vn -0.8497 -0.3624 -0.3831
vn -0.9255 0.3477 -0.1502
vn -0.6018 0.7981 0.0297
vn -0.1294 0.9834 0.1275
vn 0.0696 0.9091 0.4106
vn 0.3566 0.7369 0.5743
vn 0.1152 0.8819 0.4571
vn 0.4067 0.8570 0.3165
vn 0.2890 0.2001 0.9362
vn 0.0218 0.0530 0.9984
vn 0.6532 0.5079 0.5616
vn -0.1338 -0.9859 0.1008
vn 0.0587 -0.8368 0.5444
vn 0.3973 -0.7786 0.4858
vn 0.2235 -0.9527 0.2061
vn 0.0449 -0.0246 0.9987
vn 0.6538 -0.5110 0.5581
vn 0.1336 -0.5314 0.8365
vn 0.1631 -0.7948 0.5845
vn 0.4003 -0.8616 0.3121
vn 0.2749 -0.2220 0.9355
vn 0.1337 -0.9859 0.1007
vn -0.0509 -0.9150 0.4002
vn -0.3957 -0.7801 0.4847
vn -0.1590 -0.8057 0.5705
vn -0.3993 -0.8612 0.3145
vn -0.2716 -0.2058 0.9401
vn -0.0223 -0.0525 0.9984
vn 0.0315 -0.8149 0.5788
vn -0.1282 -0.5390 0.8325
vn -0.6588 -0.5130 0.5503
vn 0.1292 0.9834 0.1274
vn -0.3070 0.7425 0.5954
vn -0.3542 0.7395 0.5724
vn -0.2344 0.9454 0.2264
vn -0.0459 0.0247 0.9986
vn -0.6582 0.5100 0.5537
vn -0.4058 0.8566 0.3188
vn -0.2856 0.1838 0.9405
vn -0.0000 0.9708 -0.2399
vn 0.0832 0.9932 0.0815
vn 0.1975 0.9659 0.1672
vn 0.1206 0.9889 0.0872
vn 0.0451 0.0250 0.9987
vn 0.2884 0.2784 0.9161
vn 0.3548 0.5351 0.7667
vn 0.1707 0.3823 0.9082
vn 0.9589 0.0001 0.2837
vn 0.8960 0.3817 0.2269
vn 0.7704 0.4889 0.4093
vn 0.9015 0.2455 0.3564
vn 0.0001 -0.0001 -1.0000
vn 0.1168 -0.9794 0.1649
vn 0.1797 -0.9417 0.2843
vn 0.1390 -0.9653 0.2209
vn 0.9589 -0.0001 0.2837
vn 0.8936 -0.2308 0.3851
vn 0.7537 -0.4715 0.4579
vn 0.8683 -0.3522 0.3493
vn 0.0221 -0.0524 0.9984
vn 0.0605 -0.4412 0.8953
vn 0.3208 -0.5117 0.7970
vn 0.2674 -0.2689 0.9253
vn 0.3716 -0.7575 -0.5367
vn -0.0890 -0.9861 0.1402
vn -0.1925 -0.9627 0.1900
vn -0.1071 -0.8747 0.4727
vn -0.0464 -0.0251 0.9986
vn -0.3149 -0.3393 0.8864
vn -0.3348 -0.6552 0.6772
vn -0.1647 -0.4132 0.8956
vn -0.9589 -0.0001 -0.2837
vn -0.7147 -0.2554 -0.6512
vn -0.8080 -0.5883 0.0330
vn -0.9531 -0.2630 -0.1496
vn -0.7517 0.4933 0.4378
vn 0.4610 0.8051 0.3732
vn -0.2067 0.9765 0.0610
vn -0.1871 0.9821 0.0228
vn -0.9589 0.0001 -0.2836
vn -0.9411 0.2809 -0.1884
vn -0.8025 0.5953 -0.0400
vn -0.3165 -0.9093 -0.2703
vn -0.0230 0.0539 0.9983
vn -0.0122 0.5364 0.8438
vn -0.3699 0.6956 0.6158
vn -0.3497 0.3533 0.8677
vn 0.1240 0.9855 -0.1155
vn 0.1905 0.9655 -0.1776
vn 0.1749 0.9739 -0.1447
vn 0.9589 -0.0000 0.2837
vn 0.9621 0.2582 0.0871
vn 0.8081 0.5867 -0.0524
vn 0.8920 0.4445 0.0824
vn 0.0140 0.4966 -0.8679
vn 0.2948 0.6132 -0.7329
vn 0.2125 0.2958 -0.9313
vn 0.0918 -0.9958 -0.0026
vn 0.1933 -0.9797 -0.0527
vn 0.1552 -0.9869 -0.0450
vn 0.2079 -0.3143 -0.9263
vn 0.3126 -0.6502 -0.6925
vn 0.1570 -0.4501 -0.8791
vn 0.8543 -0.4686 0.2250
vn 0.8090 -0.5874 0.0240
vn 0.9473 -0.2850 0.1459
vn 0.6036 -0.7875 -0.1246
vn -0.1397 -0.9752 -0.1718
vn -0.1910 -0.9676 -0.1650
vn -0.1164 -0.9888 -0.0930
vn -0.8876 -0.2755 -0.3691
vn -0.7366 -0.5348 -0.4140
vn -0.7616 -0.5025 -0.4092
vn -0.0575 -0.5089 -0.8589
vn -0.2752 -0.5724 -0.7724
vn -0.1599 -0.2993 -0.9407
vn -0.3083 0.9324 -0.1886
vn -0.0727 0.9767 -0.2021
vn -0.1857 0.9410 -0.2830
vn 0.5307 0.7515 -0.3919
vn -0.0000 0.0001 -1.0000
vn -0.1659 0.2775 -0.9463
vn -0.2600 0.5407 -0.8000
vn -0.1272 0.4211 -0.8981
vn -0.9589 -0.0000 -0.2837
vn -0.9165 -0.3824 0.1176
vn -0.7146 0.5188 -0.4692
vn -0.8751 0.2491 -0.4150
vn -0.0383 -0.9944 -0.0987
vn 0.0077 -0.9634 -0.2680
vn -0.0195 -0.6919 -0.7217
vn -0.0000 -0.2569 -0.9664
vn -0.0000 0.9778 -0.2097
vn -0.0000 0.5006 -0.8657
vn 0.1218 -0.9920 -0.0323
vn 0.3117 -0.9502 0.0067
vn 0.7743 -0.6326 -0.0168
vn 0.2394 0.9709 -0.0000
vn 0.8934 0.4493 -0.0000
vn 0.0383 -0.9944 0.0987
vn -0.0077 -0.9634 0.2680
vn 0.0195 -0.6919 0.7217
vn -0.0000 -0.2569 0.9664
vn -0.0000 0.9778 0.2097
vn -0.0000 0.5006 0.8657
vn -0.1218 -0.9920 0.0323
vn -0.3117 -0.9502 -0.0067
vn -0.7743 -0.6326 0.0168
vn -0.2394 0.9709 -0.0000
vn -0.8934 0.4493 -0.0000
vn 0.1218 -0.9920 0.0323
vn 0.3064 -0.9519 0.0061
vn 0.7811 -0.6244 -0.0010
vn -0.1218 -0.9920 -0.0323
vn -0.3064 -0.9519 -0.0061
vn -0.7811 -0.6244 0.0010
vn 0.0383 -0.9944 -0.0987
vn 0.0062 -0.9647 -0.2633
vn -0.0011 -0.6843 -0.7292
vn -0.0383 -0.9944 0.0987
vn -0.0062 -0.9647 0.2633
vn 0.0011 -0.6843 0.7292
vn -0.3536 -0.2816 -0.8920
vn 0.3536 -0.2816 -0.8920
vn 0.2651 -0.7383 -0.6202
vn -0.2893 -0.7047 -0.6478
vn -0.2651 -0.7383 0.6202
vn 0.2893 -0.7047 0.6478
vn 0.3535 -0.2816 0.8920
vn -0.3535 -0.2817 0.8920
vn 0.9271 -0.2524 -0.2770
vn 0.9275 -0.2523 0.2757
vn 0.7059 -0.6661 0.2409
vn 0.7059 -0.6661 -0.2409
vn -0.7059 -0.6661 -0.2409
vn -0.7059 -0.6661 0.2409
vn -0.9275 -0.2523 0.2757
vn -0.9271 -0.2524 -0.2770
vn -1.0000 0.0002 -0.0005
vn -0.9408 -0.0000 0.3389
vn -0.4300 -0.0000 0.9028
vn 1.0000 -0.0003 -0.0005
vn 0.7576 -0.2175 0.6154
vn 0.7711 -0.5729 0.2778
vn 0.9408 -0.0000 0.3389
vn 0.4300 -0.0000 0.9028
vn 0.0238 -0.0000 0.9997
vn 0.7145 -0.2208 0.6639
vn 0.3065 -0.5759 -0.7579
vn 0.6519 0.3900 -0.6504
vn -0.7601 -0.2184 -0.6120
vn -0.7721 -0.5727 -0.2754
vn -0.3009 0.5936 -0.7464
vn -0.0245 -0.0001 -0.9997
vn -0.7150 -0.2208 -0.6634
vn -0.6499 -0.3998 -0.6463
vn -0.7576 -0.2175 0.6154
vn -1.0000 -0.0003 -0.0005
vn -0.9643 -0.2611 0.0437
vn -0.2138 -0.5744 0.7901
vn -0.7145 -0.2208 0.6639
vn 1.0000 0.0002 -0.0005
vn 0.7601 -0.2184 -0.6120
vn 0.9643 -0.2618 -0.0412
vn 0.2140 -0.5744 -0.7901
vn 0.3315 0.5966 -0.7309
vn 0.6499 -0.3998 -0.6463
vn 0.7150 -0.2208 -0.6634
vn -0.3392 -0.5792 -0.7413
vn -0.6519 0.3899 -0.6504
vn -0.2297 0.9646 -0.1298
vn 0.2297 0.9646 -0.1298
vn 0.2084 0.9108 -0.3564
vn -0.2661 0.9300 -0.2536
vn -0.1063 0.9029 -0.4165
vn 0.2344 0.8479 -0.4755
vn 0.3784 0.5158 -0.7686
vn -0.3784 0.5158 -0.7686
vn -0.3757 -0.5075 -0.7754
vn 0.3757 -0.5075 -0.7754
vn 0.1050 -0.8944 -0.4348
vn -0.2286 -0.8397 -0.4927
vn -0.2047 -0.9005 -0.3837
vn 0.2598 -0.9234 -0.2826
vn 0.2297 -0.9602 -0.1588
vn -0.2297 -0.9602 -0.1588
vn -0.5285 -0.8453 0.0780
vn -0.9996 0.0150 0.0220
vn -0.2200 -0.9587 -0.1801
vn -0.2097 -0.9535 0.2164
vn -0.5037 -0.8590 0.0919
vn -0.4347 -0.8907 0.1331
vn 0.5260 -0.8468 0.0789
vn 0.9861 -0.0452 0.1596
vn 0.1149 -0.9757 0.1864
vn 0.2200 -0.9587 -0.1801
vn 0.4347 -0.8907 0.1331
vn 0.5039 -0.8589 0.0920
vn -0.4412 0.8817 0.1672
vn -0.4971 0.8586 0.1254
vn -0.1207 0.9701 0.2106
vn -0.2144 0.9644 -0.1545
vn -0.9842 0.0661 0.1640
vn -0.5266 0.8444 0.0986
vn 0.4973 0.8584 0.1255
vn 0.4411 0.8817 0.1673
vn 0.2144 0.9645 -0.1545
vn 0.2136 0.9469 0.2405
vn 0.9991 0.0168 0.0379
vn 0.5241 0.8458 0.0995
vn 0.6918 0.6418 0.3308
vn 0.6956 -0.6392 0.3280
vn 0.8627 -0.4951 0.1034
vn 0.8642 0.4920 0.1057
vn -0.8664 0.4886 0.1034
vn -0.8648 -0.4918 0.1011
vn -0.6922 -0.6452 0.3235
vn -0.6884 0.6477 0.3263
vn -0.1537 -0.7614 -0.6298
vn -0.2193 -0.9523 0.2123
vn 0.2359 -0.8065 -0.5421
vn -0.1959 -0.7964 -0.5722
vn 0.7148 -0.6660 -0.2132
vn 0.1075 -0.9651 0.2387
vn 0.6254 -0.5752 -0.5273
vn 0.4877 -0.1961 0.8507
vn -0.0352 -0.9935 -0.1086
vn -0.0868 -0.9938 -0.0697
vn -0.1334 -0.9905 -0.0327
vn 0.1334 -0.9905 -0.0327
vn 0.0868 -0.9938 -0.0697
vn 0.0352 -0.9935 -0.1086
vn -0.0868 -0.9938 0.0697
vn -0.0352 -0.9935 0.1086
vn -0.1334 -0.9905 0.0327
vn 0.1334 -0.9905 0.0327
vn 0.0352 -0.9935 0.1086
vn 0.0868 -0.9938 0.0697
vn 1.0000 -0.0005 -0.0004
vn 1.0000 -0.0002 0.0049
vn -1.0000 -0.0005 -0.0004
vn -1.0000 -0.0002 0.0049
vn 1.0000 0.0001 0.0047
vn -1.0000 0.0001 0.0047
vn -0.0000 0.9996 0.0287
vn 0.9999 -0.0000 0.0154
vn -0.0000 -1.0000 -0.0032
vn -0.9999 -0.0000 0.0154
vn -0.0379 0.0390 0.9985
vn 0.0370 0.0392 0.9985
vn 0.0267 0.0518 0.9983
vn -0.0269 0.0523 0.9983
vn 0.0371 -0.0389 0.9986
vn 0.0266 -0.0516 0.9983
vn -0.0380 -0.0387 0.9985
vn -0.0267 -0.0522 0.9983
vn -0.0000 0.9555 -0.2950
vt 0.708333 0.583333
vt 0.791667 0.583333
vt 0.791667 0.666667
vt 0.708333 0.666667
vt 0.133212 0.741613
vt 0.132810 0.750000
vt 0.127986 0.750000
vt 0.125000 0.742190
vt 0.381418 0.992071
vt 0.380930 1.000000
vt 0.377015 1.000000
vt 0.375000 0.992190
vt 0.381418 0.007929
vt 0.375000 0.007810
vt 0.375000 0.002986
vt 0.380930 0.000000
vt 0.618582 0.006264
vt 0.618094 0.000000
vt 0.621590 0.000000
vt 0.625000 0.006345
vt 0.618582 0.993736
vt 0.625000 0.993655
vt 0.625000 0.997081
vt 0.618094 1.000000
vt 0.868913 0.743913
vt 0.875000 0.743655
vt 0.875000 0.747081
vt 0.868655 0.750000
vt 0.381418 0.242071
vt 0.380930 0.250000
vt 0.376007 0.251493
vt 0.375000 0.242190
vt 0.381418 0.257929
vt 0.375000 0.257810
vt 0.133212 0.508387
vt 0.125000 0.507810
vt 0.125000 0.502986
vt 0.132810 0.500000
vt 0.868913 0.506087
vt 0.868655 0.500000
vt 0.872081 0.500000
vt 0.875000 0.506345
vt 0.618582 0.256264
vt 0.618094 0.250000
vt 0.623295 0.248541
vt 0.625000 0.256345
vt 0.618582 0.243736
vt 0.625000 0.243655
vt 0.381418 0.742071
vt 0.380930 0.750000
vt 0.375672 0.750000
vt 0.375000 0.742190
vt 0.381418 0.757929
vt 0.371095 0.753905
vt 0.366788 0.741613
vt 0.631087 0.743913
vt 0.628173 0.753173
vt 0.624836 0.749027
vt 0.625000 0.743655
vt 0.618582 0.756264
vt 0.618094 0.750000
vt 0.618582 0.743736
vt 0.381418 0.492071
vt 0.380930 0.500000
vt 0.374676 0.500995
vt 0.371095 0.496095
vt 0.381418 0.507929
vt 0.375000 0.507810
vt 0.366788 0.508387
vt 0.631087 0.506087
vt 0.625000 0.506345
vt 0.623863 0.500000
vt 0.628173 0.496827
vt 0.618582 0.506264
vt 0.618094 0.500000
vt 0.618582 0.493736
vt 0.208333 0.589217
vt 0.208333 0.583474
vt 0.208348 0.583350
vt 0.208333 0.583333
vt 0.199920 0.574175
vt 0.208436 0.583333
vt 0.215093 0.583333
vt 0.208333 0.660783
vt 0.208333 0.666667
vt 0.208348 0.666650
vt 0.208333 0.666543
vt 0.215093 0.666667
vt 0.208442 0.666667
vt 0.199796 0.675548
vt 0.291667 0.589217
vt 0.291667 0.583333
vt 0.291652 0.583350
vt 0.291667 0.583457
vt 0.284906 0.583333
vt 0.291558 0.583333
vt 0.300204 0.574452
vt 0.291667 0.660783
vt 0.291667 0.666525
vt 0.291652 0.666650
vt 0.291667 0.666667
vt 0.300080 0.675825
vt 0.291564 0.666667
vt 0.284906 0.666667
vt 0.208333 0.589217
vt 0.209286 0.584162
vt 0.208333 0.589217
vt 0.215093 0.583333
vt 0.215093 0.589217
vt 0.208333 0.660783
vt 0.209286 0.665838
vt 0.208333 0.666667
vt 0.215093 0.660783
vt 0.215093 0.666667
vt 0.291667 0.589217
vt 0.290714 0.584162
vt 0.284907 0.589217
vt 0.284907 0.583333
vt 0.291667 0.660783
vt 0.290714 0.665838
vt 0.291667 0.660783
vt 0.284906 0.666667
vt 0.284907 0.666667
vt 0.284907 0.660783
vt 0.208333 0.589217
vt 0.208333 0.583333
vt 0.208333 0.584158
vt 0.208333 0.589166
vt 0.212403 0.585266
vt 0.206955 0.585132
vt 0.208333 0.589217
vt 0.208333 0.589166
vt 0.208333 0.584158
vt 0.208333 0.583333
vt 0.206952 0.585125
vt 0.213300 0.584622
vt 0.208333 0.660783
vt 0.208333 0.665842
vt 0.208333 0.660834
vt 0.212403 0.668875
vt 0.206952 0.656590
vt 0.208333 0.660834
vt 0.208333 0.665842
vt 0.206955 0.656597
vt 0.213300 0.668139
vt 0.001379 0.004018
vt 0.001432 0.004009
vt 0.000191 0.000536
vt 0.000000 0.000000
vt 0.001381 0.003866
vt 0.001381 0.004025
vt 0.000192 0.000537
vt 0.001389 0.003888
vt 0.001381 0.003866
vt 0.001381 0.004261
vt 0.001389 0.004443
vt 0.000192 0.000613
vt 0.001381 0.004418
vt 0.001379 0.004254
vt 0.000191 0.000612
vt 0.001432 0.004582
vt 0.133667 0.666667
vt 0.125000 0.666955
vt 0.375000 0.083045
vt 0.381418 0.083333
vt 0.868913 0.583333
vt 0.875000 0.583372
vt 0.625000 0.166628
vt 0.618582 0.166667
vt 0.208333 0.509545
vt 0.208145 0.500000
vt 0.375000 0.333145
vt 0.381418 0.333333
vt 0.708333 0.506087
vt 0.708372 0.500000
vt 0.625000 0.416628
vt 0.618582 0.416667
vt 0.366333 0.583333
vt 0.375000 0.583045
vt 0.381418 0.583333
vt 0.631087 0.666667
vt 0.625000 0.666628
vt 0.618582 0.666667
vt 0.291667 0.740455
vt 0.291855 0.750000
vt 0.375000 0.833145
vt 0.381418 0.833333
vt 0.791667 0.743913
vt 0.791628 0.750000
vt 0.625000 0.916628
vt 0.618582 0.916667
vt 0.291667 0.509545
vt 0.291855 0.500000
vt 0.375000 0.416855
vt 0.381418 0.416667
vt 0.791667 0.506087
vt 0.791628 0.500000
vt 0.625000 0.333372
vt 0.618582 0.333333
vt 0.208333 0.740455
vt 0.208145 0.750000
vt 0.375000 0.916855
vt 0.381418 0.916667
vt 0.708333 0.743913
vt 0.708372 0.750000
vt 0.625000 0.833372
vt 0.618582 0.833333
vt 0.133667 0.583333
vt 0.125000 0.583045
vt 0.375000 0.166955
vt 0.381418 0.166667
vt 0.868913 0.666667
vt 0.875000 0.666628
vt 0.625000 0.083372
vt 0.618582 0.083333
vt 0.366333 0.666667
vt 0.375000 0.666955
vt 0.381418 0.666667
vt 0.631087 0.583333
vt 0.625000 0.583372
vt 0.618582 0.583333
vt 0.284907 0.666667
vt 0.291667 0.666667
vt 0.284906 0.583333
vt 0.291667 0.583333
vt 0.291667 0.589217
vt 0.284906 0.666667
vt 0.291667 0.666667
vt 0.291667 0.660783
vt 0.284907 0.583333
vt 0.291667 0.583333
vt 0.291667 0.589217
s 1
f 2345/2563/2899 2347/2564/2899 2348/2565/2899 2346/2566/2899
f 2353/2567/2900 2356/2568/2901 2357/2569/2902 2359/2570/2903
f 2354/2571/2904 2358/2572/2905 2357/2573/2906 2356/2574/2907
f 2355/2575/2908 2359/2576/2909 2357/2577/2910 2358/2578/2911
f 2360/2579/2912 2363/2580/2913 2364/2581/2914 2366/2582/2915
f 2361/2583/2916 2365/2584/2917 2364/2585/2918 2363/2586/2919
f 2362/2587/2899 2366/2588/2920 2364/2589/2921 2365/2590/2922
f 2367/2591/2908 2370/2592/2923 2371/2593/2924 2373/2594/2925
f 2368/2595/2926 2372/2596/2927 2371/2593/2928 2370/2592/2929
f 2369/2597/2930 2373/2598/2931 2371/2599/2932 2372/2600/2933
f 2374/2601/2899 2377/2602/2934 2378/2603/2935 2380/2604/2936
f 2375/2605/2937 2379/2606/2938 2378/2607/2939 2377/2608/2940
f 2376/2609/2912 2380/2610/2941 2378/2607/2942 2379/2606/2943
f 2381/2611/2944 2384/2612/2945 2385/2613/2946 2387/2614/2947
f 2382/2615/2904 2386/2616/2948 2385/2613/2949 2384/2612/2950
f 2383/2617/2951 2387/2614/2952 2385/2613/2953 2386/2616/2954
f 2388/2618/2899 2391/2619/2955 2392/2620/2956 2394/2621/2957
f 2389/2622/2916 2393/2623/2958 2392/2620/2959 2391/2619/2960
f 2390/2624/2961 2394/2621/2962 2392/2620/2963 2393/2623/2964
f 2395/2625/2926 2398/2626/2965 2399/2627/2966 2401/2628/2967
f 2396/2629/2944 2400/2630/2968 2399/2627/2969 2398/2626/2970
f 2397/2631/2971 2401/2628/2972 2399/2627/2973 2400/2630/2974
f 2402/2632/2899 2405/2633/2975 2406/2634/2976 2408/2635/2977
f 2403/2636/2961 2407/2637/2978 2406/2634/2979 2405/2633/2980
f 2404/2638/2937 2408/2635/2981 2406/2634/2982 2407/2637/2983
f 2457/2639/2984 2460/2640/2985 2461/2641/2986 2463/2642/2987
f 2458/2643/2988 2462/2644/2989 2461/2641/2986 2460/2640/2985
f 2459/2645/2990 2463/2642/2987 2461/2641/2986 2462/2644/2989
f 2464/2646/2991 2467/2647/2992 2468/2648/2993 2470/2649/2994
f 2465/2650/2995 2469/2651/2996 2468/2648/2993 2467/2647/2992
f 2466/2652/2997 2470/2649/2994 2468/2648/2993 2469/2651/2996
f 2471/2653/2998 2474/2654/2999 2475/2655/3000 2477/2656/3001
f 2472/2657/3002 2476/2658/3003 2475/2655/3000 2474/2654/2999
f 2473/2659/3004 2477/2656/3001 2475/2655/3000 2476/2658/3003
f 2478/2660/3005 2481/2661/3006 2482/2662/3007 2484/2663/3008
f 2479/2664/3009 2483/2665/3010 2482/2662/3007 2481/2661/3006
f 2480/2666/3011 2484/2663/3008 2482/2662/3007 2483/2665/3010
f 2485/2667/3012 2488/2642/3013 2489/2668/3014 2491/2669/3015
f 2486/2645/3016 2490/2670/3017 2489/2668/3018 2488/2642/3019
f 2487/2671/3020 2491/2669/3021 2489/2668/3022 2490/2670/3023
f 2492/2646/3024 2495/2672/3025 2496/2673/3026 2498/2674/3027
f 2493/2675/3020 2497/2650/3028 2496/2673/3029 2495/2672/3030
f 2494/2676/3031 2498/2674/3032 2496/2673/3033 2497/2650/3034
f 2499/2677/3035 2502/2677/3036 2503/2678/3037 2505/2654/3038
f 2500/2679/3020 2504/2680/3039 2503/2678/3040 2502/2677/3041
f 2501/2657/3016 2505/2654/3042 2503/2678/3043 2504/2680/3044
f 2506/2681/3045 2509/2663/3046 2510/2682/3047 2512/2683/3048
f 2507/2684/3049 2511/2685/3050 2510/2682/3051 2509/2663/3052
f 2508/2686/3020 2512/2683/3053 2510/2682/3054 2511/2685/3055
f 2525/2687/3056 2528/2688/3057 2529/2689/3058 2531/2690/3059
f 2526/2691/3060 2530/2688/3061 2529/2689/3062 2528/2688/3063
f 2527/2692/3064 2531/2690/3059 2529/2689/3058 2530/2688/3065
f 2532/2693/3066 2535/2694/3067 2536/2695/3068 2538/2696/3069
f 2533/2697/3070 2537/2696/3071 2536/2695/3068 2535/2694/3067
f 2534/2698/3072 2538/2696/3073 2536/2695/3074 2537/2696/3075
f 2539/2699/3076 2542/2647/3077 2543/2700/3078 2545/2701/3079
f 2540/2702/3080 2544/2647/3081 2543/2700/3082 2542/2647/3083
f 2541/2703/3084 2545/2701/3079 2543/2700/3078 2544/2647/3085
f 2546/2646/3086 2549/2704/3087 2550/2705/3088 2552/2674/3089
f 2547/2706/3090 2551/2674/3091 2550/2705/3088 2549/2704/3087
f 2548/2707/3092 2552/2674/3093 2550/2705/3094 2551/2674/3095
f 2553/2708/3096 2556/2709/3097 2557/2710/3098 2559/2711/3099
f 2554/2712/3100 2558/2711/3101 2557/2710/3098 2556/2709/3097
f 2555/2711/3102 2559/2711/3099 2557/2710/3098 2558/2711/3103
f 2560/2713/3104 2563/2711/3105 2564/2714/3106 2566/2715/3107
f 2561/2711/3108 2565/2711/3109 2564/2714/3110 2563/2711/3111
f 2562/2716/3112 2566/2715/3107 2564/2714/3106 2565/2711/3113
f 2567/2717/3114 2570/2718/3115 2571/2719/3116 2573/2711/3117
f 2568/2720/3118 2572/2711/3119 2571/2719/3116 2570/2718/3115
f 2569/2711/3120 2573/2711/3121 2571/2719/3122 2572/2711/3123
f 2574/2721/3124 2577/2711/3125 2578/2722/3126 2580/2723/3127
f 2575/2711/3128 2579/2711/3129 2578/2722/3126 2577/2711/3125
f 2576/2720/3130 2580/2723/3127 2578/2722/3126 2579/2711/3131
f 2581/2711/3132 2584/2711/3133 2585/2711/3134 2587/2711/3135
f 2582/2711/3136 2586/2711/3137 2585/2711/3138 2584/2711/3139
f 2583/2711/3140 2587/2711/3141 2585/2711/3142 2586/2711/3143
f 2588/2711/3144 2591/2711/3145 2592/2711/3146 2594/2711/3147
f 2589/2711/3148 2593/2711/3149 2592/2711/3150 2591/2711/3151
f 2590/2711/3152 2594/2711/3153 2592/2711/3154 2593/2711/3155
f 2595/2711/3156 2598/2711/3157 2599/2711/3158 2601/2711/3159
f 2596/2711/3160 2600/2711/3161 2599/2711/3162 2598/2711/3163
f 2597/2711/3164 2601/2711/3165 2599/2711/3166 2600/2711/3167
f 2602/2711/3168 2605/2711/3169 2606/2711/3170 2608/2711/3171
f 2603/2711/3172 2607/2711/3173 2606/2711/3174 2605/2711/3175
f 2604/2711/3176 2608/2711/3177 2606/2711/3178 2607/2711/3179
f 2609/2711/3132 2612/2711/3180 2613/2711/3181 2615/2711/3182
f 2610/2711/3183 2614/2711/3184 2613/2711/3185 2612/2711/3186
f 2611/2711/3024 2615/2711/3187 2613/2711/3188 2614/2711/3189
f 2616/2711/3024 2619/2711/3190 2620/2711/3191 2622/2711/3192
f 2617/2711/3024 2621/2711/3193 2620/2711/3194 2619/2711/3195
f 2618/2711/3183 2622/2711/3196 2620/2711/3197 2621/2711/3198
f 2623/2711/3199 2626/2711/3200 2627/2711/3201 2629/2711/3202
f 2624/2711/3164 2628/2711/3203 2627/2711/3204 2626/2711/3205
f 2625/2711/3024 2629/2711/3206 2627/2711/3207 2628/2711/3208
f 2630/2711/3209 2633/2711/3210 2634/2711/3211 2636/2711/3212
f 2631/2711/3213 2635/2711/3214 2634/2711/3215 2633/2711/3216
f 2632/2711/3217 2636/2711/3218 2634/2711/3219 2635/2711/3220
f 2437/2724/3221 2353/2567/2900 2359/2570/2903 2438/2725/3222
f 2438/2726/3223 2359/2576/2909 2355/2575/2908 2436/2727/3224
f 2354/2571/2904 2361/2583/2916 2363/2586/2919 2358/2572/2905
f 2358/2578/2911 2363/2580/2913 2360/2579/2912 2355/2575/2908
f 2443/2728/2899 2374/2601/2899 2380/2604/2936 2444/2729/3225
f 2444/2730/3226 2380/2610/2941 2376/2609/2912 2442/2731/2912
f 2375/2605/2937 2368/2595/2926 2370/2592/2929 2379/2606/2938
f 2379/2606/2943 2370/2592/2923 2367/2591/2908 2376/2609/2912
f 2413/2732/3227 2369/2597/2930 2372/2600/2933 2414/2733/3228
f 2414/2734/3229 2372/2596/2927 2368/2595/2926 2412/2735/2926
f 2419/2736/2899 2402/2632/2899 2408/2635/2977 2420/2737/3230
f 2420/2738/3231 2408/2635/2981 2404/2638/2937 2418/2739/2937
f 2403/2636/2961 2396/2629/2944 2398/2626/2970 2407/2637/2978
f 2407/2637/2983 2398/2626/2965 2395/2625/2926 2404/2638/2937
f 2449/2740/3232 2397/2631/2971 2400/2630/2974 2450/2741/3233
f 2450/2741/3234 2400/2630/2968 2396/2629/2944 2448/2742/3235
f 2455/2743/2899 2388/2618/2899 2394/2621/2957 2456/2744/3236
f 2456/2744/3237 2394/2621/2962 2390/2624/2961 2454/2745/2961
f 2389/2622/2916 2382/2615/2904 2384/2612/2950 2393/2623/2958
f 2393/2623/2964 2384/2612/2945 2381/2611/2944 2390/2624/2961
f 2425/2746/3238 2383/2617/2951 2386/2616/2954 2426/2747/3239
f 2426/2748/3240 2386/2616/2948 2382/2615/2904 2424/2749/2904
f 2431/2750/2899 2362/2587/2899 2365/2590/2922 2432/2751/3241
f 2432/2752/3242 2365/2584/2917 2361/2583/2916 2430/2753/2916
f 2397/2631/2971 2409/2754/3243 2411/2755/3244 2401/2628/2972
f 2401/2628/2967 2411/2756/3245 2410/2757/2926 2395/2625/2926
f 2409/2754/3243 2413/2732/3227 2414/2733/3228 2411/2755/3244
f 2411/2756/3245 2414/2734/3229 2412/2735/2926 2410/2757/2926
f 2374/2601/2899 2415/2758/2899 2417/2759/3230 2377/2602/2934
f 2377/2608/2940 2417/2760/3231 2416/2761/2937 2375/2605/2937
f 2415/2758/2899 2419/2736/2899 2420/2737/3230 2417/2759/3230
f 2417/2760/3231 2420/2738/3231 2418/2739/2937 2416/2761/2937
f 2353/2567/2900 2421/2762/3246 2423/2763/3247 2356/2568/2901
f 2356/2574/2907 2423/2764/3248 2422/2765/2904 2354/2571/2904
f 2421/2762/3246 2425/2746/3238 2426/2747/3239 2423/2763/3247
f 2423/2764/3248 2426/2748/3240 2424/2749/2904 2422/2765/2904
f 2388/2618/2899 2427/2766/2899 2429/2767/3241 2391/2619/2955
f 2391/2619/2960 2429/2768/3242 2428/2769/2916 2389/2622/2916
f 2427/2766/2899 2431/2750/2899 2432/2751/3241 2429/2767/3241
f 2429/2768/3242 2432/2752/3242 2430/2753/2916 2428/2769/2916
f 2369/2597/2930 2433/2770/3249 2435/2771/3250 2373/2598/2931
f 2373/2594/2925 2435/2772/3251 2434/2773/3224 2367/2591/2908
f 2433/2770/3249 2437/2724/3221 2438/2725/3222 2435/2771/3250
f 2435/2772/3251 2438/2726/3223 2436/2727/3224 2434/2773/3224
f 2362/2587/2899 2439/2774/2899 2441/2775/3225 2366/2588/2920
f 2366/2582/2915 2441/2776/3226 2440/2777/2912 2360/2579/2912
f 2439/2774/2899 2443/2728/2899 2444/2729/3225 2441/2775/3225
f 2441/2776/3226 2444/2730/3226 2442/2731/2912 2440/2777/2912
f 2383/2617/2951 2445/2778/3252 2447/2779/3253 2387/2614/2952
f 2387/2614/2947 2447/2779/3254 2446/2780/3235 2381/2611/2944
f 2445/2778/3252 2449/2740/3232 2450/2741/3233 2447/2779/3253
f 2447/2779/3254 2450/2741/3234 2448/2742/3235 2446/2780/3235
f 2402/2632/2899 2451/2781/2899 2453/2782/3236 2405/2633/2975
f 2405/2633/2980 2453/2782/3237 2452/2783/2961 2403/2636/2961
f 2451/2781/2899 2455/2743/2899 2456/2744/3236 2453/2782/3236
f 2453/2782/3237 2456/2744/3237 2454/2745/2961 2452/2783/2961
f 2457/2639/3255 2464/2646/3256 2470/2649/3257 2460/2640/3258
f 2460/2640/2985 2470/2649/2994 2466/2652/2997 2458/2643/2988
f 2473/2659/3004 2479/2664/3009 2481/2661/3006 2477/2656/3001
f 2477/2656/3259 2481/2661/3260 2478/2660/3261 2471/2653/3262
f 2472/2657/3263 2459/2645/3264 2462/2644/3265 2476/2658/3266
f 2476/2658/3003 2462/2644/2989 2458/2643/2988 2473/2659/3004
f 2479/2664/3009 2466/2652/2997 2469/2651/2996 2483/2665/3010
f 2483/2665/3267 2469/2651/3268 2465/2650/3269 2480/2666/3270
f 2487/2671/3020 2493/2675/3020 2495/2672/3030 2491/2669/3021
f 2491/2669/3015 2495/2672/3025 2492/2646/3024 2485/2667/3012
f 2499/2677/3035 2506/2681/3045 2512/2683/3048 2502/2677/3036
f 2502/2677/3041 2512/2683/3053 2508/2686/3020 2500/2679/3020
f 2500/2679/3020 2487/2671/3020 2490/2670/3023 2504/2680/3039
f 2504/2680/3044 2490/2670/3017 2486/2645/3016 2501/2657/3016
f 2507/2684/3049 2494/2676/3031 2497/2650/3034 2511/2685/3050
f 2511/2685/3055 2497/2650/3028 2493/2675/3020 2508/2686/3020
f 2517/2784/3271 2507/2684/3049 2509/2663/3052 2518/2785/3272
f 2518/2785/3273 2509/2663/3046 2506/2681/3045 2516/2681/3035
f 2523/2786/3274 2472/2657/3275 2474/2654/3276 2524/2787/3277
f 2524/2787/3278 2474/2654/3279 2471/2653/3280 2522/2788/3035
f 2534/2698/3072 2486/2645/3016 2488/2642/3019 2538/2696/3073
f 2538/2696/3281 2488/2642/3013 2485/2667/3012 2532/2693/3282
f 2548/2707/3092 2465/2650/3283 2467/2647/3284 2552/2674/3093
f 2552/2674/3285 2467/2647/3286 2464/2646/3287 2546/2646/3288
f 2480/2666/3289 2513/2789/3290 2515/2790/3272 2484/2663/3291
f 2484/2663/3292 2515/2790/3273 2514/2791/3035 2478/2660/3293
f 2513/2789/3290 2517/2784/3271 2518/2785/3272 2515/2790/3272
f 2515/2790/3273 2518/2785/3273 2516/2681/3035 2514/2791/3035
f 2501/2657/3016 2519/2792/3294 2521/2793/3277 2505/2654/3042
f 2505/2654/3038 2521/2793/3278 2520/2794/3035 2499/2677/3035
f 2519/2792/3294 2523/2786/3274 2524/2787/3277 2521/2793/3277
f 2521/2793/3278 2524/2787/3278 2522/2788/3035 2520/2794/3035
f 2459/2645/3295 2526/2691/3060 2528/2688/3063 2463/2642/3296
f 2463/2642/3297 2528/2688/3298 2525/2687/3299 2457/2639/3300
f 2494/2676/3031 2540/2702/3080 2542/2647/3083 2498/2674/3032
f 2498/2674/3027 2542/2647/3301 2539/2699/3302 2492/2646/3024
f 2527/2692/3303 2547/2706/3304 2549/2704/3305 2531/2690/3306
f 2531/2690/3307 2549/2704/3308 2546/2646/3309 2525/2687/3310
f 2532/2693/3311 2539/2699/3312 2545/2701/3313 2535/2694/3314
f 2535/2694/3315 2545/2701/3316 2541/2703/3317 2533/2697/3318
f 2540/2702/3080 2568/2720/3319 2570/2718/3320 2544/2647/3081
f 2544/2647/3321 2570/2718/3322 2567/2717/3323 2541/2703/3324
f 2562/2716/3325 2534/2698/3072 2537/2696/3075 2566/2715/3326
f 2566/2715/3327 2537/2696/3328 2533/2697/3329 2560/2713/3330
f 2547/2706/3331 2574/2721/3332 2580/2723/3333 2551/2674/3334
f 2551/2674/3095 2580/2723/3335 2576/2720/3336 2548/2707/3092
f 2553/2708/3337 2527/2692/3338 2530/2688/3339 2556/2709/3340
f 2556/2709/3341 2530/2688/3061 2526/2691/3060 2554/2712/3342
f 2604/2711/3176 2582/2711/3136 2584/2711/3139 2608/2711/3177
f 2608/2711/3171 2584/2711/3133 2581/2711/3132 2602/2711/3168
f 2595/2711/3156 2588/2711/3144 2594/2711/3147 2598/2711/3157
f 2598/2711/3163 2594/2711/3153 2590/2711/3152 2596/2711/3160
f 2596/2711/3160 2604/2711/3176 2607/2711/3179 2600/2711/3161
f 2600/2711/3167 2607/2711/3173 2603/2711/3172 2597/2711/3164
f 2589/2711/3148 2583/2711/3140 2586/2711/3143 2593/2711/3149
f 2593/2711/3155 2586/2711/3137 2582/2711/3136 2590/2711/3152
f 2561/2711/3108 2555/2711/3102 2558/2711/3103 2565/2711/3109
f 2565/2711/3343 2558/2711/3344 2554/2712/3345 2562/2716/3346
f 2568/2720/3347 2576/2720/3348 2579/2711/3349 2572/2711/3350
f 2572/2711/3123 2579/2711/3129 2575/2711/3128 2569/2711/3120
f 2569/2711/3120 2561/2711/3108 2563/2711/3111 2573/2711/3121
f 2573/2711/3117 2563/2711/3105 2560/2713/3104 2567/2717/3114
f 2574/2721/3124 2553/2708/3096 2559/2711/3099 2577/2711/3125
f 2577/2711/3125 2559/2711/3099 2555/2711/3102 2575/2711/3128
f 2630/2711/3209 2609/2711/3132 2615/2711/3182 2633/2711/3210
f 2633/2711/3216 2615/2711/3187 2611/2711/3024 2631/2711/3213
f 2625/2711/3024 2617/2711/3024 2619/2711/3195 2629/2711/3206
f 2629/2711/3202 2619/2711/3190 2616/2711/3024 2623/2711/3199
f 2624/2711/3164 2632/2711/3217 2635/2711/3220 2628/2711/3203
f 2628/2711/3208 2635/2711/3214 2631/2711/3213 2625/2711/3024
f 2617/2711/3024 2611/2711/3024 2614/2711/3189 2621/2711/3193
f 2621/2711/3198 2614/2711/3184 2610/2711/3183 2618/2711/3183
f 2623/2711/3351 2595/2711/3352 2601/2711/3353 2626/2711/3354
f 2626/2711/3205 2601/2711/3165 2597/2711/3164 2624/2711/3164
f 2602/2711/3355 2630/2711/3356 2636/2711/3357 2605/2711/3358
f 2605/2711/3175 2636/2711/3218 2632/2711/3217 2603/2711/3172
f 2583/2711/3140 2610/2711/3183 2612/2711/3186 2587/2711/3141
f 2587/2711/3135 2612/2711/3180 2609/2711/3132 2581/2711/3132
f 2588/2711/3144 2616/2711/3024 2622/2711/3192 2591/2711/3145
f 2591/2711/3151 2622/2711/3196 2618/2711/3183 2589/2711/3148
f 2355/2575/2908 2360/2579/2908 2440/2777/2908 2436/2727/2908
f 2422/2765/2916 2430/2753/2916 2361/2583/2916 2354/2571/2916
f 2437/2724/3359 2466/2652/3360 2421/2762/3361 2353/2567/2900
f 2348/2565/2899 2439/2774/2899 2362/2587/2899 2431/2750/2899
f 2368/2595/2937 2375/2605/2937 2416/2761/2937 2412/2735/2937
f 2369/2597/2930 2413/2732/3362 2458/2643/3363 2433/2770/3364
f 2434/2773/2908 2442/2731/2908 2376/2609/2908 2367/2591/2908
f 2415/2758/2899 2374/2601/2899 2443/2728/2899 2347/2564/2899
f 2382/2615/2916 2389/2622/2916 2428/2769/2916 2424/2749/2916
f 2479/2664/3365 2445/2778/3366 2383/2617/2951 2425/2746/3367
f 2446/2780/2944 2454/2745/2944 2390/2624/2944 2381/2611/2944
f 2455/2743/2899 2346/2566/2899 2427/2766/2899 2388/2618/2899
f 2396/2629/2944 2403/2636/2944 2452/2783/2944 2448/2742/2944
f 2409/2754/3368 2397/2631/2971 2449/2740/3369 2473/2659/3370
f 2410/2757/2937 2418/2739/2937 2404/2638/2937 2395/2625/2937
f 2402/2632/2899 2419/2736/2899 2345/2563/2899 2451/2781/2899
f 2412/2735/2937 2416/2761/2937 2418/2739/2937 2410/2757/2937
f 2413/2732/3362 2409/2754/3368 2473/2659/3370 2458/2643/3363
f 2419/2736/2899 2415/2758/2899 2347/2564/2899 2345/2563/2899
f 2424/2749/2916 2428/2769/2916 2430/2753/2916 2422/2765/2916
f 2466/2652/3360 2479/2664/3365 2425/2746/3367 2421/2762/3361
f 2346/2566/2899 2348/2565/2899 2431/2750/2899 2427/2766/2899
f 2436/2727/2908 2440/2777/2908 2442/2731/2908 2434/2773/2908
f 2433/2770/3364 2458/2643/3363 2466/2652/3360 2437/2724/3359
f 2347/2564/2899 2443/2728/2899 2439/2774/2899 2348/2565/2899
f 2448/2742/2944 2452/2783/2944 2454/2745/2944 2446/2780/2944
f 2473/2659/3370 2449/2740/3369 2445/2778/3366 2479/2664/3365
f 2451/2781/2899 2345/2563/2899 2346/2566/2899 2455/2743/2899
f 2464/2646/3024 2457/2639/3024 2525/2687/3024 2546/2646/3024
f 2459/2645/3371 2472/2657/3371 2523/2786/3274 2526/2691/3372
f 2480/2666/3373 2465/2650/3373 2548/2707/3374 2513/2789/3290
f 2471/2653/3035 2478/2660/3035 2514/2791/3035 2522/2788/3035
f 2539/2699/3024 2532/2693/3024 2485/2667/3024 2492/2646/3024
f 2487/2671/3020 2500/2679/3020 2508/2686/3020 2493/2675/3020
f 2534/2698/3375 2519/2792/3294 2501/2657/3016 2486/2645/3016
f 2517/2784/3271 2540/2702/3376 2494/2676/3031 2507/2684/3031
f 2520/2794/3035 2516/2681/3035 2506/2681/3035 2499/2677/3035
f 2522/2788/3035 2514/2791/3035 2516/2681/3035 2520/2794/3035
f 2513/2789/3290 2548/2707/3374 2540/2702/3376 2517/2784/3271
f 2526/2691/3372 2523/2786/3274 2519/2792/3294 2534/2698/3375
f 2553/2708/3377 2574/2721/3377 2547/2706/3377 2527/2692/3377
f 2526/2691/3372 2534/2698/3375 2562/2716/3378 2554/2712/3378
f 2560/2713/3379 2533/2697/3379 2541/2703/3379 2567/2717/3379
f 2548/2707/3374 2576/2720/3380 2568/2720/3380 2540/2702/3376
f 2575/2711/3381 2555/2711/3382 2582/2711/3383 2604/2711/3384
f 2555/2711/3382 2561/2711/3385 2590/2711/3386 2582/2711/3383
f 2561/2711/3385 2569/2711/3387 2596/2711/3388 2590/2711/3386
f 2569/2711/3387 2575/2711/3381 2604/2711/3384 2596/2711/3388
f 2583/2711/3183 2589/2711/3183 2618/2711/3183 2610/2711/3183
f 2602/2711/3389 2581/2711/3389 2609/2711/3389 2630/2711/3389
f 2588/2711/3024 2595/2711/3024 2623/2711/3024 2616/2711/3024
f 2597/2711/3217 2603/2711/3217 2632/2711/3217 2624/2711/3217
f 2611/2711/3024 2617/2711/3024 2625/2711/3024 2631/2711/3024
