# Blender 5.1.2
# www.blender.org
mtllib cubicle.mtl
o Cube
v -0.050000 0.786171 0.000000
v 0.000000 0.786171 -0.050000
v 0.050000 0.786171 0.000000
v -0.000000 0.786171 0.050000
v 0.000000 0.016940 0.000000
v 0.000000 1.555402 0.000000
v -0.047000 0.016939 0.047000
v -0.047000 0.063093 0.050000
v -0.050000 0.063093 0.047000
v -0.047000 0.030458 0.049121
v -0.048732 0.036446 0.048732
v -0.049121 0.063093 0.049121
v -0.049121 0.030458 0.047000
v -0.047000 1.509248 0.050000
v -0.047000 1.555402 0.047000
v -0.050000 1.509248 0.047000
v -0.047000 1.541884 0.049121
v -0.048732 1.535895 0.048732
v -0.049121 1.541884 0.047000
v -0.049121 1.509248 0.049121
v -0.047000 0.016939 -0.047000
v -0.050000 0.063093 -0.047000
v -0.047000 0.063093 -0.050000
v -0.049121 0.030458 -0.047000
v -0.048732 0.036446 -0.048732
v -0.049121 0.063093 -0.049121
v -0.047000 0.030458 -0.049121
v -0.047000 1.555402 -0.047000
v -0.047000 1.509248 -0.050000
v -0.050000 1.509248 -0.047000
v -0.047000 1.541884 -0.049121
v -0.048732 1.535895 -0.048732
v -0.049121 1.509248 -0.049121
v -0.049121 1.541884 -0.047000
v 0.047000 0.016939 0.047000
v 0.050000 0.063093 0.047000
v 0.047000 0.063093 0.050000
v 0.049121 0.030458 0.047000
v 0.048732 0.036446 0.048732
v 0.049121 0.063093 0.049121
v 0.047000 0.030458 0.049121
v 0.047000 1.555402 0.047000
v 0.047000 1.509248 0.050000
v 0.050000 1.509248 0.047000
v 0.047000 1.541884 0.049121
v 0.048732 1.535895 0.048732
v 0.049121 1.509248 0.049121
v 0.049121 1.541884 0.047000
v 0.047000 0.016939 -0.047000
v 0.047000 0.063093 -0.050000
v 0.050000 0.063093 -0.047000
v 0.047000 0.030458 -0.049121
v 0.048732 0.036446 -0.048732
v 0.049121 0.063093 -0.049121
v 0.049121 0.030458 -0.047000
v 0.047000 1.555402 -0.047000
v 0.050000 1.509248 -0.047000
v 0.047000 1.509248 -0.050000
v 0.049121 1.541884 -0.047000
v 0.048732 1.535895 -0.048732
v 0.049121 1.509248 -0.049121
v 0.047000 1.541884 -0.049121
v -0.047000 0.016939 0.000000
v -0.050000 0.063093 0.000000
v -0.049121 0.030458 0.000000
v -0.047000 0.786171 0.050000
v -0.050000 0.786171 0.047000
v -0.049121 0.786171 0.049121
v -0.047000 1.555402 0.000000
v -0.050000 1.509248 0.000000
v -0.049121 1.541884 0.000000
v -0.047000 0.786171 -0.050000
v -0.050000 0.786171 -0.047000
v -0.049121 0.786171 -0.049121
v 0.000000 0.016939 -0.047000
v 0.000000 0.063093 -0.050000
v 0.000000 0.030458 -0.049121
v 0.000000 1.555402 -0.047000
v 0.000000 1.509248 -0.050000
v 0.000000 1.541884 -0.049121
v 0.050000 0.786171 -0.047000
v 0.047000 0.786171 -0.050000
v 0.049121 0.786171 -0.049121
v 0.047000 0.016939 0.000000
v 0.050000 0.063093 0.000000
v 0.049121 0.030458 0.000000
v 0.047000 1.555402 0.000000
v 0.050000 1.509248 0.000000
v 0.049121 1.541884 0.000000
v 0.047000 0.786171 0.050000
v 0.050000 0.786171 0.047000
v 0.049121 0.786171 0.049121
v 0.000000 0.016939 0.047000
v -0.000000 0.063093 0.050000
v -0.000000 0.030458 0.049121
v 0.000000 1.555402 0.047000
v -0.000000 1.509248 0.050000
v -0.000000 1.541884 0.049121
vn -0.0006 -1.0000 0.0002
vn -0.5548 -0.2368 0.7976
vn -0.7016 -0.1246 0.7016
vn -0.6743 -0.1747 0.7175
vn -0.0000 -0.0000 1.0000
vn -0.2139 -0.0097 0.9768
vn -0.3436 -0.0223 0.9388
vn -0.1505 -0.0141 0.9885
vn -1.0000 -0.0000 -0.0000
vn -0.9986 -0.0174 0.0500
vn -0.9388 -0.0223 0.3436
vn -0.9768 -0.0097 0.2139
vn -0.1505 0.0141 0.9885
vn -0.3436 0.0223 0.9388
vn -0.2433 0.0168 0.9698
vn -0.0002 1.0000 0.0006
vn -0.7976 0.2368 0.5548
vn -0.7016 0.1246 0.7016
vn -0.5548 0.2368 0.7976
vn -0.9658 0.0031 0.2594
vn -0.9388 0.0223 0.3436
vn -0.9885 0.0141 0.1505
vn -0.0002 -1.0000 -0.0006
vn -0.7976 -0.2368 -0.5548
vn -0.7016 -0.1246 -0.7016
vn -0.7175 -0.1747 -0.6743
vn -0.9768 -0.0097 -0.2139
vn -0.9388 -0.0223 -0.3436
vn -0.9885 -0.0141 -0.1505
vn -0.0000 -0.0000 -1.0000
vn -0.0500 -0.0174 -0.9986
vn -0.3436 -0.0223 -0.9388
vn -0.2139 -0.0097 -0.9768
vn -0.0006 1.0000 -0.0002
vn -0.5548 0.2368 -0.7976
vn -0.7016 0.1246 -0.7016
vn -0.6743 0.1747 -0.7175
vn -0.2139 0.0097 -0.9768
vn -0.3436 0.0223 -0.9388
vn -0.1505 0.0141 -0.9885
vn -0.9986 0.0174 -0.0500
vn -0.9388 0.0223 -0.3436
vn -0.9768 0.0097 -0.2139
vn 0.0002 -1.0000 0.0006
vn 0.7976 -0.2368 0.5548
vn 0.7016 -0.1246 0.7016
vn 0.7175 -0.1747 0.6743
vn 1.0000 -0.0000 -0.0000
vn 0.9768 -0.0097 0.2139
vn 0.9388 -0.0223 0.3436
vn 0.9885 -0.0141 0.1505
vn 0.0500 -0.0174 0.9986
vn 0.3436 -0.0223 0.9388
vn 0.2139 -0.0097 0.9768
vn 0.0006 1.0000 0.0002
vn 0.5548 0.2368 0.7976
vn 0.7016 0.1246 0.7016
vn 0.6743 0.1747 0.7175
vn 0.2139 0.0097 0.9768
vn 0.3436 0.0223 0.9388
vn 0.1505 0.0141 0.9885
vn 0.9986 0.0174 0.0500
vn 0.9388 0.0223 0.3436
vn 0.9768 0.0097 0.2139
vn 0.0006 -1.0000 -0.0002
vn 0.5548 -0.2368 -0.7976
vn 0.7016 -0.1246 -0.7016
vn 0.6743 -0.1747 -0.7175
vn 0.2139 -0.0097 -0.9768
vn 0.3436 -0.0223 -0.9388
vn 0.1505 -0.0141 -0.9885
vn 0.9986 -0.0174 -0.0500
vn 0.9388 -0.0223 -0.3436
vn 0.9768 -0.0097 -0.2139
vn 0.0002 1.0000 -0.0006
vn 0.7976 0.2368 -0.5548
vn 0.7016 0.1246 -0.7016
vn 0.7175 0.1747 -0.6743
vn 0.9768 0.0097 -0.2139
vn 0.9388 0.0223 -0.3436
vn 0.9885 0.0141 -0.1505
vn 0.0500 0.0174 -0.9986
vn 0.3436 0.0223 -0.9388
vn 0.2139 0.0097 -0.9768
vn -0.0006 -1.0000 0.0003
vn -0.9879 -0.1550 -0.0000
vn -0.9996 -0.0269 -0.0000
vn -0.3827 -0.0000 0.9239
vn -0.9239 -0.0000 0.3827
vn -0.0006 1.0000 -0.0003
vn -0.9879 0.1550 -0.0000
vn -0.9996 0.0269 -0.0000
vn -0.3827 -0.0000 -0.9239
vn -0.9239 -0.0000 -0.3827
vn -0.0003 -1.0000 -0.0005
vn -0.0000 -0.1550 -0.9879
vn -0.0000 -0.0269 -0.9996
vn 0.0003 1.0000 -0.0005
vn -0.0000 0.1550 -0.9879
vn -0.0000 0.0269 -0.9996
vn 0.9239 -0.0000 -0.3827
vn 0.3827 -0.0000 -0.9239
vn 0.0006 -1.0000 -0.0003
vn 0.9879 -0.1550 -0.0000
vn 0.9996 -0.0269 -0.0000
vn 0.0006 1.0000 0.0003
vn 0.9879 0.1550 -0.0000
vn 0.9996 0.0269 -0.0000
vn 0.3827 -0.0000 0.9239
vn 0.9239 -0.0000 0.3827
vn 0.0003 -1.0000 0.0005
vn -0.0000 -0.1550 0.9879
vn -0.0000 -0.0269 0.9996
vn -0.0003 1.0000 0.0005
vn -0.0000 0.1550 0.9879
vn -0.0000 0.0269 0.9996
vn -0.0000 -1.0000 -0.0000
vn -0.0000 1.0000 -0.0000
vt 0.132500 0.742500
vt 0.132500 0.750000
vt 0.128170 0.750000
vt 0.125000 0.742500
vt 0.382500 0.992500
vt 0.382500 1.000000
vt 0.378170 1.000000
vt 0.375000 0.992500
vt 0.382500 0.007500
vt 0.375000 0.007500
vt 0.375000 0.003170
vt 0.382500 0.000000
vt 0.617500 0.992500
vt 0.625000 0.992500
vt 0.625000 0.996830
vt 0.617500 1.000000
vt 0.867500 0.742500
vt 0.875000 0.742500
vt 0.875000 0.746830
vt 0.867500 0.750000
vt 0.617500 0.007500
vt 0.617500 0.000000
vt 0.621830 0.000000
vt 0.625000 0.007500
vt 0.132500 0.507500
vt 0.125000 0.507500
vt 0.125000 0.503170
vt 0.132500 0.500000
vt 0.382500 0.242500
vt 0.382500 0.250000
vt 0.376585 0.251585
vt 0.375000 0.242500
vt 0.382500 0.257500
vt 0.375000 0.257500
vt 0.867500 0.507500
vt 0.867500 0.500000
vt 0.871830 0.500000
vt 0.875000 0.507500
vt 0.617500 0.257500
vt 0.617500 0.250000
vt 0.623415 0.248415
vt 0.625000 0.257500
vt 0.617500 0.242500
vt 0.625000 0.242500
vt 0.367500 0.742500
vt 0.375000 0.742500
vt 0.376057 0.750000
vt 0.371250 0.753750
vt 0.382500 0.742500
vt 0.382500 0.750000
vt 0.382500 0.757500
vt 0.632500 0.742500
vt 0.628750 0.753750
vt 0.625000 0.748944
vt 0.625000 0.742500
vt 0.617500 0.757500
vt 0.617500 0.750000
vt 0.617500 0.742500
vt 0.367500 0.507500
vt 0.371250 0.496250
vt 0.375000 0.501057
vt 0.375000 0.507500
vt 0.382500 0.492500
vt 0.382500 0.500000
vt 0.382500 0.507500
vt 0.632500 0.507500
vt 0.625000 0.507500
vt 0.623943 0.500000
vt 0.628750 0.496250
vt 0.617500 0.507500
vt 0.617500 0.500000
vt 0.617500 0.492500
vt 0.132500 0.625000
vt 0.125000 0.625000
vt 0.375000 0.125000
vt 0.382500 0.125000
vt 0.500000 0.992500
vt 0.500000 1.000000
vt 0.500000 0.000000
vt 0.500000 0.007500
vt 0.867500 0.625000
vt 0.875000 0.625000
vt 0.625000 0.125000
vt 0.617500 0.125000
vt 0.500000 0.257500
vt 0.500000 0.250000
vt 0.500000 0.242500
vt 0.250000 0.507500
vt 0.250000 0.500000
vt 0.375000 0.375000
vt 0.382500 0.375000
vt 0.750000 0.507500
vt 0.750000 0.500000
vt 0.625000 0.375000
vt 0.617500 0.375000
vt 0.500000 0.507500
vt 0.500000 0.500000
vt 0.500000 0.492500
vt 0.367500 0.625000
vt 0.375000 0.625000
vt 0.382500 0.625000
vt 0.632500 0.625000
vt 0.625000 0.625000
vt 0.617500 0.625000
vt 0.500000 0.757500
vt 0.500000 0.750000
vt 0.500000 0.742500
vt 0.250000 0.742500
vt 0.250000 0.750000
vt 0.375000 0.875000
vt 0.382500 0.875000
vt 0.750000 0.742500
vt 0.750000 0.750000
vt 0.625000 0.875000
vt 0.617500 0.875000
vt 0.250000 0.625000
vt 0.500000 0.125000
vt 0.500000 0.875000
vt 0.750000 0.625000
vt 0.500000 0.375000
vt 0.500000 0.625000
s 1
f 7/1/1 10/2/2 11/3/3 13/4/4
f 8/5/5 12/6/6 11/7/7 10/8/8
f 9/9/9 13/10/10 11/11/11 12/12/12
f 14/13/5 17/14/13 18/15/14 20/16/15
f 15/17/16 19/18/17 18/19/18 17/20/19
f 16/21/9 20/22/20 18/23/21 19/24/22
f 21/25/23 24/26/24 25/27/25 27/28/26
f 22/29/9 26/30/27 25/31/28 24/32/29
f 23/33/30 27/34/31 25/31/32 26/30/33
f 28/35/34 31/36/35 32/37/36 34/38/37
f 29/39/30 33/40/38 32/41/39 31/42/40
f 30/43/9 34/44/41 32/41/42 33/40/43
f 35/45/44 38/46/45 39/47/46 41/48/47
f 36/49/48 40/50/49 39/47/50 38/46/51
f 37/51/5 41/48/52 39/47/53 40/50/54
f 42/52/55 45/53/56 46/54/57 48/55/58
f 43/56/5 47/57/59 46/54/60 45/53/61
f 44/58/48 48/55/62 46/54/63 47/57/64
f 49/59/65 52/60/66 53/61/67 55/62/68
f 50/63/30 54/64/69 53/61/70 52/60/71
f 51/65/48 55/62/72 53/61/73 54/64/74
f 56/66/75 59/67/76 60/68/77 62/69/78
f 57/70/48 61/71/79 60/68/80 59/67/81
f 58/72/30 62/69/82 60/68/83 61/71/84
f 21/25/23 63/73/85 65/74/86 24/26/24
f 24/32/29 65/75/87 64/76/9 22/29/9
f 63/73/85 7/1/1 13/4/4 65/74/86
f 65/75/87 13/10/10 9/9/9 64/76/9
f 8/5/5 66/77/5 68/78/88 12/6/6
f 12/12/12 68/79/89 67/80/9 9/9/9
f 66/77/5 14/13/5 20/16/15 68/78/88
f 68/79/89 20/22/20 16/21/9 67/80/9
f 15/17/16 69/81/90 71/82/91 19/18/17
f 19/24/22 71/83/92 70/84/9 16/21/9
f 69/81/90 28/35/34 34/38/37 71/82/91
f 71/83/92 34/44/41 30/43/9 70/84/9
f 29/39/30 72/85/30 74/86/93 33/40/38
f 33/40/43 74/86/94 73/87/9 30/43/9
f 72/85/30 23/33/30 26/30/33 74/86/93
f 74/86/94 26/30/27 22/29/9 73/87/9
f 49/59/65 75/88/95 77/89/96 52/60/66
f 52/60/71 77/90/97 76/91/30 50/63/30
f 75/88/95 21/25/23 27/28/26 77/89/96
f 77/90/97 27/34/31 23/33/30 76/91/30
f 28/35/34 78/92/98 80/93/99 31/36/35
f 31/42/40 80/94/100 79/95/30 29/39/30
f 78/92/98 56/66/75 62/69/78 80/93/99
f 80/94/100 62/69/82 58/72/30 79/95/30
f 57/70/48 81/96/48 83/97/101 61/71/79
f 61/71/84 83/97/102 82/98/30 58/72/30
f 81/96/48 51/65/48 54/64/74 83/97/101
f 83/97/102 54/64/69 50/63/30 82/98/30
f 35/45/44 84/99/103 86/100/104 38/46/45
f 38/46/51 86/100/105 85/101/48 36/49/48
f 84/99/103 49/59/65 55/62/68 86/100/104
f 86/100/105 55/62/72 51/65/48 85/101/48
f 56/66/75 87/102/106 89/103/107 59/67/76
f 59/67/81 89/103/108 88/104/48 57/70/48
f 87/102/106 42/52/55 48/55/58 89/103/107
f 89/103/108 48/55/62 44/58/48 88/104/48
f 43/56/5 90/105/5 92/106/109 47/57/59
f 47/57/64 92/106/110 91/107/48 44/58/48
f 90/105/5 37/51/5 40/50/54 92/106/109
f 92/106/110 40/50/49 36/49/48 91/107/48
f 7/1/1 93/108/111 95/109/112 10/2/2
f 10/8/8 95/110/113 94/111/5 8/5/5
f 93/108/111 35/45/44 41/48/47 95/109/112
f 95/110/113 41/48/52 37/51/5 94/111/5
f 42/52/55 96/112/114 98/113/115 45/53/56
f 45/53/61 98/114/116 97/115/5 43/56/5
f 96/112/114 15/17/16 17/20/19 98/113/115
f 98/114/116 17/14/13 14/13/5 97/115/5
f 63/73/117 5/116/117 93/108/117 7/1/117
f 9/9/9 67/80/9 1/117/9 64/76/9
f 94/111/5 4/118/5 66/77/5 8/5/5
f 4/118/5 97/115/5 14/13/5 66/77/5
f 67/80/9 16/21/9 70/84/9 1/117/9
f 6/119/118 69/81/118 15/17/118 96/112/118
f 21/25/117 75/88/117 5/116/117 63/73/117
f 64/76/9 1/117/9 73/87/9 22/29/9
f 23/33/30 72/85/30 2/120/30 76/91/30
f 78/92/118 28/35/118 69/81/118 6/119/118
f 1/117/9 70/84/9 30/43/9 73/87/9
f 72/85/30 29/39/30 79/95/30 2/120/30
f 5/116/117 84/99/117 35/45/117 93/108/117
f 85/101/48 3/121/48 91/107/48 36/49/48
f 37/51/5 90/105/5 4/118/5 94/111/5
f 87/102/118 6/119/118 96/112/118 42/52/118
f 3/121/48 88/104/48 44/58/48 91/107/48
f 90/105/5 43/56/5 97/115/5 4/118/5
f 75/88/117 49/59/117 84/99/117 5/116/117
f 76/91/30 2/120/30 82/98/30 50/63/30
f 51/65/48 81/96/48 3/121/48 85/101/48
f 56/66/118 78/92/118 6/119/118 87/102/118
f 2/120/30 79/95/30 58/72/30 82/98/30
f 81/96/48 57/70/48 88/104/48 3/121/48
o Cube.001
v 0.083174 0.394005 0.025000
v 0.083174 0.778620 0.025000
v 0.083174 1.163236 0.025000
v 0.083174 0.394005 0.000000
v 0.083174 0.778620 0.000000
v 0.083174 1.163236 0.000000
v 0.083174 0.394005 -0.025000
v 0.083174 0.778620 -0.025000
v 0.083174 1.163236 -0.025000
v 0.458174 0.394005 -0.050000
v 0.458174 0.778620 -0.050000
v 0.458174 1.163236 -0.050000
v 0.833174 0.394004 -0.050000
v 0.833174 0.778620 -0.050000
v 0.833174 1.163236 -0.050000
v 1.208174 0.394004 -0.050000
v 1.208174 0.778620 -0.050000
v 1.208174 1.163236 -0.050000
v 1.583174 0.394004 -0.025000
v 1.583174 0.778620 -0.025000
v 1.583174 1.163236 -0.025000
v 1.583174 0.394004 0.000000
v 1.583174 0.778620 0.000000
v 1.583174 1.163236 0.000000
v 1.583174 0.394004 0.025000
v 1.583174 0.778620 0.025000
v 1.583174 1.163236 0.025000
v 1.208174 0.394004 0.050000
v 1.208174 0.778620 0.050000
v 1.208174 1.163236 0.050000
v 0.833174 0.394004 0.050000
v 0.833174 0.778620 0.050000
v 0.833174 1.163236 0.050000
v 0.458174 0.394004 0.050000
v 0.458174 0.778620 0.050000
v 0.458174 1.163236 0.050000
v 0.458174 0.009389 -0.025000
v 0.833174 0.009389 -0.025000
v 1.208174 0.009389 -0.025000
v 0.458174 0.009389 -0.000000
v 0.833174 0.009389 0.000000
v 1.208174 0.009389 0.000000
v 0.458174 0.009389 0.025000
v 0.833174 0.009389 0.025000
v 1.208174 0.009389 0.025000
v 1.208174 1.547852 -0.025000
v 0.833174 1.547852 -0.025000
v 0.458174 1.547852 -0.025000
v 1.208174 1.547852 0.000000
v 0.833174 1.547852 0.000000
v 0.458174 1.547852 0.000000
v 1.208174 1.547852 0.025000
v 0.833174 1.547852 0.025000
v 0.458174 1.547852 0.025000
v 0.105674 0.009389 0.048500
v 0.105674 0.032466 0.050000
v 0.083174 0.032466 0.048500
v 0.105674 0.016148 0.049561
v 0.092683 0.019142 0.049366
v 0.089764 0.032466 0.049561
v 0.089764 0.016148 0.048500
v 0.105674 1.524775 0.050000
v 0.105674 1.547852 0.048500
v 0.083174 1.524775 0.048500
v 0.105674 1.541093 0.049561
v 0.092683 1.538098 0.049366
v 0.089764 1.541093 0.048500
v 0.089764 1.524775 0.049561
v 0.105674 0.009389 -0.048500
v 0.083174 0.032466 -0.048500
v 0.105674 0.032466 -0.050000
v 0.089764 0.016148 -0.048500
v 0.092683 0.019142 -0.049366
v 0.089764 0.032466 -0.049561
v 0.105674 0.016148 -0.049561
v 0.105674 1.547852 -0.048500
v 0.105674 1.524775 -0.050000
v 0.083174 1.524775 -0.048500
v 0.105674 1.541093 -0.049561
v 0.092683 1.538098 -0.049366
v 0.089764 1.524775 -0.049561
v 0.089764 1.541093 -0.048500
v 1.560674 0.009389 0.048500
v 1.583174 0.032466 0.048500
v 1.560674 0.032466 0.050000
v 1.576584 0.016148 0.048500
v 1.573665 0.019142 0.049366
v 1.576584 0.032466 0.049561
v 1.560674 0.016148 0.049561
v 1.560674 1.547852 0.048500
v 1.560674 1.524775 0.050000
v 1.583174 1.524775 0.048500
v 1.560674 1.541093 0.049561
v 1.573665 1.538098 0.049366
v 1.576584 1.524775 0.049561
v 1.576584 1.541093 0.048500
v 1.560674 0.009389 -0.048500
v 1.560674 0.032466 -0.050000
v 1.583174 0.032466 -0.048500
v 1.560674 0.016148 -0.049561
v 1.573665 0.019142 -0.049366
v 1.576584 0.032466 -0.049561
v 1.576584 0.016148 -0.048500
v 1.560674 1.547852 -0.048500
v 1.583174 1.524775 -0.048500
v 1.560674 1.524775 -0.050000
v 1.576584 1.541093 -0.048500
v 1.573665 1.538098 -0.049366
v 1.576584 1.524775 -0.049561
v 1.560674 1.541093 -0.049561
v 0.105674 0.009389 -0.025000
v 0.083174 0.032466 -0.025000
v 0.089764 0.016148 -0.025000
v 0.105674 0.009389 -0.000000
v 0.083174 0.032466 0.000000
v 0.089764 0.016148 0.000000
v 0.105674 0.009389 0.025000
v 0.083174 0.032466 0.025000
v 0.089764 0.016148 0.025000
v 0.105674 0.394005 0.050000
v 0.083174 0.394005 0.048500
v 0.089764 0.394005 0.049561
v 0.105674 0.778620 0.050000
v 0.083174 0.778620 0.048500
v 0.089764 0.778620 0.049561
v 0.105674 1.163236 0.050000
v 0.083174 1.163236 0.048500
v 0.089764 1.163236 0.049561
v 0.105674 1.547852 0.025000
v 0.083174 1.524775 0.025000
v 0.089764 1.541093 0.025000
v 0.105674 1.547852 0.000000
v 0.083174 1.524775 0.000000
v 0.089764 1.541093 0.000000
v 0.105674 1.547852 -0.025000
v 0.083174 1.524775 -0.025000
v 0.089764 1.541093 -0.025000
v 0.105674 1.163236 -0.050000
v 0.083174 1.163236 -0.048500
v 0.089764 1.163236 -0.049561
v 0.105674 0.778620 -0.050000
v 0.083174 0.778620 -0.048500
v 0.089764 0.778620 -0.049561
v 0.105674 0.394005 -0.050000
v 0.083174 0.394005 -0.048500
v 0.089764 0.394005 -0.049561
v 1.208174 0.009389 -0.048500
v 1.208174 0.032466 -0.050000
v 1.208174 0.016148 -0.049561
v 0.833174 0.009389 -0.048500
v 0.833174 0.032466 -0.050000
v 0.833174 0.016148 -0.049561
v 0.458174 0.009389 -0.048500
v 0.458174 0.032466 -0.050000
v 0.458174 0.016148 -0.049561
v 0.458174 1.547852 -0.048500
v 0.458174 1.524775 -0.050000
v 0.458174 1.541093 -0.049561
v 0.833174 1.547852 -0.048500
v 0.833174 1.524775 -0.050000
v 0.833174 1.541093 -0.049561
v 1.208174 1.547852 -0.048500
v 1.208174 1.524775 -0.050000
v 1.208174 1.541093 -0.049561
v 1.583174 1.163236 -0.048500
v 1.560674 1.163236 -0.050000
v 1.576584 1.163236 -0.049561
v 1.583174 0.778620 -0.048500
v 1.560674 0.778620 -0.050000
v 1.576584 0.778620 -0.049561
v 1.583174 0.394004 -0.048500
v 1.560674 0.394004 -0.050000
v 1.576584 0.394004 -0.049561
v 1.560674 0.009389 0.025000
v 1.583174 0.032466 0.025000
v 1.576584 0.016148 0.025000
v 1.560674 0.009389 0.000000
v 1.583174 0.032466 0.000000
v 1.576584 0.016148 0.000000
v 1.560674 0.009389 -0.025000
v 1.583174 0.032466 -0.025000
v 1.576584 0.016148 -0.025000
v 1.560674 1.547852 -0.025000
v 1.583174 1.524775 -0.025000
v 1.576584 1.541093 -0.025000
v 1.560674 1.547852 0.000000
v 1.583174 1.524775 0.000000
v 1.576584 1.541093 0.000000
v 1.560674 1.547852 0.025000
v 1.583174 1.524775 0.025000
v 1.576584 1.541093 0.025000
v 1.560674 1.163236 0.050000
v 1.583174 1.163236 0.048500
v 1.576584 1.163236 0.049561
v 1.560674 0.778620 0.050000
v 1.583174 0.778620 0.048500
v 1.576584 0.778620 0.049561
v 1.560674 0.394004 0.050000
v 1.583174 0.394004 0.048500
v 1.576584 0.394004 0.049561
v 0.458174 0.009389 0.048500
v 0.458174 0.032466 0.050000
v 0.458174 0.016148 0.049561
v 0.833174 0.009389 0.048500
v 0.833174 0.032466 0.050000
v 0.833174 0.016148 0.049561
v 1.208174 0.009389 0.048500
v 1.208174 0.032466 0.050000
v 1.208174 0.016148 0.049561
v 1.208174 1.547852 0.048500
v 1.208174 1.524775 0.050000
v 1.208174 1.541093 0.049561
v 0.833174 1.547852 0.048500
v 0.833174 1.524775 0.050000
v 0.833174 1.541093 0.049561
v 0.458174 1.547852 0.048500
v 0.458174 1.524775 0.050000
v 0.458174 1.541093 0.049561
v -0.083174 0.394005 0.025000
v -0.083174 0.778620 0.025000
v -0.083174 1.163236 0.025000
v -0.083174 0.394005 0.000000
v -0.083174 0.778620 0.000000
v -0.083174 1.163236 0.000000
v -0.083174 0.394005 -0.025000
v -0.083174 0.778620 -0.025000
v -0.083174 1.163236 -0.025000
v -0.458174 0.394005 -0.050000
v -0.458174 0.778620 -0.050000
v -0.458174 1.163236 -0.050000
v -0.833174 0.394004 -0.050000
v -0.833174 0.778620 -0.050000
v -0.833174 1.163236 -0.050000
v -1.208174 0.394004 -0.050000
v -1.208174 0.778620 -0.050000
v -1.208174 1.163236 -0.050000
v -1.583174 0.394004 -0.025000
v -1.583174 0.778620 -0.025000
v -1.583174 1.163236 -0.025000
v -1.583174 0.394004 0.000000
v -1.583174 0.778620 0.000000
v -1.583174 1.163236 0.000000
v -1.583174 0.394004 0.025000
v -1.583174 0.778620 0.025000
v -1.583174 1.163236 0.025000
v -1.208174 0.394004 0.050000
v -1.208174 0.778620 0.050000
v -1.208174 1.163236 0.050000
v -0.833174 0.394004 0.050000
v -0.833174 0.778620 0.050000
v -0.833174 1.163236 0.050000
v -0.458174 0.394004 0.050000
v -0.458174 0.778620 0.050000
v -0.458174 1.163236 0.050000
v -0.458174 0.009389 -0.025000
v -0.833174 0.009389 -0.025000
v -1.208174 0.009389 -0.025000
v -0.458174 0.009389 -0.000000
v -0.833174 0.009389 0.000000
v -1.208174 0.009389 0.000000
v -0.458174 0.009389 0.025000
v -0.833174 0.009389 0.025000
v -1.208174 0.009389 0.025000
v -1.208174 1.547852 -0.025000
v -0.833174 1.547852 -0.025000
v -0.458174 1.547852 -0.025000
v -1.208174 1.547852 0.000000
v -0.833174 1.547852 0.000000
v -0.458174 1.547852 0.000000
v -1.208174 1.547852 0.025000
v -0.833174 1.547852 0.025000
v -0.458174 1.547852 0.025000
v -0.105674 0.009389 0.048500
v -0.105674 0.032466 0.050000
v -0.083174 0.032466 0.048500
v -0.105674 0.016148 0.049561
v -0.092683 0.019142 0.049366
v -0.089764 0.032466 0.049561
v -0.089764 0.016148 0.048500
v -0.105674 1.524775 0.050000
v -0.105674 1.547852 0.048500
v -0.083174 1.524775 0.048500
v -0.105674 1.541093 0.049561
v -0.092683 1.538098 0.049366
v -0.089764 1.541093 0.048500
v -0.089764 1.524775 0.049561
v -0.105674 0.009389 -0.048500
v -0.083174 0.032466 -0.048500
v -0.105674 0.032466 -0.050000
v -0.089764 0.016148 -0.048500
v -0.092683 0.019142 -0.049366
v -0.089764 0.032466 -0.049561
v -0.105674 0.016148 -0.049561
v -0.105674 1.547852 -0.048500
v -0.105674 1.524775 -0.050000
v -0.083174 1.524775 -0.048500
v -0.105674 1.541093 -0.049561
v -0.092683 1.538098 -0.049366
v -0.089764 1.524775 -0.049561
v -0.089764 1.541093 -0.048500
v -1.560674 0.009389 0.048500
v -1.583174 0.032466 0.048500
v -1.560674 0.032466 0.050000
v -1.576584 0.016148 0.048500
v -1.573664 0.019142 0.049366
v -1.576584 0.032466 0.049561
v -1.560674 0.016148 0.049561
v -1.560674 1.547852 0.048500
v -1.560674 1.524775 0.050000
v -1.583174 1.524775 0.048500
v -1.560674 1.541093 0.049561
v -1.573664 1.538098 0.049366
v -1.576584 1.524775 0.049561
v -1.576584 1.541093 0.048500
v -1.560674 0.009389 -0.048500
v -1.560674 0.032466 -0.050000
v -1.583174 0.032466 -0.048500
v -1.560674 0.016148 -0.049561
v -1.573664 0.019142 -0.049366
v -1.576584 0.032466 -0.049561
v -1.576584 0.016148 -0.048500
v -1.560674 1.547852 -0.048500
v -1.583174 1.524775 -0.048500
v -1.560674 1.524775 -0.050000
v -1.576584 1.541093 -0.048500
v -1.573664 1.538098 -0.049366
v -1.576584 1.524775 -0.049561
v -1.560674 1.541093 -0.049561
v -0.105674 0.009389 -0.025000
v -0.083174 0.032466 -0.025000
v -0.089764 0.016148 -0.025000
v -0.105674 0.009389 -0.000000
v -0.083174 0.032466 0.000000
v -0.089764 0.016148 0.000000
v -0.105674 0.009389 0.025000
v -0.083174 0.032466 0.025000
v -0.089764 0.016148 0.025000
v -0.105674 0.394005 0.050000
v -0.083174 0.394005 0.048500
v -0.089764 0.394005 0.049561
v -0.105674 0.778620 0.050000
v -0.083174 0.778620 0.048500
v -0.089764 0.778620 0.049561
v -0.105674 1.163236 0.050000
v -0.083174 1.163236 0.048500
v -0.089764 1.163236 0.049561
v -0.105674 1.547852 0.025000
v -0.083174 1.524775 0.025000
v -0.089764 1.541093 0.025000
v -0.105674 1.547852 0.000000
v -0.083174 1.524775 0.000000
v -0.089764 1.541093 0.000000
v -0.105674 1.547852 -0.025000
v -0.083174 1.524775 -0.025000
v -0.089764 1.541093 -0.025000
v -0.105674 1.163236 -0.050000
v -0.083174 1.163236 -0.048500
v -0.089764 1.163236 -0.049561
v -0.105674 0.778620 -0.050000
v -0.083174 0.778620 -0.048500
v -0.089764 0.778620 -0.049561
v -0.105674 0.394005 -0.050000
v -0.083174 0.394005 -0.048500
v -0.089764 0.394005 -0.049561
v -1.208174 0.009389 -0.048500
v -1.208174 0.032466 -0.050000
v -1.208174 0.016148 -0.049561
v -0.833174 0.009389 -0.048500
v -0.833174 0.032466 -0.050000
v -0.833174 0.016148 -0.049561
v -0.458174 0.009389 -0.048500
v -0.458174 0.032466 -0.050000
v -0.458174 0.016148 -0.049561
v -0.458174 1.547852 -0.048500
v -0.458174 1.524775 -0.050000
v -0.458174 1.541093 -0.049561
v -0.833174 1.547852 -0.048500
v -0.833174 1.524775 -0.050000
v -0.833174 1.541093 -0.049561
v -1.208174 1.547852 -0.048500
v -1.208174 1.524775 -0.050000
v -1.208174 1.541093 -0.049561
v -1.583174 1.163236 -0.048500
v -1.560674 1.163236 -0.050000
v -1.576584 1.163236 -0.049561
v -1.583174 0.778620 -0.048500
v -1.560674 0.778620 -0.050000
v -1.576584 0.778620 -0.049561
v -1.583174 0.394004 -0.048500
v -1.560674 0.394004 -0.050000
v -1.576584 0.394004 -0.049561
v -1.560674 0.009389 0.025000
v -1.583174 0.032466 0.025000
v -1.576584 0.016148 0.025000
v -1.560674 0.009389 0.000000
v -1.583174 0.032466 0.000000
v -1.576584 0.016148 0.000000
v -1.560674 0.009389 -0.025000
v -1.583174 0.032466 -0.025000
v -1.576584 0.016148 -0.025000
v -1.560674 1.547852 -0.025000
v -1.583174 1.524775 -0.025000
v -1.576584 1.541093 -0.025000
v -1.560674 1.547852 0.000000
v -1.583174 1.524775 0.000000
v -1.576584 1.541093 0.000000
v -1.560674 1.547852 0.025000
v -1.583174 1.524775 0.025000
v -1.576584 1.541093 0.025000
v -1.560674 1.163236 0.050000
v -1.583174 1.163236 0.048500
v -1.576584 1.163236 0.049561
v -1.560674 0.778620 0.050000
v -1.583174 0.778620 0.048500
v -1.576584 0.778620 0.049561
v -1.560674 0.394004 0.050000
v -1.583174 0.394004 0.048500
v -1.576584 0.394004 0.049561
v -0.458174 0.009389 0.048500
v -0.458174 0.032466 0.050000
v -0.458174 0.016148 0.049561
v -0.833174 0.009389 0.048500
v -0.833174 0.032466 0.050000
v -0.833174 0.016148 0.049561
v -1.208174 0.009389 0.048500
v -1.208174 0.032466 0.050000
v -1.208174 0.016148 0.049561
v -1.208174 1.547852 0.048500
v -1.208174 1.524775 0.050000
v -1.208174 1.541093 0.049561
v -0.833174 1.547852 0.048500
v -0.833174 1.524775 0.050000
v -0.833174 1.541093 0.049561
v -0.458174 1.547852 0.048500
v -0.458174 1.524775 0.050000
v -0.458174 1.541093 0.049561
vn -1.0000 -0.0000 -0.0000
vn -0.0000 -0.0000 -1.0000
vn 1.0000 -0.0000 -0.0000
vn -0.0000 -0.0000 1.0000
vn -0.0000 -1.0000 -0.0000
vn -0.0000 1.0000 -0.0000
vn -0.0000 -1.0000 0.0002
vn -0.0444 -0.2843 0.9577
vn -0.0655 -0.1745 0.9825
vn -0.0608 -0.2362 0.9698
vn -0.0146 -0.0099 0.9998
vn -0.0244 -0.0238 0.9994
vn -0.0102 -0.0142 0.9998
vn -1.0000 -0.0000 0.0005
vn -0.7824 -0.2049 0.5881
vn -0.1788 -0.0638 0.9818
vn -0.2910 -0.0432 0.9557
vn -0.0102 0.0142 0.9998
vn -0.0244 0.0238 0.9994
vn -0.0167 0.0173 0.9997
vn -0.0000 1.0000 0.0006
vn -0.0878 0.3911 0.9162
vn -0.0655 0.1745 0.9825
vn -0.0444 0.2843 0.9577
vn -1.0000 -0.0000 0.0001
vn -0.2409 0.0118 0.9705
vn -0.1788 0.0638 0.9818
vn -0.3995 0.0853 0.9127
vn -0.0000 -1.0000 -0.0006
vn -0.0878 -0.3910 -0.9162
vn -0.0655 -0.1745 -0.9825
vn -0.0685 -0.2502 -0.9658
vn -1.0000 -0.0000 -0.0002
vn -0.2910 -0.0432 -0.9557
vn -0.1788 -0.0638 -0.9818
vn -0.3996 -0.0853 -0.9127
vn -0.0033 -0.0175 -0.9998
vn -0.0244 -0.0238 -0.9994
vn -0.0146 -0.0099 -0.9998
vn -0.0000 1.0000 -0.0002
vn -0.0444 0.2843 -0.9577
vn -0.0655 0.1745 -0.9825
vn -0.0608 0.2362 -0.9698
vn -0.0146 0.0099 -0.9998
vn -0.0244 0.0238 -0.9994
vn -0.0102 0.0142 -0.9998
vn -1.0000 -0.0000 -0.0006
vn -0.7824 0.2049 -0.5881
vn -0.1788 0.0638 -0.9818
vn -0.2910 0.0432 -0.9557
vn -0.0000 -1.0000 0.0006
vn 0.0878 -0.3911 0.9162
vn 0.0655 -0.1745 0.9825
vn 0.0685 -0.2502 0.9658
vn 1.0000 -0.0000 0.0002
vn 0.2910 -0.0432 0.9557
vn 0.1788 -0.0638 0.9818
vn 0.3995 -0.0853 0.9127
vn 0.0033 -0.0175 0.9998
vn 0.0244 -0.0238 0.9994
vn 0.0146 -0.0099 0.9998
vn -0.0000 1.0000 0.0002
vn 0.0444 0.2843 0.9577
vn 0.0655 0.1745 0.9825
vn 0.0608 0.2362 0.9698
vn 0.0146 0.0099 0.9998
vn 0.0244 0.0238 0.9994
vn 0.0102 0.0142 0.9998
vn 1.0000 -0.0000 0.0006
vn 0.7824 0.2049 0.5881
vn 0.1788 0.0638 0.9818
vn 0.2910 0.0432 0.9557
vn -0.0000 -1.0000 -0.0002
vn 0.0444 -0.2843 -0.9577
vn 0.0655 -0.1745 -0.9825
vn 0.0608 -0.2362 -0.9698
vn 0.0146 -0.0099 -0.9998
vn 0.0244 -0.0238 -0.9994
vn 0.0102 -0.0142 -0.9998
vn 1.0000 -0.0000 -0.0006
vn 0.7824 -0.2049 -0.5881
vn 0.1788 -0.0638 -0.9818
vn 0.2910 -0.0432 -0.9557
vn -0.0000 1.0000 -0.0006
vn 0.0878 0.3911 -0.9162
vn 0.0655 0.1745 -0.9825
vn 0.0685 0.2502 -0.9658
vn 1.0000 -0.0000 -0.0002
vn 0.2910 0.0432 -0.9557
vn 0.1788 0.0638 -0.9818
vn 0.3995 0.0853 -0.9127
vn 0.0033 0.0175 -0.9998
vn 0.0244 0.0238 -0.9994
vn 0.0146 0.0099 -0.9998
vn -0.0000 -1.0000 0.0003
vn -0.3910 -0.9204 -0.0000
vn -0.9272 -0.3745 -0.0000
vn -1.0000 -0.0000 -0.0003
vn -1.0000 -0.0000 0.0003
vn -0.0276 -0.0000 0.9996
vn -0.1589 -0.0000 0.9873
vn -0.0000 1.0000 0.0003
vn -0.3910 0.9204 -0.0000
vn -0.9272 0.3745 -0.0000
vn -0.0276 -0.0000 -0.9996
vn -0.1589 -0.0000 -0.9873
vn -1.0000 -0.0000 -0.0005
vn -0.0000 -0.1550 -0.9879
vn -0.0000 -0.0269 -0.9996
vn -0.0000 0.1550 -0.9879
vn -0.0000 0.0269 -0.9996
vn 1.0000 -0.0000 -0.0005
vn 0.1589 -0.0000 -0.9873
vn 0.0276 -0.0000 -0.9996
vn -0.0000 -1.0000 -0.0003
vn 0.3910 -0.9204 -0.0000
vn 0.9272 -0.3745 -0.0000
vn 1.0000 -0.0000 -0.0003
vn 1.0000 -0.0000 0.0003
vn 0.3910 0.9204 -0.0000
vn 0.9272 0.3745 -0.0000
vn -0.0000 1.0000 -0.0003
vn 0.0276 -0.0000 0.9996
vn 0.1589 -0.0000 0.9873
vn 1.0000 -0.0000 0.0005
vn -0.0000 -0.1550 0.9879
vn -0.0000 -0.0269 0.9996
vn -0.0000 0.1550 0.9879
vn -0.0000 0.0269 0.9996
vn 0.0001 -1.0000 0.0010
vn 0.0167 -0.0173 0.9997
vn 1.0000 -0.0001 0.0009
vn 0.2408 -0.0118 0.9705
vn 0.3995 -0.0853 0.9128
vn 0.0178 0.0163 0.9997
vn 0.0001 1.0000 0.0009
vn 0.0121 0.2351 0.9719
vn 1.0000 0.0001 0.0010
vn 0.7822 0.2049 0.5884
vn 0.2910 0.0432 0.9558
vn 0.0001 -1.0000 -0.0009
vn 1.0000 -0.0001 -0.0009
vn 0.7823 -0.2049 -0.5882
vn 0.2562 -0.0667 -0.9643
vn 0.0179 -0.0033 -0.9998
vn 0.0001 1.0000 -0.0010
vn 0.0878 0.3910 -0.9162
vn 0.0167 0.0173 -0.9997
vn 1.0000 0.0001 -0.0009
vn 0.2408 0.0118 -0.9705
vn -0.0001 -1.0000 0.0009
vn -1.0000 -0.0001 0.0009
vn -0.7822 -0.2049 0.5884
vn -0.2562 -0.0667 0.9643
vn -0.0179 -0.0033 0.9998
vn -0.0001 1.0000 0.0010
vn -0.0685 0.2502 0.9658
vn -0.0033 0.0175 0.9998
vn -1.0000 0.0001 0.0009
vn -0.2408 0.0118 0.9705
vn -0.3995 0.0853 0.9128
vn -0.0001 -1.0000 -0.0010
vn -0.0878 -0.3911 -0.9162
vn -0.0167 -0.0173 -0.9997
vn -1.0000 -0.0001 -0.0009
vn -0.2408 -0.0118 -0.9705
vn -0.3995 -0.0853 -0.9128
vn -0.0001 1.0000 -0.0009
vn -1.0000 0.0001 -0.0010
vn -0.7822 0.2049 -0.5884
vn -0.2562 0.0667 -0.9643
vn -0.0179 0.0033 -0.9998
vn 0.0001 -1.0000 0.0003
vn 1.0000 -0.0001 -0.0003
vn 1.0000 -0.0001 0.0003
vn 1.0000 -0.0000 0.0013
vn 0.0001 1.0000 0.0003
vn 1.0000 0.0001 0.0003
vn 1.0000 -0.0000 -0.0012
vn -0.0000 -1.0000 -0.0013
vn -0.0000 1.0000 -0.0013
vn -1.0000 -0.0000 -0.0013
vn -1.0000 -0.0000 -0.0012
vn -0.0001 -1.0000 -0.0003
vn -1.0000 -0.0001 -0.0003
vn -0.0001 -1.0000 0.0003
vn -1.0000 -0.0001 0.0003
vn -0.0001 1.0000 0.0003
vn -1.0000 0.0001 0.0003
vn -0.0001 1.0000 -0.0003
vn -1.0000 0.0001 -0.0003
vn -1.0000 -0.0000 0.0013
vn -1.0000 -0.0000 0.0012
vn -0.0000 -1.0000 0.0013
vn -0.0000 1.0000 0.0013
vt 0.437500 0.062500
vt 0.500000 0.062500
vt 0.500000 0.125000
vt 0.437500 0.125000
vt 0.562500 0.062500
vt 0.562500 0.125000
vt 0.500000 0.187500
vt 0.437500 0.187500
vt 0.562500 0.187500
vt 0.437500 0.312500
vt 0.500000 0.312500
vt 0.500000 0.375000
vt 0.437500 0.375000
vt 0.562500 0.312500
vt 0.562500 0.375000
vt 0.500000 0.437500
vt 0.437500 0.437500
vt 0.562500 0.437500
vt 0.437500 0.562500
vt 0.500000 0.562500
vt 0.500000 0.625000
vt 0.437500 0.625000
vt 0.562500 0.562500
vt 0.562500 0.625000
vt 0.500000 0.687500
vt 0.437500 0.687500
vt 0.562500 0.687500
vt 0.437500 0.812500
vt 0.500000 0.812500
vt 0.500000 0.875000
vt 0.437500 0.875000
vt 0.562500 0.812500
vt 0.562500 0.875000
vt 0.500000 0.937500
vt 0.437500 0.937500
vt 0.562500 0.937500
vt 0.187500 0.562500
vt 0.250000 0.562500
vt 0.250000 0.625000
vt 0.187500 0.625000
vt 0.312500 0.562500
vt 0.312500 0.625000
vt 0.250000 0.687500
vt 0.187500 0.687500
vt 0.312500 0.687500
vt 0.687500 0.562500
vt 0.750000 0.562500
vt 0.750000 0.625000
vt 0.687500 0.625000
vt 0.812500 0.562500
vt 0.812500 0.625000
vt 0.750000 0.687500
vt 0.687500 0.687500
vt 0.812500 0.687500
vt 0.128750 0.746250
vt 0.128750 0.750000
vt 0.126585 0.750000
vt 0.125000 0.746250
vt 0.378750 0.996250
vt 0.378750 1.000000
vt 0.376585 1.000000
vt 0.375000 0.996250
vt 0.378750 0.003750
vt 0.375000 0.003750
vt 0.375000 0.001585
vt 0.378750 0.000000
vt 0.621250 0.996250
vt 0.625000 0.996250
vt 0.625000 0.998415
vt 0.621250 1.000000
vt 0.871250 0.746250
vt 0.875000 0.746250
vt 0.875000 0.748415
vt 0.871250 0.750000
vt 0.621250 0.003750
vt 0.621250 0.000000
vt 0.623415 0.000000
vt 0.625000 0.003750
vt 0.128750 0.503750
vt 0.125000 0.503750
vt 0.125000 0.501585
vt 0.128750 0.500000
vt 0.378750 0.246250
vt 0.378750 0.250000
vt 0.375793 0.250793
vt 0.375000 0.246250
vt 0.378750 0.253750
vt 0.375000 0.253750
vt 0.871250 0.503750
vt 0.871250 0.500000
vt 0.873415 0.500000
vt 0.875000 0.503750
vt 0.621250 0.253750
vt 0.621250 0.250000
vt 0.624208 0.249208
vt 0.625000 0.253750
vt 0.621250 0.246250
vt 0.625000 0.246250
vt 0.371250 0.746250
vt 0.375000 0.746250
vt 0.375528 0.750000
vt 0.373125 0.751875
vt 0.378750 0.746250
vt 0.378750 0.750000
vt 0.378750 0.753750
vt 0.628750 0.746250
vt 0.626875 0.751875
vt 0.625000 0.749472
vt 0.625000 0.746250
vt 0.621250 0.753750
vt 0.621250 0.750000
vt 0.621250 0.746250
vt 0.371250 0.503750
vt 0.373125 0.498125
vt 0.375000 0.500528
vt 0.375000 0.503750
vt 0.378750 0.496250
vt 0.378750 0.500000
vt 0.378750 0.503750
vt 0.628750 0.503750
vt 0.625000 0.503750
vt 0.624472 0.500000
vt 0.626875 0.498125
vt 0.621250 0.503750
vt 0.621250 0.500000
vt 0.621250 0.496250
vt 0.128750 0.562500
vt 0.125000 0.562500
vt 0.375000 0.187500
vt 0.378750 0.187500
vt 0.128750 0.625000
vt 0.125000 0.625000
vt 0.375000 0.125000
vt 0.378750 0.125000
vt 0.128750 0.687500
vt 0.125000 0.687500
vt 0.375000 0.062500
vt 0.378750 0.062500
vt 0.437500 0.996250
vt 0.437500 1.000000
vt 0.437500 0.000000
vt 0.437500 0.003750
vt 0.500000 0.996250
vt 0.500000 1.000000
vt 0.500000 0.000000
vt 0.500000 0.003750
vt 0.562500 0.996250
vt 0.562500 1.000000
vt 0.562500 0.000000
vt 0.562500 0.003750
vt 0.871250 0.687500
vt 0.875000 0.687500
vt 0.625000 0.062500
vt 0.621250 0.062500
vt 0.871250 0.625000
vt 0.875000 0.625000
vt 0.625000 0.125000
vt 0.621250 0.125000
vt 0.871250 0.562500
vt 0.875000 0.562500
vt 0.625000 0.187500
vt 0.621250 0.187500
vt 0.562500 0.253750
vt 0.562500 0.250000
vt 0.562500 0.246250
vt 0.500000 0.253750
vt 0.500000 0.250000
vt 0.500000 0.246250
vt 0.437500 0.253750
vt 0.437500 0.250000
vt 0.437500 0.246250
vt 0.312500 0.503750
vt 0.312500 0.500000
vt 0.375000 0.437500
vt 0.378750 0.437500
vt 0.250000 0.503750
vt 0.250000 0.500000
vt 0.375000 0.375000
vt 0.378750 0.375000
vt 0.187500 0.503750
vt 0.187500 0.500000
vt 0.375000 0.312500
vt 0.378750 0.312500
vt 0.812500 0.503750
vt 0.812500 0.500000
vt 0.625000 0.312500
vt 0.621250 0.312500
vt 0.750000 0.503750
vt 0.750000 0.500000
vt 0.625000 0.375000
vt 0.621250 0.375000
vt 0.687500 0.503750
vt 0.687500 0.500000
vt 0.625000 0.437500
vt 0.621250 0.437500
vt 0.562500 0.503750
vt 0.562500 0.500000
vt 0.562500 0.496250
vt 0.500000 0.503750
vt 0.500000 0.500000
vt 0.500000 0.496250
vt 0.437500 0.503750
vt 0.437500 0.500000
vt 0.437500 0.496250
vt 0.371250 0.687500
vt 0.375000 0.687500
vt 0.378750 0.687500
vt 0.371250 0.625000
vt 0.375000 0.625000
vt 0.378750 0.625000
vt 0.371250 0.562500
vt 0.375000 0.562500
vt 0.378750 0.562500
vt 0.628750 0.562500
vt 0.625000 0.562500
vt 0.621250 0.562500
vt 0.628750 0.625000
vt 0.625000 0.625000
vt 0.621250 0.625000
vt 0.628750 0.687500
vt 0.625000 0.687500
vt 0.621250 0.687500
vt 0.562500 0.753750
vt 0.562500 0.750000
vt 0.562500 0.746250
vt 0.500000 0.753750
vt 0.500000 0.750000
vt 0.500000 0.746250
vt 0.437500 0.753750
vt 0.437500 0.750000
vt 0.437500 0.746250
vt 0.187500 0.746250
vt 0.187500 0.750000
vt 0.375000 0.937500
vt 0.378750 0.937500
vt 0.250000 0.746250
vt 0.250000 0.750000
vt 0.375000 0.875000
vt 0.378750 0.875000
vt 0.312500 0.746250
vt 0.312500 0.750000
vt 0.375000 0.812500
vt 0.378750 0.812500
vt 0.687500 0.746250
vt 0.687500 0.750000
vt 0.625000 0.812500
vt 0.621250 0.812500
vt 0.750000 0.746250
vt 0.750000 0.750000
vt 0.625000 0.875000
vt 0.621250 0.875000
vt 0.812500 0.746250
vt 0.812500 0.750000
vt 0.625000 0.937500
vt 0.621250 0.937500
s 1
f 99/122/119 100/123/119 103/124/119 102/125/119
f 100/123/119 101/126/119 104/127/119 103/124/119
f 102/125/119 103/124/119 106/128/119 105/129/119
f 103/124/119 104/127/119 107/130/119 106/128/119
f 108/131/120 109/132/120 112/133/120 111/134/120
f 109/132/120 110/135/120 113/136/120 112/133/120
f 111/134/120 112/133/120 115/137/120 114/138/120
f 112/133/120 113/136/120 116/139/120 115/137/120
f 117/140/121 118/141/121 121/142/121 120/143/121
f 118/141/121 119/144/121 122/145/121 121/142/121
f 120/143/121 121/142/121 124/146/121 123/147/121
f 121/142/121 122/145/121 125/148/121 124/146/121
f 126/149/122 127/150/122 130/151/122 129/152/122
f 127/150/122 128/153/122 131/154/122 130/151/122
f 129/152/122 130/151/122 133/155/122 132/156/122
f 130/151/122 131/154/122 134/157/122 133/155/122
f 135/158/123 136/159/123 139/160/123 138/161/123
f 136/159/123 137/162/123 140/163/123 139/160/123
f 138/161/123 139/160/123 142/164/123 141/165/123
f 139/160/123 140/163/123 143/166/123 142/164/123
f 144/167/124 145/168/124 148/169/124 147/170/124
f 145/168/124 146/171/124 149/172/124 148/169/124
f 147/170/124 148/169/124 151/173/124 150/174/124
f 148/169/124 149/172/124 152/175/124 151/173/124
f 153/176/125 156/177/126 157/178/127 159/179/128
f 154/180/122 158/181/129 157/182/130 156/183/131
f 155/184/132 159/185/133 157/186/134 158/187/135
f 160/188/122 163/189/136 164/190/137 166/191/138
f 161/192/139 165/193/140 164/194/141 163/195/142
f 162/196/143 166/197/144 164/198/145 165/199/146
f 167/200/147 170/201/148 171/202/149 173/203/150
f 168/204/151 172/205/152 171/206/153 170/207/154
f 169/208/120 173/209/155 171/206/156 172/205/157
f 174/210/158 177/211/159 178/212/160 180/213/161
f 175/214/120 179/215/162 178/216/163 177/217/164
f 176/218/165 180/219/166 178/216/167 179/215/168
f 181/220/169 184/221/170 185/222/171 187/223/172
f 182/224/173 186/225/174 185/222/175 184/221/176
f 183/226/122 187/223/177 185/222/178 186/225/179
f 188/227/180 191/228/181 192/229/182 194/230/183
f 189/231/122 193/232/184 192/229/185 191/228/186
f 190/233/187 194/230/188 192/229/189 193/232/190
f 195/234/191 198/235/192 199/236/193 201/237/194
f 196/238/120 200/239/195 199/236/196 198/235/197
f 197/240/198 201/237/199 199/236/200 200/239/201
f 202/241/202 205/242/203 206/243/204 208/244/205
f 203/245/206 207/246/207 206/243/208 205/242/209
f 204/247/120 208/244/210 206/243/211 207/246/212
f 167/200/147 209/248/213 211/249/214 170/201/148
f 170/207/154 211/250/215 210/251/216 168/204/151
f 209/248/213 212/252/213 214/253/214 211/249/214
f 211/250/215 214/254/215 213/255/216 210/251/216
f 212/252/213 215/256/213 217/257/214 214/253/214
f 214/254/215 217/258/215 216/259/217 213/255/216
f 215/256/213 153/176/125 159/179/128 217/257/214
f 217/258/215 159/185/133 155/184/132 216/259/217
f 154/180/122 218/260/122 220/261/218 158/181/129
f 158/187/135 220/262/219 219/263/132 155/184/132
f 218/260/122 221/264/122 223/265/218 220/261/218
f 220/262/219 223/266/219 222/267/132 219/263/132
f 221/264/122 224/268/122 226/269/218 223/265/218
f 223/266/219 226/270/219 225/271/132 222/267/132
f 224/268/122 160/188/122 166/191/138 226/269/218
f 226/270/219 166/197/144 162/196/143 225/271/132
f 161/192/139 227/272/220 229/273/221 165/193/140
f 165/199/146 229/274/222 228/275/217 162/196/143
f 227/272/220 230/276/220 232/277/221 229/273/221
f 229/274/222 232/278/222 231/279/217 228/275/217
f 230/276/220 233/280/220 235/281/221 232/277/221
f 232/278/222 235/282/222 234/283/217 231/279/217
f 233/280/220 174/210/158 180/213/161 235/281/221
f 235/282/222 180/219/166 176/218/165 234/283/217
f 175/214/120 236/284/120 238/285/223 179/215/162
f 179/215/168 238/285/224 237/286/225 176/218/165
f 236/284/120 239/287/120 241/288/223 238/285/223
f 238/285/224 241/288/224 240/289/225 237/286/225
f 239/287/120 242/290/120 244/291/223 241/288/223
f 241/288/224 244/291/224 243/292/225 240/289/225
f 242/290/120 169/208/120 172/205/157 244/291/223
f 244/291/224 172/205/152 168/204/151 243/292/225
f 195/234/191 245/293/147 247/294/226 198/235/192
f 198/235/197 247/295/227 246/296/120 196/238/120
f 245/293/147 248/297/147 250/298/226 247/294/226
f 247/295/227 250/299/227 249/300/120 246/296/120
f 248/297/147 251/301/147 253/302/226 250/298/226
f 250/299/227 253/303/227 252/304/120 249/300/120
f 251/301/147 167/200/147 173/203/150 253/302/226
f 253/303/227 173/209/155 169/208/120 252/304/120
f 174/210/158 254/305/202 256/306/228 177/211/159
f 177/217/164 256/307/229 255/308/120 175/214/120
f 254/305/202 257/309/202 259/310/228 256/306/228
f 256/307/229 259/311/229 258/312/120 255/308/120
f 257/309/202 260/313/202 262/314/228 259/310/228
f 259/311/229 262/315/229 261/316/120 258/312/120
f 260/313/202 202/241/202 208/244/205 262/314/228
f 262/315/229 208/244/210 204/247/120 261/316/120
f 203/245/206 263/317/230 265/318/231 207/246/207
f 207/246/212 265/318/232 264/319/120 204/247/120
f 263/317/230 266/320/230 268/321/231 265/318/231
f 265/318/232 268/321/232 267/322/120 264/319/120
f 266/320/230 269/323/230 271/324/231 268/321/231
f 268/321/232 271/324/232 270/325/120 267/322/120
f 269/323/230 197/240/198 200/239/201 271/324/231
f 271/324/232 200/239/195 196/238/120 270/325/120
f 181/220/169 272/326/233 274/327/234 184/221/170
f 184/221/176 274/327/235 273/328/236 182/224/173
f 272/326/233 275/329/213 277/330/234 274/327/234
f 274/327/235 277/330/235 276/331/236 273/328/236
f 275/329/213 278/332/213 280/333/234 277/330/234
f 277/330/235 280/333/235 279/334/237 276/331/236
f 278/332/213 195/234/191 201/237/194 280/333/234
f 280/333/235 201/237/199 197/240/198 279/334/237
f 202/241/202 281/335/220 283/336/238 205/242/203
f 205/242/209 283/336/239 282/337/237 203/245/206
f 281/335/220 284/338/240 286/339/238 283/336/238
f 283/336/239 286/339/239 285/340/237 282/337/237
f 284/338/240 287/341/240 289/342/238 286/339/238
f 286/339/239 289/342/239 288/343/236 285/340/237
f 287/341/240 188/227/180 194/230/183 289/342/238
f 289/342/239 194/230/188 190/233/187 288/343/236
f 189/231/122 290/344/122 292/345/241 193/232/184
f 193/232/190 292/345/242 291/346/243 190/233/187
f 290/344/122 293/347/122 295/348/241 292/345/241
f 292/345/242 295/348/242 294/349/243 291/346/243
f 293/347/122 296/350/122 298/351/241 295/348/241
f 295/348/242 298/351/242 297/352/243 294/349/243
f 296/350/122 183/226/122 186/225/179 298/351/241
f 298/351/242 186/225/174 182/224/173 297/352/243
f 153/176/125 299/353/169 301/354/244 156/177/126
f 156/183/131 301/355/245 300/356/122 154/180/122
f 299/353/169 302/357/169 304/358/244 301/354/244
f 301/355/245 304/359/245 303/360/122 300/356/122
f 302/357/169 305/361/169 307/362/244 304/358/244
f 304/359/245 307/363/245 306/364/122 303/360/122
f 305/361/169 181/220/169 187/223/172 307/362/244
f 307/363/245 187/223/177 183/226/122 306/364/122
f 188/227/180 308/365/139 310/366/246 191/228/181
f 191/228/186 310/367/247 309/368/122 189/231/122
f 308/365/139 311/369/139 313/370/246 310/366/246
f 310/367/247 313/371/247 312/372/122 309/368/122
f 311/369/139 314/373/139 316/374/246 313/370/246
f 313/371/247 316/375/247 315/376/122 312/372/122
f 314/373/139 161/192/139 163/195/142 316/374/246
f 316/375/247 163/189/136 160/188/122 315/376/122
f 215/256/123 141/165/123 299/353/123 153/176/123
f 155/184/119 219/263/119 99/122/119 216/259/119
f 300/356/122 132/156/122 218/260/122 154/180/122
f 134/157/122 315/376/122 160/188/122 224/268/122
f 225/271/119 162/196/119 228/275/119 101/126/119
f 152/175/124 227/272/124 161/192/124 314/373/124
f 167/200/123 251/301/123 135/158/123 209/248/123
f 210/251/119 105/129/119 243/292/119 168/204/119
f 169/208/120 242/290/120 108/131/120 252/304/120
f 254/305/124 174/210/124 233/280/124 146/171/124
f 107/130/119 234/283/119 176/218/119 237/286/119
f 236/284/120 175/214/120 255/308/120 110/135/120
f 143/166/123 272/326/123 181/220/123 305/361/123
f 273/328/121 123/147/121 297/352/121 182/224/121
f 183/226/122 296/350/122 126/149/122 306/364/122
f 287/341/124 150/174/124 308/365/124 188/227/124
f 125/148/121 288/343/121 190/233/121 291/346/121
f 290/344/122 189/231/122 309/368/122 128/153/122
f 245/293/123 195/234/123 278/332/123 137/162/123
f 246/296/120 114/138/120 270/325/120 196/238/120
f 197/240/121 269/323/121 117/140/121 279/334/121
f 202/241/124 260/313/124 144/167/124 281/335/124
f 116/139/120 261/316/120 204/247/120 264/319/120
f 263/317/121 203/245/121 282/337/121 119/144/121
f 213/255/119 102/125/119 105/129/119 210/251/119
f 209/248/123 135/158/123 138/161/123 212/252/123
f 216/259/119 99/122/119 102/125/119 213/255/119
f 212/252/123 138/161/123 141/165/123 215/256/123
f 219/263/119 222/267/119 100/123/119 99/122/119
f 132/156/122 133/155/122 221/264/122 218/260/122
f 222/267/119 225/271/119 101/126/119 100/123/119
f 133/155/122 134/157/122 224/268/122 221/264/122
f 101/126/119 228/275/119 231/279/119 104/127/119
f 149/172/124 230/276/124 227/272/124 152/175/124
f 104/127/119 231/279/119 234/283/119 107/130/119
f 146/171/124 233/280/124 230/276/124 149/172/124
f 106/128/119 107/130/119 237/286/119 240/289/119
f 239/287/120 236/284/120 110/135/120 109/132/120
f 105/129/119 106/128/119 240/289/119 243/292/119
f 242/290/120 239/287/120 109/132/120 108/131/120
f 249/300/120 111/134/120 114/138/120 246/296/120
f 248/297/123 245/293/123 137/162/123 136/159/123
f 252/304/120 108/131/120 111/134/120 249/300/120
f 251/301/123 248/297/123 136/159/123 135/158/123
f 110/135/120 255/308/120 258/312/120 113/136/120
f 257/309/124 254/305/124 146/171/124 145/168/124
f 113/136/120 258/312/120 261/316/120 116/139/120
f 260/313/124 257/309/124 145/168/124 144/167/124
f 115/137/120 116/139/120 264/319/120 267/322/120
f 266/320/121 263/317/121 119/144/121 118/141/121
f 114/138/120 115/137/120 267/322/120 270/325/120
f 269/323/121 266/320/121 118/141/121 117/140/121
f 276/331/121 120/143/121 123/147/121 273/328/121
f 140/163/123 275/329/123 272/326/123 143/166/123
f 279/334/121 117/140/121 120/143/121 276/331/121
f 137/162/123 278/332/123 275/329/123 140/163/123
f 119/144/121 282/337/121 285/340/121 122/145/121
f 281/335/124 144/167/124 147/170/124 284/338/124
f 122/145/121 285/340/121 288/343/121 125/148/121
f 284/338/124 147/170/124 150/174/124 287/341/124
f 124/146/121 125/148/121 291/346/121 294/349/121
f 293/347/122 290/344/122 128/153/122 127/150/122
f 123/147/121 124/146/121 294/349/121 297/352/121
f 296/350/122 293/347/122 127/150/122 126/149/122
f 303/360/122 129/152/122 132/156/122 300/356/122
f 141/165/123 142/164/123 302/357/123 299/353/123
f 306/364/122 126/149/122 129/152/122 303/360/122
f 142/164/123 143/166/123 305/361/123 302/357/123
f 128/153/122 309/368/122 312/372/122 131/154/122
f 150/174/124 151/173/124 311/369/124 308/365/124
f 131/154/122 312/372/122 315/376/122 134/157/122
f 151/173/124 152/175/124 314/373/124 311/369/124
f 317/122/121 320/125/121 321/124/121 318/123/121
f 318/123/121 321/124/121 322/127/121 319/126/121
f 320/125/121 323/129/121 324/128/121 321/124/121
f 321/124/121 324/128/121 325/130/121 322/127/121
f 326/131/120 329/134/120 330/133/120 327/132/120
f 327/132/120 330/133/120 331/136/120 328/135/120
f 329/134/120 332/138/120 333/137/120 330/133/120
f 330/133/120 333/137/120 334/139/120 331/136/120
f 335/140/119 338/143/119 339/142/119 336/141/119
f 336/141/119 339/142/119 340/145/119 337/144/119
f 338/143/119 341/147/119 342/146/119 339/142/119
f 339/142/119 342/146/119 343/148/119 340/145/119
f 344/149/122 347/152/122 348/151/122 345/150/122
f 345/150/122 348/151/122 349/154/122 346/153/122
f 347/152/122 350/156/122 351/155/122 348/151/122
f 348/151/122 351/155/122 352/157/122 349/154/122
f 353/158/123 356/161/123 357/160/123 354/159/123
f 354/159/123 357/160/123 358/163/123 355/162/123
f 356/161/123 359/165/123 360/164/123 357/160/123
f 357/160/123 360/164/123 361/166/123 358/163/123
f 362/167/124 365/170/124 366/169/124 363/168/124
f 363/168/124 366/169/124 367/172/124 364/171/124
f 365/170/124 368/174/124 369/173/124 366/169/124
f 366/169/124 369/173/124 370/175/124 367/172/124
f 371/176/248 377/179/170 375/178/171 374/177/172
f 372/180/122 374/183/177 375/182/178 376/181/249
f 373/184/250 376/187/251 375/186/175 377/185/252
f 378/188/122 384/191/184 382/190/185 381/189/253
f 379/192/254 381/195/255 382/194/182 383/193/183
f 380/196/256 383/199/257 382/198/189 384/197/258
f 385/200/259 391/203/192 389/202/193 388/201/194
f 386/204/260 388/207/261 389/206/200 390/205/262
f 387/208/120 390/205/263 389/206/196 391/209/197
f 392/210/264 398/213/265 396/212/204 395/211/205
f 393/214/120 395/217/210 396/216/211 397/215/266
f 394/218/267 397/215/268 396/216/208 398/219/209
f 399/220/269 405/223/126 403/222/127 402/221/128
f 400/224/270 402/221/271 403/222/134 404/225/272
f 401/226/122 404/225/273 403/222/130 405/223/131
f 406/227/274 412/230/140 410/229/141 409/228/275
f 407/231/122 409/228/276 410/229/137 411/232/138
f 408/233/277 411/232/278 410/229/145 412/230/279
f 413/234/280 419/237/281 417/236/149 416/235/150
f 414/238/120 416/235/155 417/236/156 418/239/282
f 415/240/283 418/239/284 417/236/153 419/237/285
f 420/241/286 426/244/159 424/243/160 423/242/161
f 421/245/287 423/242/288 424/243/167 425/246/289
f 422/247/120 425/246/290 424/243/163 426/244/164
f 385/200/259 388/201/194 429/249/234 427/248/291
f 388/207/261 386/204/260 428/251/292 429/250/235
f 427/248/291 429/249/234 432/253/234 430/252/291
f 429/250/235 428/251/292 431/255/292 432/254/235
f 430/252/291 432/253/234 435/257/234 433/256/291
f 432/254/235 431/255/292 434/259/293 435/258/235
f 433/256/291 435/257/234 377/179/170 371/176/248
f 435/258/235 434/259/293 373/184/250 377/185/252
f 372/180/122 376/181/249 438/261/241 436/260/122
f 376/187/251 373/184/250 437/263/294 438/262/242
f 436/260/122 438/261/241 441/265/241 439/264/122
f 438/262/242 437/263/294 440/267/294 441/266/242
f 439/264/122 441/265/241 444/269/241 442/268/122
f 441/266/242 440/267/294 443/271/294 444/270/242
f 442/268/122 444/269/241 384/191/184 378/188/122
f 444/270/242 443/271/294 380/196/256 384/197/258
f 379/192/254 383/193/183 447/273/238 445/272/295
f 383/199/257 380/196/256 446/275/296 447/274/239
f 445/272/295 447/273/238 450/277/238 448/276/295
f 447/274/239 446/275/296 449/279/296 450/278/239
f 448/276/295 450/277/238 453/281/238 451/280/295
f 450/278/239 449/279/296 452/283/296 453/282/239
f 451/280/295 453/281/238 398/213/265 392/210/264
f 453/282/239 452/283/296 394/218/267 398/219/209
f 393/214/120 397/215/266 456/285/232 454/284/120
f 397/215/268 394/218/267 455/286/297 456/285/231
f 454/284/120 456/285/232 459/288/232 457/287/120
f 456/285/231 455/286/297 458/289/297 459/288/231
f 457/287/120 459/288/232 462/291/232 460/290/120
f 459/288/231 458/289/297 461/292/297 462/291/231
f 460/290/120 462/291/232 390/205/263 387/208/120
f 462/291/231 461/292/297 386/204/260 390/205/262
f 413/234/280 416/235/150 465/294/226 463/293/298
f 416/235/155 414/238/120 464/296/120 465/295/227
f 463/293/298 465/294/226 468/298/226 466/297/298
f 465/295/227 464/296/120 467/300/120 468/299/227
f 466/297/298 468/298/226 471/302/226 469/301/298
f 468/299/227 467/300/120 470/304/120 471/303/227
f 469/301/298 471/302/226 391/203/192 385/200/259
f 471/303/227 470/304/120 387/208/120 391/209/197
f 392/210/264 395/211/205 474/306/228 472/305/299
f 395/217/210 393/214/120 473/308/120 474/307/229
f 472/305/299 474/306/228 477/310/228 475/309/299
f 474/307/229 473/308/120 476/312/120 477/311/229
f 475/309/299 477/310/228 480/314/228 478/313/299
f 477/311/229 476/312/120 479/316/120 480/315/229
f 478/313/299 480/314/228 426/244/159 420/241/286
f 480/315/229 479/316/120 422/247/120 426/244/164
f 421/245/287 425/246/289 483/318/224 481/317/300
f 425/246/290 422/247/120 482/319/120 483/318/223
f 481/317/300 483/318/224 486/321/224 484/320/301
f 483/318/223 482/319/120 485/322/120 486/321/223
f 484/320/301 486/321/224 489/324/224 487/323/300
f 486/321/223 485/322/120 488/325/120 489/324/223
f 487/323/300 489/324/224 418/239/284 415/240/283
f 489/324/223 488/325/120 414/238/120 418/239/282
f 399/220/269 402/221/128 492/327/214 490/326/302
f 402/221/271 400/224/270 491/328/303 492/327/215
f 490/326/302 492/327/214 495/330/214 493/329/304
f 492/327/215 491/328/303 494/331/303 495/330/215
f 493/329/304 495/330/214 498/333/214 496/332/304
f 495/330/215 494/331/303 497/334/305 498/333/215
f 496/332/304 498/333/214 419/237/281 413/234/280
f 498/333/215 497/334/305 415/240/283 419/237/285
f 420/241/286 423/242/161 501/336/221 499/335/306
f 423/242/288 421/245/287 500/337/307 501/336/222
f 499/335/306 501/336/221 504/339/221 502/338/308
f 501/336/222 500/337/307 503/340/307 504/339/222
f 502/338/308 504/339/221 507/342/221 505/341/308
f 504/339/222 503/340/307 506/343/309 507/342/222
f 505/341/308 507/342/221 412/230/140 406/227/274
f 507/342/222 506/343/309 408/233/277 412/230/279
f 407/231/122 411/232/138 510/345/218 508/344/122
f 411/232/278 408/233/277 509/346/310 510/345/219
f 508/344/122 510/345/218 513/348/218 511/347/122
f 510/345/219 509/346/310 512/349/311 513/348/219
f 511/347/122 513/348/218 516/351/218 514/350/122
f 513/348/219 512/349/311 515/352/310 516/351/219
f 514/350/122 516/351/218 404/225/273 401/226/122
f 516/351/219 515/352/310 400/224/270 404/225/272
f 371/176/248 374/177/172 519/354/244 517/353/312
f 374/183/177 372/180/122 518/356/122 519/355/245
f 517/353/312 519/354/244 522/358/244 520/357/312
f 519/355/245 518/356/122 521/360/122 522/359/245
f 520/357/312 522/358/244 525/362/244 523/361/312
f 522/359/245 521/360/122 524/364/122 525/363/245
f 523/361/312 525/362/244 405/223/126 399/220/269
f 525/363/245 524/364/122 401/226/122 405/223/131
f 406/227/274 409/228/275 528/366/246 526/365/313
f 409/228/276 407/231/122 527/368/122 528/367/247
f 526/365/313 528/366/246 531/370/246 529/369/313
f 528/367/247 527/368/122 530/372/122 531/371/247
f 529/369/313 531/370/246 534/374/246 532/373/313
f 531/371/247 530/372/122 533/376/122 534/375/247
f 532/373/313 534/374/246 381/195/255 379/192/254
f 534/375/247 533/376/122 378/188/122 381/189/253
f 433/256/123 371/176/123 517/353/123 359/165/123
f 373/184/121 434/259/121 317/122/121 437/263/121
f 518/356/122 372/180/122 436/260/122 350/156/122
f 352/157/122 442/268/122 378/188/122 533/376/122
f 443/271/121 319/126/121 446/275/121 380/196/121
f 370/175/124 532/373/124 379/192/124 445/272/124
f 385/200/123 427/248/123 353/158/123 469/301/123
f 428/251/121 386/204/121 461/292/121 323/129/121
f 387/208/120 470/304/120 326/131/120 460/290/120
f 472/305/124 364/171/124 451/280/124 392/210/124
f 325/130/121 455/286/121 394/218/121 452/283/121
f 454/284/120 328/135/120 473/308/120 393/214/120
f 361/166/123 523/361/123 399/220/123 490/326/123
f 491/328/119 400/224/119 515/352/119 341/147/119
f 401/226/122 524/364/122 344/149/122 514/350/122
f 505/341/124 406/227/124 526/365/124 368/174/124
f 343/148/119 509/346/119 408/233/119 506/343/119
f 508/344/122 346/153/122 527/368/122 407/231/122
f 463/293/123 355/162/123 496/332/123 413/234/123
f 464/296/120 414/238/120 488/325/120 332/138/120
f 415/240/119 497/334/119 335/140/119 487/323/119
f 420/241/124 499/335/124 362/167/124 478/313/124
f 334/139/120 482/319/120 422/247/120 479/316/120
f 481/317/119 337/144/119 500/337/119 421/245/119
f 431/255/121 428/251/121 323/129/121 320/125/121
f 427/248/123 430/252/123 356/161/123 353/158/123
f 434/259/121 431/255/121 320/125/121 317/122/121
f 430/252/123 433/256/123 359/165/123 356/161/123
f 437/263/121 317/122/121 318/123/121 440/267/121
f 350/156/122 436/260/122 439/264/122 351/155/122
f 440/267/121 318/123/121 319/126/121 443/271/121
f 351/155/122 439/264/122 442/268/122 352/157/122
f 319/126/121 322/127/121 449/279/121 446/275/121
f 367/172/124 370/175/124 445/272/124 448/276/124
f 322/127/121 325/130/121 452/283/121 449/279/121
f 364/171/124 367/172/124 448/276/124 451/280/124
f 324/128/121 458/289/121 455/286/121 325/130/121
f 457/287/120 327/132/120 328/135/120 454/284/120
f 323/129/121 461/292/121 458/289/121 324/128/121
f 460/290/120 326/131/120 327/132/120 457/287/120
f 467/300/120 464/296/120 332/138/120 329/134/120
f 466/297/123 354/159/123 355/162/123 463/293/123
f 470/304/120 467/300/120 329/134/120 326/131/120
f 469/301/123 353/158/123 354/159/123 466/297/123
f 328/135/120 331/136/120 476/312/120 473/308/120
f 475/309/124 363/168/124 364/171/124 472/305/124
f 331/136/120 334/139/120 479/316/120 476/312/120
f 478/313/124 362/167/124 363/168/124 475/309/124
f 333/137/120 485/322/120 482/319/120 334/139/120
f 484/320/119 336/141/119 337/144/119 481/317/119
f 332/138/120 488/325/120 485/322/120 333/137/120
f 487/323/119 335/140/119 336/141/119 484/320/119
f 494/331/119 491/328/119 341/147/119 338/143/119
f 358/163/123 361/166/123 490/326/123 493/329/123
f 497/334/119 494/331/119 338/143/119 335/140/119
f 355/162/123 358/163/123 493/329/123 496/332/123
f 337/144/119 340/145/119 503/340/119 500/337/119
f 499/335/124 502/338/124 365/170/124 362/167/124
f 340/145/119 343/148/119 506/343/119 503/340/119
f 502/338/124 505/341/124 368/174/124 365/170/124
f 342/146/119 512/349/119 509/346/119 343/148/119
f 511/347/122 345/150/122 346/153/122 508/344/122
f 341/147/119 515/352/119 512/349/119 342/146/119
f 514/350/122 344/149/122 345/150/122 511/347/122
f 521/360/122 518/356/122 350/156/122 347/152/122
f 359/165/123 517/353/123 520/357/123 360/164/123
f 524/364/122 521/360/122 347/152/122 344/149/122
f 360/164/123 520/357/123 523/361/123 361/166/123
f 346/153/122 349/154/122 530/372/122 527/368/122
f 368/174/124 526/365/124 529/369/124 369/173/124
f 349/154/122 352/157/122 533/376/122 530/372/122
f 369/173/124 529/369/124 532/373/124 370/175/124
o Cube.002
v 0.025000 0.412968 -0.083174
v 0.025000 0.787968 -0.083174
v 0.025000 1.162968 -0.083174
v -0.000000 0.412968 -0.083174
v -0.000000 0.787968 -0.083174
v -0.000000 1.162968 -0.083174
v -0.025000 0.412968 -0.083174
v -0.025000 0.787968 -0.083174
v -0.025000 1.162968 -0.083174
v -0.050000 0.412968 -0.458174
v -0.050000 0.787968 -0.458174
v -0.050000 1.162968 -0.458174
v -0.050000 0.412968 -0.833174
v -0.050000 0.787968 -0.833174
v -0.050000 1.162968 -0.833174
v -0.050000 0.412968 -1.208174
v -0.050000 0.787968 -1.208174
v -0.050000 1.162968 -1.208174
v -0.025000 0.412968 -1.583174
v -0.025000 0.787968 -1.583174
v -0.025000 1.162968 -1.583174
v -0.000000 0.412968 -1.583174
v -0.000000 0.787968 -1.583174
v -0.000000 1.162968 -1.583174
v 0.025000 0.412968 -1.583174
v 0.025000 0.787968 -1.583174
v 0.025000 1.162968 -1.583174
v 0.050000 0.412968 -1.208174
v 0.050000 0.787968 -1.208174
v 0.050000 1.162968 -1.208174
v 0.050000 0.412968 -0.833174
v 0.050000 0.787968 -0.833174
v 0.050000 1.162968 -0.833174
v 0.050000 0.412968 -0.458174
v 0.050000 0.787968 -0.458174
v 0.050000 1.162968 -0.458174
v -0.025000 0.037968 -0.458174
v -0.025000 0.037968 -0.833174
v -0.025000 0.037968 -1.208174
v -0.000000 0.037968 -0.458174
v -0.000000 0.037968 -0.833174
v -0.000000 0.037968 -1.208174
v 0.025000 0.037968 -0.458174
v 0.025000 0.037968 -0.833174
v 0.025000 0.037968 -1.208174
v -0.025000 1.537968 -1.208174
v -0.025000 1.537968 -0.833174
v -0.025000 1.537968 -0.458174
v -0.000000 1.537968 -1.208174
v -0.000000 1.537968 -0.833174
v -0.000000 1.537968 -0.458174
v 0.025000 1.537968 -1.208174
v 0.025000 1.537968 -0.833174
v 0.025000 1.537968 -0.458174
v 0.048500 0.037968 -0.105674
v 0.050000 0.060468 -0.105674
v 0.048500 0.060468 -0.083174
v 0.049561 0.044558 -0.105674
v 0.049366 0.047477 -0.092683
v 0.049561 0.060467 -0.089764
v 0.048500 0.044558 -0.089764
v 0.050000 1.515468 -0.105674
v 0.048500 1.537968 -0.105674
v 0.048500 1.515468 -0.083174
v 0.049561 1.531378 -0.105674
v 0.049366 1.528458 -0.092683
v 0.048500 1.531378 -0.089764
v 0.049561 1.515468 -0.089764
v -0.048500 0.037968 -0.105674
v -0.048500 0.060468 -0.083174
v -0.050000 0.060468 -0.105674
v -0.048500 0.044558 -0.089764
v -0.049366 0.047477 -0.092683
v -0.049561 0.060467 -0.089764
v -0.049561 0.044558 -0.105674
v -0.048500 1.537968 -0.105674
v -0.050000 1.515468 -0.105674
v -0.048500 1.515468 -0.083174
v -0.049561 1.531378 -0.105674
v -0.049366 1.528458 -0.092683
v -0.049561 1.515468 -0.089764
v -0.048500 1.531378 -0.089764
v 0.048500 0.037968 -1.560674
v 0.048500 0.060468 -1.583174
v 0.050000 0.060468 -1.560674
v 0.048500 0.044558 -1.576584
v 0.049366 0.047477 -1.573665
v 0.049561 0.060467 -1.576584
v 0.049561 0.044558 -1.560674
v 0.048500 1.537968 -1.560674
v 0.050000 1.515468 -1.560674
v 0.048500 1.515468 -1.583174
v 0.049561 1.531378 -1.560674
v 0.049366 1.528458 -1.573665
v 0.049561 1.515468 -1.576584
v 0.048500 1.531378 -1.576584
v -0.048500 0.037968 -1.560674
v -0.050000 0.060468 -1.560674
v -0.048500 0.060468 -1.583174
v -0.049561 0.044558 -1.560674
v -0.049366 0.047477 -1.573665
v -0.049561 0.060467 -1.576584
v -0.048500 0.044558 -1.576584
v -0.048500 1.537968 -1.560674
v -0.048500 1.515468 -1.583174
v -0.050000 1.515468 -1.560674
v -0.048500 1.531378 -1.576584
v -0.049366 1.528458 -1.573665
v -0.049561 1.515468 -1.576584
v -0.049561 1.531378 -1.560674
v -0.025000 0.037968 -0.105674
v -0.025000 0.060468 -0.083174
v -0.025000 0.044558 -0.089764
v -0.000000 0.037968 -0.105674
v -0.000000 0.060468 -0.083174
v -0.000000 0.044558 -0.089764
v 0.025000 0.037968 -0.105674
v 0.025000 0.060468 -0.083174
v 0.025000 0.044558 -0.089764
v 0.050000 0.412968 -0.105674
v 0.048500 0.412968 -0.083174
v 0.049561 0.412968 -0.089764
v 0.050000 0.787968 -0.105674
v 0.048500 0.787968 -0.083174
v 0.049561 0.787968 -0.089764
v 0.050000 1.162968 -0.105674
v 0.048500 1.162968 -0.083174
v 0.049561 1.162968 -0.089764
v 0.025000 1.537968 -0.105674
v 0.025000 1.515468 -0.083174
v 0.025000 1.531378 -0.089764
v -0.000000 1.537968 -0.105674
v -0.000000 1.515468 -0.083174
v -0.000000 1.531378 -0.089764
v -0.025000 1.537968 -0.105674
v -0.025000 1.515468 -0.083174
v -0.025000 1.531378 -0.089764
v -0.050000 1.162968 -0.105674
v -0.048500 1.162968 -0.083174
v -0.049561 1.162968 -0.089764
v -0.050000 0.787968 -0.105674
v -0.048500 0.787968 -0.083174
v -0.049561 0.787968 -0.089764
v -0.050000 0.412968 -0.105674
v -0.048500 0.412968 -0.083174
v -0.049561 0.412968 -0.089764
v -0.048500 0.037968 -1.208174
v -0.050000 0.060468 -1.208174
v -0.049561 0.044558 -1.208174
v -0.048500 0.037968 -0.833174
v -0.050000 0.060468 -0.833174
v -0.049561 0.044558 -0.833174
v -0.048500 0.037968 -0.458174
v -0.050000 0.060468 -0.458174
v -0.049561 0.044558 -0.458174
v -0.048500 1.537968 -0.458174
v -0.050000 1.515468 -0.458174
v -0.049561 1.531378 -0.458174
v -0.048500 1.537968 -0.833174
v -0.050000 1.515468 -0.833174
v -0.049561 1.531378 -0.833174
v -0.048500 1.537968 -1.208174
v -0.050000 1.515468 -1.208174
v -0.049561 1.531378 -1.208174
v -0.048500 1.162968 -1.583174
v -0.050000 1.162968 -1.560674
v -0.049561 1.162968 -1.576584
v -0.048500 0.787968 -1.583174
v -0.050000 0.787968 -1.560674
v -0.049561 0.787968 -1.576584
v -0.048500 0.412968 -1.583174
v -0.050000 0.412968 -1.560674
v -0.049561 0.412968 -1.576584
v 0.025000 0.037968 -1.560674
v 0.025000 0.060468 -1.583174
v 0.025000 0.044558 -1.576584
v -0.000000 0.037968 -1.560674
v -0.000000 0.060468 -1.583174
v -0.000000 0.044558 -1.576584
v -0.025000 0.037968 -1.560674
v -0.025000 0.060468 -1.583174
v -0.025000 0.044558 -1.576584
v -0.025000 1.537968 -1.560674
v -0.025000 1.515468 -1.583174
v -0.025000 1.531378 -1.576584
v -0.000000 1.537968 -1.560674
v -0.000000 1.515468 -1.583174
v -0.000000 1.531378 -1.576584
v 0.025000 1.537968 -1.560674
v 0.025000 1.515468 -1.583174
v 0.025000 1.531378 -1.576584
v 0.050000 1.162968 -1.560674
v 0.048500 1.162968 -1.583174
v 0.049561 1.162968 -1.576584
v 0.050000 0.787968 -1.560674
v 0.048500 0.787968 -1.583174
v 0.049561 0.787968 -1.576584
v 0.050000 0.412968 -1.560674
v 0.048500 0.412968 -1.583174
v 0.049561 0.412968 -1.576584
v 0.048500 0.037968 -0.458174
v 0.050000 0.060468 -0.458174
v 0.049561 0.044558 -0.458174
v 0.048500 0.037968 -0.833174
v 0.050000 0.060468 -0.833174
v 0.049561 0.044558 -0.833174
v 0.048500 0.037968 -1.208174
v 0.050000 0.060468 -1.208174
v 0.049561 0.044558 -1.208174
v 0.048500 1.537968 -1.208174
v 0.050000 1.515468 -1.208174
v 0.049561 1.531378 -1.208174
v 0.048500 1.537968 -0.833174
v 0.050000 1.515468 -0.833174
v 0.049561 1.531378 -0.833174
v 0.048500 1.537968 -0.458174
v 0.050000 1.515468 -0.458174
v 0.049561 1.531378 -0.458174
v 0.025000 0.412968 0.083174
v 0.025000 0.787968 0.083174
v 0.025000 1.162968 0.083174
v -0.000000 0.412968 0.083174
v -0.000000 0.787968 0.083174
v -0.000000 1.162968 0.083174
v -0.025000 0.412968 0.083174
v -0.025000 0.787968 0.083174
v -0.025000 1.162968 0.083174
v -0.050000 0.412968 0.458174
v -0.050000 0.787968 0.458174
v -0.050000 1.162968 0.458174
v -0.050000 0.412968 0.833174
v -0.050000 0.787968 0.833174
v -0.050000 1.162968 0.833174
v -0.050000 0.412968 1.208174
v -0.050000 0.787968 1.208174
v -0.050000 1.162968 1.208174
v -0.025000 0.412968 1.583174
v -0.025000 0.787968 1.583174
v -0.025000 1.162968 1.583174
v -0.000000 0.412968 1.583174
v -0.000000 0.787968 1.583174
v -0.000000 1.162968 1.583174
v 0.025000 0.412968 1.583174
v 0.025000 0.787968 1.583174
v 0.025000 1.162968 1.583174
v 0.050000 0.412968 1.208174
v 0.050000 0.787968 1.208174
v 0.050000 1.162968 1.208174
v 0.050000 0.412968 0.833174
v 0.050000 0.787968 0.833174
v 0.050000 1.162968 0.833174
v 0.050000 0.412968 0.458174
v 0.050000 0.787968 0.458174
v 0.050000 1.162968 0.458174
v -0.025000 0.037968 0.458174
v -0.025000 0.037968 0.833174
v -0.025000 0.037968 1.208174
v -0.000000 0.037968 0.458174
v -0.000000 0.037968 0.833174
v -0.000000 0.037968 1.208174
v 0.025000 0.037968 0.458174
v 0.025000 0.037968 0.833174
v 0.025000 0.037968 1.208174
v -0.025000 1.537968 1.208174
v -0.025000 1.537968 0.833174
v -0.025000 1.537968 0.458174
v -0.000000 1.537968 1.208174
v -0.000000 1.537968 0.833174
v -0.000000 1.537968 0.458174
v 0.025000 1.537968 1.208174
v 0.025000 1.537968 0.833174
v 0.025000 1.537968 0.458174
v 0.048500 0.037968 0.105674
v 0.050000 0.060468 0.105674
v 0.048500 0.060468 0.083174
v 0.049561 0.044558 0.105674
v 0.049366 0.047477 0.092683
v 0.049561 0.060468 0.089764
v 0.048500 0.044558 0.089764
v 0.050000 1.515468 0.105674
v 0.048500 1.537968 0.105674
v 0.048500 1.515468 0.083174
v 0.049561 1.531378 0.105674
v 0.049366 1.528458 0.092683
v 0.048500 1.531378 0.089764
v 0.049561 1.515468 0.089764
v -0.048500 0.037968 0.105674
v -0.048500 0.060468 0.083174
v -0.050000 0.060468 0.105674
v -0.048500 0.044558 0.089764
v -0.049366 0.047477 0.092683
v -0.049561 0.060468 0.089764
v -0.049561 0.044558 0.105674
v -0.048500 1.537968 0.105674
v -0.050000 1.515468 0.105674
v -0.048500 1.515468 0.083174
v -0.049561 1.531378 0.105674
v -0.049366 1.528458 0.092683
v -0.049561 1.515468 0.089764
v -0.048500 1.531378 0.089764
v 0.048500 0.037968 1.560674
v 0.048500 0.060468 1.583174
v 0.050000 0.060468 1.560674
v 0.048500 0.044558 1.576584
v 0.049366 0.047477 1.573664
v 0.049561 0.060468 1.576584
v 0.049561 0.044558 1.560674
v 0.048500 1.537968 1.560674
v 0.050000 1.515468 1.560674
v 0.048500 1.515468 1.583174
v 0.049561 1.531378 1.560674
v 0.049366 1.528458 1.573664
v 0.049561 1.515468 1.576584
v 0.048500 1.531378 1.576584
v -0.048500 0.037968 1.560674
v -0.050000 0.060468 1.560674
v -0.048500 0.060468 1.583174
v -0.049561 0.044558 1.560674
v -0.049366 0.047477 1.573664
v -0.049561 0.060468 1.576584
v -0.048500 0.044558 1.576584
v -0.048500 1.537968 1.560674
v -0.048500 1.515468 1.583174
v -0.050000 1.515468 1.560674
v -0.048500 1.531378 1.576584
v -0.049366 1.528458 1.573664
v -0.049561 1.515468 1.576584
v -0.049561 1.531378 1.560674
v -0.025000 0.037968 0.105674
v -0.025000 0.060468 0.083174
v -0.025000 0.044558 0.089764
v -0.000000 0.037968 0.105674
v -0.000000 0.060468 0.083174
v -0.000000 0.044558 0.089764
v 0.025000 0.037968 0.105674
v 0.025000 0.060468 0.083174
v 0.025000 0.044558 0.089764
v 0.050000 0.412968 0.105674
v 0.048500 0.412968 0.083174
v 0.049561 0.412968 0.089764
v 0.050000 0.787968 0.105674
v 0.048500 0.787968 0.083174
v 0.049561 0.787968 0.089764
v 0.050000 1.162968 0.105674
v 0.048500 1.162968 0.083174
v 0.049561 1.162968 0.089764
v 0.025000 1.537968 0.105674
v 0.025000 1.515468 0.083174
v 0.025000 1.531378 0.089764
v -0.000000 1.537968 0.105674
v -0.000000 1.515468 0.083174
v -0.000000 1.531378 0.089764
v -0.025000 1.537968 0.105674
v -0.025000 1.515468 0.083174
v -0.025000 1.531378 0.089764
v -0.050000 1.162968 0.105674
v -0.048500 1.162968 0.083174
v -0.049561 1.162968 0.089764
v -0.050000 0.787968 0.105674
v -0.048500 0.787968 0.083174
v -0.049561 0.787968 0.089764
v -0.050000 0.412968 0.105674
v -0.048500 0.412968 0.083174
v -0.049561 0.412968 0.089764
v -0.048500 0.037968 1.208174
v -0.050000 0.060468 1.208174
v -0.049561 0.044558 1.208174
v -0.048500 0.037968 0.833174
v -0.050000 0.060468 0.833174
v -0.049561 0.044558 0.833174
v -0.048500 0.037968 0.458174
v -0.050000 0.060468 0.458174
v -0.049561 0.044558 0.458174
v -0.048500 1.537968 0.458174
v -0.050000 1.515468 0.458174
v -0.049561 1.531378 0.458174
v -0.048500 1.537968 0.833174
v -0.050000 1.515468 0.833174
v -0.049561 1.531378 0.833174
v -0.048500 1.537968 1.208174
v -0.050000 1.515468 1.208174
v -0.049561 1.531378 1.208174
v -0.048500 1.162968 1.583174
v -0.050000 1.162968 1.560674
v -0.049561 1.162968 1.576584
v -0.048500 0.787968 1.583174
v -0.050000 0.787968 1.560674
v -0.049561 0.787968 1.576584
v -0.048500 0.412968 1.583174
v -0.050000 0.412968 1.560674
v -0.049561 0.412968 1.576584
v 0.025000 0.037968 1.560674
v 0.025000 0.060468 1.583174
v 0.025000 0.044558 1.576584
v -0.000000 0.037968 1.560674
v -0.000000 0.060468 1.583174
v -0.000000 0.044558 1.576584
v -0.025000 0.037968 1.560674
v -0.025000 0.060468 1.583174
v -0.025000 0.044558 1.576584
v -0.025000 1.537968 1.560674
v -0.025000 1.515468 1.583174
v -0.025000 1.531378 1.576584
v -0.000000 1.537968 1.560674
v -0.000000 1.515468 1.583174
v -0.000000 1.531378 1.576584
v 0.025000 1.537968 1.560674
v 0.025000 1.515468 1.583174
v 0.025000 1.531378 1.576584
v 0.050000 1.162968 1.560674
v 0.048500 1.162968 1.583174
v 0.049561 1.162968 1.576584
v 0.050000 0.787968 1.560674
v 0.048500 0.787968 1.583174
v 0.049561 0.787968 1.576584
v 0.050000 0.412968 1.560674
v 0.048500 0.412968 1.583174
v 0.049561 0.412968 1.576584
v 0.048500 0.037968 0.458174
v 0.050000 0.060468 0.458174
v 0.049561 0.044558 0.458174
v 0.048500 0.037968 0.833174
v 0.050000 0.060468 0.833174
v 0.049561 0.044558 0.833174
v 0.048500 0.037968 1.208174
v 0.050000 0.060468 1.208174
v 0.049561 0.044558 1.208174
v 0.048500 1.537968 1.208174
v 0.050000 1.515468 1.208174
v 0.049561 1.531378 1.208174
v 0.048500 1.537968 0.833174
v 0.050000 1.515468 0.833174
v 0.049561 1.531378 0.833174
v 0.048500 1.537968 0.458174
v 0.050000 1.515468 0.458174
v 0.049561 1.531378 0.458174
vn -0.0000 -0.0000 1.0000
vn -1.0000 -0.0000 -0.0000
vn -0.0000 -0.0000 -1.0000
vn 1.0000 -0.0000 -0.0000
vn -0.0000 -1.0000 -0.0000
vn -0.0000 1.0000 -0.0000
vn 0.0002 -1.0000 -0.0000
vn 0.9557 -0.2910 0.0443
vn 0.9817 -0.1788 0.0654
vn 0.9684 -0.2419 0.0607
vn 0.9998 -0.0102 0.0146
vn 0.9994 -0.0244 0.0244
vn 0.9998 -0.0146 0.0102
vn 0.0005 -0.0000 1.0000
vn 0.5875 -0.2099 0.7815
vn 0.9817 -0.0654 0.1788
vn 0.9557 -0.0443 0.2910
vn 0.9998 0.0146 0.0102
vn 0.9994 0.0244 0.0244
vn 0.9997 0.0178 0.0167
vn 0.0005 1.0000 -0.0000
vn 0.9125 0.3995 0.0875
vn 0.9817 0.1788 0.0654
vn 0.9557 0.2910 0.0443
vn 0.0001 -0.0000 1.0000
vn 0.9705 0.0121 0.2409
vn 0.9817 0.0654 0.1788
vn 0.9126 0.0875 0.3995
vn -0.0005 -1.0000 -0.0000
vn -0.9126 -0.3994 0.0874
vn -0.9817 -0.1788 0.0654
vn -0.9642 -0.2562 0.0684
vn -0.0002 -0.0000 1.0000
vn -0.9557 -0.0443 0.2910
vn -0.9817 -0.0654 0.1788
vn -0.9125 -0.0875 0.3996
vn -0.9998 -0.0179 0.0033
vn -0.9994 -0.0244 0.0244
vn -0.9998 -0.0102 0.0146
vn -0.0002 1.0000 -0.0000
vn -0.9557 0.2910 0.0443
vn -0.9817 0.1788 0.0654
vn -0.9684 0.2419 0.0607
vn -0.9998 0.0102 0.0146
vn -0.9994 0.0244 0.0244
vn -0.9998 0.0146 0.0102
vn -0.0006 -0.0000 1.0000
vn -0.5875 0.2099 0.7815
vn -0.9817 0.0654 0.1788
vn -0.9557 0.0443 0.2910
vn 0.0005 -1.0000 -0.0000
vn 0.9125 -0.3995 -0.0875
vn 0.9817 -0.1788 -0.0654
vn 0.9642 -0.2562 -0.0684
vn 0.0002 -0.0000 -1.0000
vn 0.9557 -0.0443 -0.2910
vn 0.9817 -0.0654 -0.1788
vn 0.9126 -0.0875 -0.3995
vn 0.9998 -0.0179 -0.0033
vn 0.9994 -0.0244 -0.0244
vn 0.9998 -0.0102 -0.0146
vn 0.0002 1.0000 -0.0000
vn 0.9557 0.2910 -0.0443
vn 0.9817 0.1788 -0.0654
vn 0.9684 0.2419 -0.0607
vn 0.9998 0.0102 -0.0146
vn 0.9994 0.0244 -0.0244
vn 0.9998 0.0146 -0.0102
vn 0.0006 -0.0000 -1.0000
vn 0.5875 0.2099 -0.7815
vn 0.9817 0.0654 -0.1788
vn 0.9557 0.0443 -0.2910
vn -0.0002 -1.0000 -0.0000
vn -0.9557 -0.2910 -0.0443
vn -0.9817 -0.1788 -0.0654
vn -0.9684 -0.2419 -0.0607
vn -0.9998 -0.0102 -0.0146
vn -0.9994 -0.0244 -0.0244
vn -0.9998 -0.0146 -0.0102
vn -0.0006 -0.0000 -1.0000
vn -0.5875 -0.2099 -0.7815
vn -0.9817 -0.0654 -0.1788
vn -0.9557 -0.0443 -0.2910
vn -0.0005 1.0000 -0.0000
vn -0.9125 0.3995 -0.0875
vn -0.9817 0.1788 -0.0654
vn -0.9642 0.2562 -0.0684
vn -0.0002 -0.0000 -1.0000
vn -0.9557 0.0443 -0.2910
vn -0.9817 0.0654 -0.1788
vn -0.9126 0.0875 -0.3995
vn -0.9998 0.0179 -0.0033
vn -0.9994 0.0244 -0.0244
vn -0.9998 0.0102 -0.0146
vn 0.0003 -1.0000 -0.0000
vn -0.0000 -0.9239 0.3827
vn -0.0000 -0.3827 0.9239
vn -0.0003 -0.0000 1.0000
vn 0.0003 -0.0000 1.0000
vn 0.9996 -0.0000 0.0276
vn 0.9873 -0.0000 0.1589
vn 0.0003 1.0000 -0.0000
vn -0.0000 0.9239 0.3827
vn -0.0000 0.3827 0.9239
vn -0.9996 -0.0000 0.0276
vn -0.9873 -0.0000 0.1589
vn -0.0005 -0.0000 1.0000
vn -0.9873 -0.1589 -0.0000
vn -0.9996 -0.0276 -0.0000
vn -0.9873 0.1589 -0.0000
vn -0.9996 0.0276 -0.0000
vn -0.0005 -0.0000 -1.0000
vn -0.9873 -0.0000 -0.1589
vn -0.9996 -0.0000 -0.0276
vn -0.0003 -1.0000 -0.0000
vn -0.0000 -0.9239 -0.3827
vn -0.0000 -0.3827 -0.9239
vn -0.0003 -0.0000 -1.0000
vn 0.0003 -0.0000 -1.0000
vn -0.0000 0.9239 -0.3827
vn -0.0000 0.3827 -0.9239
vn -0.0003 1.0000 -0.0000
vn 0.9996 -0.0000 -0.0276
vn 0.9873 -0.0000 -0.1589
vn 0.0005 -0.0000 -1.0000
vn 0.9873 -0.1589 -0.0000
vn 0.9996 -0.0276 -0.0000
vn 0.9873 0.1589 -0.0000
vn 0.9996 0.0276 -0.0000
vn 0.0009 -1.0000 -0.0001
vn 0.9997 -0.0178 -0.0167
vn 0.0009 -0.0001 -1.0000
vn 0.9705 -0.0121 -0.2408
vn 0.9126 -0.0875 -0.3994
vn 0.9998 0.0101 -0.0146
vn 0.9997 0.0167 -0.0178
vn 0.0009 1.0000 -0.0001
vn 0.9705 0.2408 -0.0121
vn 0.0009 0.0001 -1.0000
vn 0.5878 0.2099 -0.7813
vn 0.9557 0.0443 -0.2909
vn -0.0009 -1.0000 -0.0001
vn -0.9557 -0.2909 -0.0443
vn -0.0010 -0.0001 -1.0000
vn -0.5875 -0.2100 -0.7815
vn -0.9642 -0.0684 -0.2562
vn -0.9998 -0.0033 -0.0179
vn -0.0009 1.0000 -0.0001
vn -0.9126 0.3995 -0.0875
vn -0.9997 0.0178 -0.0167
vn -0.0009 0.0001 -1.0000
vn -0.9705 0.0121 -0.2408
vn -0.9126 0.0875 -0.3994
vn 0.0009 -1.0000 0.0001
vn 0.9557 -0.2909 0.0443
vn 0.0010 -0.0001 1.0000
vn 0.5877 -0.2099 0.7813
vn 0.9642 -0.0684 0.2562
vn 0.9998 -0.0033 0.0179
vn 0.0010 1.0000 0.0001
vn 0.9642 0.2562 0.0684
vn 0.9998 0.0179 0.0033
vn 0.0010 0.0001 1.0000
vn 0.9705 0.0121 0.2408
vn 0.9126 0.0875 0.3994
vn -0.0009 -1.0000 0.0001
vn -0.9125 -0.3995 0.0875
vn -0.9997 -0.0178 0.0167
vn -0.0010 -0.0001 1.0000
vn -0.9705 -0.0121 0.2408
vn -0.9126 -0.0875 0.3994
vn -0.0009 1.0000 0.0001
vn -0.9557 0.2909 0.0443
vn -0.0010 0.0001 1.0000
vn -0.5877 0.2099 0.7813
vn -0.9642 0.0684 0.2562
vn -0.9998 0.0033 0.0179
vn 0.0003 -1.0000 -0.0001
vn -0.0003 -0.0001 -1.0000
vn 0.0003 -0.0001 -1.0000
vn 0.0012 -0.0000 -1.0000
vn 0.0003 1.0000 -0.0001
vn 0.0003 0.0001 -1.0000
vn -0.0013 -0.0000 -1.0000
vn -0.0012 -1.0000 -0.0000
vn -0.0012 1.0000 -0.0000
vn -0.0007 -0.0000 1.0000
vn -0.0013 -0.0000 1.0000
vn -0.0003 -1.0000 0.0001
vn -0.0003 -0.0001 1.0000
vn 0.0003 -1.0000 0.0001
vn 0.0003 -0.0001 1.0000
vn 0.0003 1.0000 0.0001
vn 0.0003 0.0001 1.0000
vn -0.0003 1.0000 0.0001
vn -0.0003 0.0001 1.0000
vn 0.0007 -0.0000 1.0000
vn 0.0013 -0.0000 1.0000
vn 0.0012 -1.0000 -0.0000
vn 0.0012 1.0000 -0.0000
vt 0.437500 0.062500
vt 0.500000 0.062500
vt 0.500000 0.125000
vt 0.437500 0.125000
vt 0.562500 0.062500
vt 0.562500 0.125000
vt 0.500000 0.187500
vt 0.437500 0.187500
vt 0.562500 0.187500
vt 0.437500 0.312500
vt 0.500000 0.312500
vt 0.500000 0.375000
vt 0.437500 0.375000
vt 0.562500 0.312500
vt 0.562500 0.375000
vt 0.500000 0.437500
vt 0.437500 0.437500
vt 0.562500 0.437500
vt 0.437500 0.562500
vt 0.500000 0.562500
vt 0.500000 0.625000
vt 0.437500 0.625000
vt 0.562500 0.562500
vt 0.562500 0.625000
vt 0.500000 0.687500
vt 0.437500 0.687500
vt 0.562500 0.687500
vt 0.437500 0.812500
vt 0.500000 0.812500
vt 0.500000 0.875000
vt 0.437500 0.875000
vt 0.562500 0.812500
vt 0.562500 0.875000
vt 0.500000 0.937500
vt 0.437500 0.937500
vt 0.562500 0.937500
vt 0.187500 0.562500
vt 0.250000 0.562500
vt 0.250000 0.625000
vt 0.187500 0.625000
vt 0.312500 0.562500
vt 0.312500 0.625000
vt 0.250000 0.687500
vt 0.187500 0.687500
vt 0.312500 0.687500
vt 0.687500 0.562500
vt 0.750000 0.562500
vt 0.750000 0.625000
vt 0.687500 0.625000
vt 0.812500 0.562500
vt 0.812500 0.625000
vt 0.750000 0.687500
vt 0.687500 0.687500
vt 0.812500 0.687500
vt 0.128750 0.746250
vt 0.128750 0.750000
vt 0.126585 0.750000
vt 0.125000 0.746250
vt 0.378750 0.996250
vt 0.378750 1.000000
vt 0.376585 1.000000
vt 0.375000 0.996250
vt 0.378750 0.003750
vt 0.375000 0.003750
vt 0.375000 0.001585
vt 0.378750 0.000000
vt 0.621250 0.996250
vt 0.625000 0.996250
vt 0.625000 0.998415
vt 0.621250 1.000000
vt 0.871250 0.746250
vt 0.875000 0.746250
vt 0.875000 0.748415
vt 0.871250 0.750000
vt 0.621250 0.003750
vt 0.621250 0.000000
vt 0.623415 0.000000
vt 0.625000 0.003750
vt 0.128750 0.503750
vt 0.125000 0.503750
vt 0.125000 0.501585
vt 0.128750 0.500000
vt 0.378750 0.246250
vt 0.378750 0.250000
vt 0.375793 0.250793
vt 0.375000 0.246250
vt 0.378750 0.253750
vt 0.375000 0.253750
vt 0.871250 0.503750
vt 0.871250 0.500000
vt 0.873415 0.500000
vt 0.875000 0.503750
vt 0.621250 0.253750
vt 0.621250 0.250000
vt 0.624208 0.249208
vt 0.625000 0.253750
vt 0.621250 0.246250
vt 0.625000 0.246250
vt 0.371250 0.746250
vt 0.375000 0.746250
vt 0.375528 0.750000
vt 0.373125 0.751875
vt 0.378750 0.746250
vt 0.378750 0.750000
vt 0.378750 0.753750
vt 0.628750 0.746250
vt 0.626875 0.751875
vt 0.625000 0.749472
vt 0.625000 0.746250
vt 0.621250 0.753750
vt 0.621250 0.750000
vt 0.621250 0.746250
vt 0.371250 0.503750
vt 0.373125 0.498125
vt 0.375000 0.500528
vt 0.375000 0.503750
vt 0.378750 0.496250
vt 0.378750 0.500000
vt 0.378750 0.503750
vt 0.628750 0.503750
vt 0.625000 0.503750
vt 0.624472 0.500000
vt 0.626875 0.498125
vt 0.621250 0.503750
vt 0.621250 0.500000
vt 0.621250 0.496250
vt 0.128750 0.562500
vt 0.125000 0.562500
vt 0.375000 0.187500
vt 0.378750 0.187500
vt 0.128750 0.625000
vt 0.125000 0.625000
vt 0.375000 0.125000
vt 0.378750 0.125000
vt 0.128750 0.687500
vt 0.125000 0.687500
vt 0.375000 0.062500
vt 0.378750 0.062500
vt 0.437500 0.996250
vt 0.437500 1.000000
vt 0.437500 0.000000
vt 0.437500 0.003750
vt 0.500000 0.996250
vt 0.500000 1.000000
vt 0.500000 0.000000
vt 0.500000 0.003750
vt 0.562500 0.996250
vt 0.562500 1.000000
vt 0.562500 0.000000
vt 0.562500 0.003750
vt 0.871250 0.687500
vt 0.875000 0.687500
vt 0.625000 0.062500
vt 0.621250 0.062500
vt 0.871250 0.625000
vt 0.875000 0.625000
vt 0.625000 0.125000
vt 0.621250 0.125000
vt 0.871250 0.562500
vt 0.875000 0.562500
vt 0.625000 0.187500
vt 0.621250 0.187500
vt 0.562500 0.253750
vt 0.562500 0.250000
vt 0.562500 0.246250
vt 0.500000 0.253750
vt 0.500000 0.250000
vt 0.500000 0.246250
vt 0.437500 0.253750
vt 0.437500 0.250000
vt 0.437500 0.246250
vt 0.312500 0.503750
vt 0.312500 0.500000
vt 0.375000 0.437500
vt 0.378750 0.437500
vt 0.250000 0.503750
vt 0.250000 0.500000
vt 0.375000 0.375000
vt 0.378750 0.375000
vt 0.187500 0.503750
vt 0.187500 0.500000
vt 0.375000 0.312500
vt 0.378750 0.312500
vt 0.812500 0.503750
vt 0.812500 0.500000
vt 0.625000 0.312500
vt 0.621250 0.312500
vt 0.750000 0.503750
vt 0.750000 0.500000
vt 0.625000 0.375000
vt 0.621250 0.375000
vt 0.687500 0.503750
vt 0.687500 0.500000
vt 0.625000 0.437500
vt 0.621250 0.437500
vt 0.562500 0.503750
vt 0.562500 0.500000
vt 0.562500 0.496250
vt 0.500000 0.503750
vt 0.500000 0.500000
vt 0.500000 0.496250
vt 0.437500 0.503750
vt 0.437500 0.500000
vt 0.437500 0.496250
vt 0.371250 0.687500
vt 0.375000 0.687500
vt 0.378750 0.687500
vt 0.371250 0.625000
vt 0.375000 0.625000
vt 0.378750 0.625000
vt 0.371250 0.562500
vt 0.375000 0.562500
vt 0.378750 0.562500
vt 0.628750 0.562500
vt 0.625000 0.562500
vt 0.621250 0.562500
vt 0.628750 0.625000
vt 0.625000 0.625000
vt 0.621250 0.625000
vt 0.628750 0.687500
vt 0.625000 0.687500
vt 0.621250 0.687500
vt 0.562500 0.753750
vt 0.562500 0.750000
vt 0.562500 0.746250
vt 0.500000 0.753750
vt 0.500000 0.750000
vt 0.500000 0.746250
vt 0.437500 0.753750
vt 0.437500 0.750000
vt 0.437500 0.746250
vt 0.187500 0.746250
vt 0.187500 0.750000
vt 0.375000 0.937500
vt 0.378750 0.937500
vt 0.250000 0.746250
vt 0.250000 0.750000
vt 0.375000 0.875000
vt 0.378750 0.875000
vt 0.312500 0.746250
vt 0.312500 0.750000
vt 0.375000 0.812500
vt 0.378750 0.812500
vt 0.687500 0.746250
vt 0.687500 0.750000
vt 0.625000 0.812500
vt 0.621250 0.812500
vt 0.750000 0.746250
vt 0.750000 0.750000
vt 0.625000 0.875000
vt 0.621250 0.875000
vt 0.812500 0.746250
vt 0.812500 0.750000
vt 0.625000 0.937500
vt 0.621250 0.937500
s 1
f 535/377/314 536/378/314 539/379/314 538/380/314
f 536/378/314 537/381/314 540/382/314 539/379/314
f 538/380/314 539/379/314 542/383/314 541/384/314
f 539/379/314 540/382/314 543/385/314 542/383/314
f 544/386/315 545/387/315 548/388/315 547/389/315
f 545/387/315 546/390/315 549/391/315 548/388/315
f 547/389/315 548/388/315 551/392/315 550/393/315
f 548/388/315 549/391/315 552/394/315 551/392/315
f 553/395/316 554/396/316 557/397/316 556/398/316
f 554/396/316 555/399/316 558/400/316 557/397/316
f 556/398/316 557/397/316 560/401/316 559/402/316
f 557/397/316 558/400/316 561/403/316 560/401/316
f 562/404/317 563/405/317 566/406/317 565/407/317
f 563/405/317 564/408/317 567/409/317 566/406/317
f 565/407/317 566/406/317 569/410/317 568/411/317
f 566/406/317 567/409/317 570/412/317 569/410/317
f 571/413/318 572/414/318 575/415/318 574/416/318
f 572/414/318 573/417/318 576/418/318 575/415/318
f 574/416/318 575/415/318 578/419/318 577/420/318
f 575/415/318 576/418/318 579/421/318 578/419/318
f 580/422/319 581/423/319 584/424/319 583/425/319
f 581/423/319 582/426/319 585/427/319 584/424/319
f 583/425/319 584/424/319 587/428/319 586/429/319
f 584/424/319 585/427/319 588/430/319 587/428/319
f 589/431/320 592/432/321 593/433/322 595/434/323
f 590/435/317 594/436/324 593/437/325 592/438/326
f 591/439/327 595/440/328 593/441/329 594/442/330
f 596/443/317 599/444/331 600/445/332 602/446/333
f 597/447/334 601/448/335 600/449/336 599/450/337
f 598/451/338 602/452/339 600/453/340 601/454/341
f 603/455/342 606/456/343 607/457/344 609/458/345
f 604/459/346 608/460/347 607/461/348 606/462/349
f 605/463/315 609/464/350 607/461/351 608/460/352
f 610/465/353 613/466/354 614/467/355 616/468/356
f 611/469/315 615/470/357 614/471/358 613/472/359
f 612/473/360 616/474/361 614/471/362 615/470/363
f 617/475/364 620/476/365 621/477/366 623/478/367
f 618/479/368 622/480/369 621/477/370 620/476/371
f 619/481/317 623/478/372 621/477/373 622/480/374
f 624/482/375 627/483/376 628/484/377 630/485/378
f 625/486/317 629/487/379 628/484/380 627/483/381
f 626/488/382 630/485/383 628/484/384 629/487/385
f 631/489/386 634/490/387 635/491/388 637/492/389
f 632/493/315 636/494/390 635/491/391 634/490/392
f 633/495/393 637/492/394 635/491/395 636/494/396
f 638/496/397 641/497/398 642/498/399 644/499/400
f 639/500/401 643/501/402 642/498/403 641/497/404
f 640/502/315 644/499/405 642/498/406 643/501/407
f 603/455/342 645/503/408 647/504/409 606/456/343
f 606/462/349 647/505/410 646/506/411 604/459/346
f 645/503/408 648/507/408 650/508/409 647/504/409
f 647/505/410 650/509/410 649/510/411 646/506/411
f 648/507/408 651/511/408 653/512/409 650/508/409
f 650/509/410 653/513/410 652/514/412 649/510/411
f 651/511/408 589/431/320 595/434/323 653/512/409
f 653/513/410 595/440/328 591/439/327 652/514/412
f 590/435/317 654/515/317 656/516/413 594/436/324
f 594/442/330 656/517/414 655/518/327 591/439/327
f 654/515/317 657/519/317 659/520/413 656/516/413
f 656/517/414 659/521/414 658/522/327 655/518/327
f 657/519/317 660/523/317 662/524/413 659/520/413
f 659/521/414 662/525/414 661/526/327 658/522/327
f 660/523/317 596/443/317 602/446/333 662/524/413
f 662/525/414 602/452/339 598/451/338 661/526/327
f 597/447/334 663/527/415 665/528/416 601/448/335
f 601/454/341 665/529/417 664/530/412 598/451/338
f 663/527/415 666/531/415 668/532/416 665/528/416
f 665/529/417 668/533/417 667/534/412 664/530/412
f 666/531/415 669/535/415 671/536/416 668/532/416
f 668/533/417 671/537/417 670/538/412 667/534/412
f 669/535/415 610/465/353 616/468/356 671/536/416
f 671/537/417 616/474/361 612/473/360 670/538/412
f 611/469/315 672/539/315 674/540/418 615/470/357
f 615/470/363 674/540/419 673/541/420 612/473/360
f 672/539/315 675/542/315 677/543/418 674/540/418
f 674/540/419 677/543/419 676/544/420 673/541/420
f 675/542/315 678/545/315 680/546/418 677/543/418
f 677/543/419 680/546/419 679/547/420 676/544/420
f 678/545/315 605/463/315 608/460/352 680/546/418
f 680/546/419 608/460/347 604/459/346 679/547/420
f 631/489/386 681/548/342 683/549/421 634/490/387
f 634/490/392 683/550/422 682/551/315 632/493/315
f 681/548/342 684/552/342 686/553/421 683/549/421
f 683/550/422 686/554/422 685/555/315 682/551/315
f 684/552/342 687/556/342 689/557/421 686/553/421
f 686/554/422 689/558/422 688/559/315 685/555/315
f 687/556/342 603/455/342 609/458/345 689/557/421
f 689/558/422 609/464/350 605/463/315 688/559/315
f 610/465/353 690/560/397 692/561/423 613/466/354
f 613/472/359 692/562/424 691/563/315 611/469/315
f 690/560/397 693/564/397 695/565/423 692/561/423
f 692/562/424 695/566/424 694/567/315 691/563/315
f 693/564/397 696/568/397 698/569/423 695/565/423
f 695/566/424 698/570/424 697/571/315 694/567/315
f 696/568/397 638/496/397 644/499/400 698/569/423
f 698/570/424 644/499/405 640/502/315 697/571/315
f 639/500/401 699/572/425 701/573/426 643/501/402
f 643/501/407 701/573/427 700/574/315 640/502/315
f 699/572/425 702/575/425 704/576/426 701/573/426
f 701/573/427 704/576/427 703/577/315 700/574/315
f 702/575/425 705/578/425 707/579/426 704/576/426
f 704/576/427 707/579/427 706/580/315 703/577/315
f 705/578/425 633/495/393 636/494/396 707/579/426
f 707/579/427 636/494/390 632/493/315 706/580/315
f 617/475/364 708/581/428 710/582/429 620/476/365
f 620/476/371 710/582/430 709/583/431 618/479/368
f 708/581/428 711/584/408 713/585/429 710/582/429
f 710/582/430 713/585/430 712/586/431 709/583/431
f 711/584/408 714/587/408 716/588/429 713/585/429
f 713/585/430 716/588/430 715/589/432 712/586/431
f 714/587/408 631/489/386 637/492/389 716/588/429
f 716/588/430 637/492/394 633/495/393 715/589/432
f 638/496/397 717/590/415 719/591/433 641/497/398
f 641/497/404 719/591/434 718/592/432 639/500/401
f 717/590/415 720/593/435 722/594/433 719/591/433
f 719/591/434 722/594/434 721/595/432 718/592/432
f 720/593/435 723/596/435 725/597/433 722/594/433
f 722/594/434 725/597/434 724/598/431 721/595/432
f 723/596/435 624/482/375 630/485/378 725/597/433
f 725/597/434 630/485/383 626/488/382 724/598/431
f 625/486/317 726/599/317 728/600/436 629/487/379
f 629/487/385 728/600/437 727/601/438 626/488/382
f 726/599/317 729/602/317 731/603/436 728/600/436
f 728/600/437 731/603/437 730/604/438 727/601/438
f 729/602/317 732/605/317 734/606/436 731/603/436
f 731/603/437 734/606/437 733/607/438 730/604/438
f 732/605/317 619/481/317 622/480/374 734/606/436
f 734/606/437 622/480/369 618/479/368 733/607/438
f 589/431/320 735/608/364 737/609/439 592/432/321
f 592/438/326 737/610/440 736/611/317 590/435/317
f 735/608/364 738/612/364 740/613/439 737/609/439
f 737/610/440 740/614/440 739/615/317 736/611/317
f 738/612/364 741/616/364 743/617/439 740/613/439
f 740/614/440 743/618/440 742/619/317 739/615/317
f 741/616/364 617/475/364 623/478/367 743/617/439
f 743/618/440 623/478/372 619/481/317 742/619/317
f 624/482/375 744/620/334 746/621/441 627/483/376
f 627/483/381 746/622/442 745/623/317 625/486/317
f 744/620/334 747/624/334 749/625/441 746/621/441
f 746/622/442 749/626/442 748/627/317 745/623/317
f 747/624/334 750/628/334 752/629/441 749/625/441
f 749/626/442 752/630/442 751/631/317 748/627/317
f 750/628/334 597/447/334 599/450/337 752/629/441
f 752/630/442 599/444/331 596/443/317 751/631/317
f 651/511/318 577/420/318 735/608/318 589/431/318
f 591/439/314 655/518/314 535/377/314 652/514/314
f 736/611/317 568/411/317 654/515/317 590/435/317
f 570/412/317 751/631/317 596/443/317 660/523/317
f 661/526/314 598/451/314 664/530/314 537/381/314
f 588/430/319 663/527/319 597/447/319 750/628/319
f 603/455/318 687/556/318 571/413/318 645/503/318
f 646/506/314 541/384/314 679/547/314 604/459/314
f 605/463/315 678/545/315 544/386/315 688/559/315
f 690/560/319 610/465/319 669/535/319 582/426/319
f 543/385/314 670/538/314 612/473/314 673/541/314
f 672/539/315 611/469/315 691/563/315 546/390/315
f 579/421/318 708/581/318 617/475/318 741/616/318
f 709/583/316 559/402/316 733/607/316 618/479/316
f 619/481/317 732/605/317 562/404/317 742/619/317
f 723/596/319 586/429/319 744/620/319 624/482/319
f 561/403/316 724/598/316 626/488/316 727/601/316
f 726/599/317 625/486/317 745/623/317 564/408/317
f 681/548/318 631/489/318 714/587/318 573/417/318
f 682/551/315 550/393/315 706/580/315 632/493/315
f 633/495/316 705/578/316 553/395/316 715/589/316
f 638/496/319 696/568/319 580/422/319 717/590/319
f 552/394/315 697/571/315 640/502/315 700/574/315
f 699/572/316 639/500/316 718/592/316 555/399/316
f 649/510/314 538/380/314 541/384/314 646/506/314
f 645/503/318 571/413/318 574/416/318 648/507/318
f 652/514/314 535/377/314 538/380/314 649/510/314
f 648/507/318 574/416/318 577/420/318 651/511/318
f 655/518/314 658/522/314 536/378/314 535/377/314
f 568/411/317 569/410/317 657/519/317 654/515/317
f 658/522/314 661/526/314 537/381/314 536/378/314
f 569/410/317 570/412/317 660/523/317 657/519/317
f 537/381/314 664/530/314 667/534/314 540/382/314
f 585/427/319 666/531/319 663/527/319 588/430/319
f 540/382/314 667/534/314 670/538/314 543/385/314
f 582/426/319 669/535/319 666/531/319 585/427/319
f 542/383/314 543/385/314 673/541/314 676/544/314
f 675/542/315 672/539/315 546/390/315 545/387/315
f 541/384/314 542/383/314 676/544/314 679/547/314
f 678/545/315 675/542/315 545/387/315 544/386/315
f 685/555/315 547/389/315 550/393/315 682/551/315
f 684/552/318 681/548/318 573/417/318 572/414/318
f 688/559/315 544/386/315 547/389/315 685/555/315
f 687/556/318 684/552/318 572/414/318 571/413/318
f 546/390/315 691/563/315 694/567/315 549/391/315
f 693/564/319 690/560/319 582/426/319 581/423/319
f 549/391/315 694/567/315 697/571/315 552/394/315
f 696/568/319 693/564/319 581/423/319 580/422/319
f 551/392/315 552/394/315 700/574/315 703/577/315
f 702/575/316 699/572/316 555/399/316 554/396/316
f 550/393/315 551/392/315 703/577/315 706/580/315
f 705/578/316 702/575/316 554/396/316 553/395/316
f 712/586/316 556/398/316 559/402/316 709/583/316
f 576/418/318 711/584/318 708/581/318 579/421/318
f 715/589/316 553/395/316 556/398/316 712/586/316
f 573/417/318 714/587/318 711/584/318 576/418/318
f 555/399/316 718/592/316 721/595/316 558/400/316
f 717/590/319 580/422/319 583/425/319 720/593/319
f 558/400/316 721/595/316 724/598/316 561/403/316
f 720/593/319 583/425/319 586/429/319 723/596/319
f 560/401/316 561/403/316 727/601/316 730/604/316
f 729/602/317 726/599/317 564/408/317 563/405/317
f 559/402/316 560/401/316 730/604/316 733/607/316
f 732/605/317 729/602/317 563/405/317 562/404/317
f 739/615/317 565/407/317 568/411/317 736/611/317
f 577/420/318 578/419/318 738/612/318 735/608/318
f 742/619/317 562/404/317 565/407/317 739/615/317
f 578/419/318 579/421/318 741/616/318 738/612/318
f 564/408/317 745/623/317 748/627/317 567/409/317
f 586/429/319 587/428/319 747/624/319 744/620/319
f 567/409/317 748/627/317 751/631/317 570/412/317
f 587/428/319 588/430/319 750/628/319 747/624/319
f 753/377/316 756/380/316 757/379/316 754/378/316
f 754/378/316 757/379/316 758/382/316 755/381/316
f 756/380/316 759/384/316 760/383/316 757/379/316
f 757/379/316 760/383/316 761/385/316 758/382/316
f 762/386/315 765/389/315 766/388/315 763/387/315
f 763/387/315 766/388/315 767/391/315 764/390/315
f 765/389/315 768/393/315 769/392/315 766/388/315
f 766/388/315 769/392/315 770/394/315 767/391/315
f 771/395/314 774/398/314 775/397/314 772/396/314
f 772/396/314 775/397/314 776/400/314 773/399/314
f 774/398/314 777/402/314 778/401/314 775/397/314
f 775/397/314 778/401/314 779/403/314 776/400/314
f 780/404/317 783/407/317 784/406/317 781/405/317
f 781/405/317 784/406/317 785/409/317 782/408/317
f 783/407/317 786/411/317 787/410/317 784/406/317
f 784/406/317 787/410/317 788/412/317 785/409/317
f 789/413/318 792/416/318 793/415/318 790/414/318
f 790/414/318 793/415/318 794/418/318 791/417/318
f 792/416/318 795/420/318 796/419/318 793/415/318
f 793/415/318 796/419/318 797/421/318 794/418/318
f 798/422/319 801/425/319 802/424/319 799/423/319
f 799/423/319 802/424/319 803/427/319 800/426/319
f 801/425/319 804/429/319 805/428/319 802/424/319
f 802/424/319 805/428/319 806/430/319 803/427/319
f 807/431/443 813/434/365 811/433/366 810/432/367
f 808/435/317 810/438/372 811/437/373 812/436/444
f 809/439/445 812/442/446 811/441/370 813/440/447
f 814/443/317 820/446/448 818/445/380 817/444/449
f 815/447/450 817/450/451 818/449/377 819/448/378
f 816/451/452 819/454/453 818/453/384 820/452/454
f 821/455/455 827/458/456 825/457/388 824/456/389
f 822/459/457 824/462/458 825/461/395 826/460/459
f 823/463/315 826/460/460 825/461/391 827/464/392
f 828/465/461 834/468/462 832/467/399 831/466/400
f 829/469/315 831/472/405 832/471/406 833/470/463
f 830/473/464 833/470/465 832/471/403 834/474/466
f 835/475/467 841/478/468 839/477/322 838/476/323
f 836/479/469 838/476/470 839/477/329 840/480/471
f 837/481/317 840/480/472 839/477/325 841/478/326
f 842/482/473 848/485/335 846/484/336 845/483/474
f 843/486/317 845/483/475 846/484/332 847/487/333
f 844/488/476 847/487/477 846/484/340 848/485/478
f 849/489/479 855/492/480 853/491/344 852/490/345
f 850/493/315 852/490/350 853/491/351 854/494/481
f 851/495/482 854/494/483 853/491/348 855/492/484
f 856/496/485 862/499/486 860/498/355 859/497/356
f 857/500/487 859/497/488 860/498/362 861/501/489
f 858/502/315 861/501/490 860/498/358 862/499/359
f 821/455/455 824/456/389 865/504/429 863/503/491
f 824/462/458 822/459/457 864/506/492 865/505/430
f 863/503/491 865/504/429 868/508/429 866/507/491
f 865/505/430 864/506/492 867/510/492 868/509/430
f 866/507/491 868/508/429 871/512/429 869/511/491
f 868/509/430 867/510/492 870/514/493 871/513/430
f 869/511/491 871/512/429 813/434/365 807/431/443
f 871/513/430 870/514/493 809/439/445 813/440/447
f 808/435/317 812/436/444 874/516/436 872/515/317
f 812/442/446 809/439/445 873/518/494 874/517/437
f 872/515/317 874/516/436 877/520/436 875/519/317
f 874/517/437 873/518/494 876/522/494 877/521/437
f 875/519/317 877/520/436 880/524/436 878/523/317
f 877/521/437 876/522/494 879/526/494 880/525/437
f 878/523/317 880/524/436 820/446/448 814/443/317
f 880/525/437 879/526/494 816/451/452 820/452/454
f 815/447/450 819/448/378 883/528/433 881/527/495
f 819/454/453 816/451/452 882/530/496 883/529/434
f 881/527/495 883/528/433 886/532/433 884/531/495
f 883/529/434 882/530/496 885/534/496 886/533/434
f 884/531/495 886/532/433 889/536/433 887/535/495
f 886/533/434 885/534/496 888/538/496 889/537/434
f 887/535/495 889/536/433 834/468/462 828/465/461
f 889/537/434 888/538/496 830/473/464 834/474/466
f 829/469/315 833/470/463 892/540/427 890/539/315
f 833/470/465 830/473/464 891/541/497 892/540/426
f 890/539/315 892/540/427 895/543/427 893/542/315
f 892/540/426 891/541/497 894/544/497 895/543/426
f 893/542/315 895/543/427 898/546/427 896/545/315
f 895/543/426 894/544/497 897/547/497 898/546/426
f 896/545/315 898/546/427 826/460/460 823/463/315
f 898/546/426 897/547/497 822/459/457 826/460/459
f 849/489/479 852/490/345 901/549/421 899/548/498
f 852/490/350 850/493/315 900/551/315 901/550/422
f 899/548/498 901/549/421 904/553/421 902/552/498
f 901/550/422 900/551/315 903/555/315 904/554/422
f 902/552/498 904/553/421 907/557/421 905/556/498
f 904/554/422 903/555/315 906/559/315 907/558/422
f 905/556/498 907/557/421 827/458/456 821/455/455
f 907/558/422 906/559/315 823/463/315 827/464/392
f 828/465/461 831/466/400 910/561/423 908/560/499
f 831/472/405 829/469/315 909/563/315 910/562/424
f 908/560/499 910/561/423 913/565/423 911/564/499
f 910/562/424 909/563/315 912/567/315 913/566/424
f 911/564/499 913/565/423 916/569/423 914/568/499
f 913/566/424 912/567/315 915/571/315 916/570/424
f 914/568/499 916/569/423 862/499/486 856/496/485
f 916/570/424 915/571/315 858/502/315 862/499/359
f 857/500/487 861/501/489 919/573/419 917/572/500
f 861/501/490 858/502/315 918/574/315 919/573/418
f 917/572/500 919/573/419 922/576/419 920/575/501
f 919/573/418 918/574/315 921/577/315 922/576/418
f 920/575/501 922/576/419 925/579/419 923/578/500
f 922/576/418 921/577/315 924/580/315 925/579/418
f 923/578/500 925/579/419 854/494/483 851/495/482
f 925/579/418 924/580/315 850/493/315 854/494/481
f 835/475/467 838/476/323 928/582/409 926/581/502
f 838/476/470 836/479/469 927/583/503 928/582/410
f 926/581/502 928/582/409 931/585/409 929/584/504
f 928/582/410 927/583/503 930/586/503 931/585/410
f 929/584/504 931/585/409 934/588/409 932/587/504
f 931/585/410 930/586/503 933/589/505 934/588/410
f 932/587/504 934/588/409 855/492/480 849/489/479
f 934/588/410 933/589/505 851/495/482 855/492/484
f 856/496/485 859/497/356 937/591/416 935/590/506
f 859/497/488 857/500/487 936/592/507 937/591/417
f 935/590/506 937/591/416 940/594/416 938/593/508
f 937/591/417 936/592/507 939/595/507 940/594/417
f 938/593/508 940/594/416 943/597/416 941/596/508
f 940/594/417 939/595/507 942/598/509 943/597/417
f 941/596/508 943/597/416 848/485/335 842/482/473
f 943/597/417 942/598/509 844/488/476 848/485/478
f 843/486/317 847/487/333 946/600/413 944/599/317
f 847/487/477 844/488/476 945/601/510 946/600/414
f 944/599/317 946/600/413 949/603/413 947/602/317
f 946/600/414 945/601/510 948/604/511 949/603/414
f 947/602/317 949/603/413 952/606/413 950/605/317
f 949/603/414 948/604/511 951/607/510 952/606/414
f 950/605/317 952/606/413 840/480/472 837/481/317
f 952/606/414 951/607/510 836/479/469 840/480/471
f 807/431/443 810/432/367 955/609/439 953/608/512
f 810/438/372 808/435/317 954/611/317 955/610/440
f 953/608/512 955/609/439 958/613/439 956/612/512
f 955/610/440 954/611/317 957/615/317 958/614/440
f 956/612/512 958/613/439 961/617/439 959/616/512
f 958/614/440 957/615/317 960/619/317 961/618/440
f 959/616/512 961/617/439 841/478/468 835/475/467
f 961/618/440 960/619/317 837/481/317 841/478/326
f 842/482/473 845/483/474 964/621/441 962/620/513
f 845/483/475 843/486/317 963/623/317 964/622/442
f 962/620/513 964/621/441 967/625/441 965/624/513
f 964/622/442 963/623/317 966/627/317 967/626/442
f 965/624/513 967/625/441 970/629/441 968/628/513
f 967/626/442 966/627/317 969/631/317 970/630/442
f 968/628/513 970/629/441 817/450/451 815/447/450
f 970/630/442 969/631/317 814/443/317 817/444/449
f 869/511/318 807/431/318 953/608/318 795/420/318
f 809/439/316 870/514/316 753/377/316 873/518/316
f 954/611/317 808/435/317 872/515/317 786/411/317
f 788/412/317 878/523/317 814/443/317 969/631/317
f 879/526/316 755/381/316 882/530/316 816/451/316
f 806/430/319 968/628/319 815/447/319 881/527/319
f 821/455/318 863/503/318 789/413/318 905/556/318
f 864/506/316 822/459/316 897/547/316 759/384/316
f 823/463/315 906/559/315 762/386/315 896/545/315
f 908/560/319 800/426/319 887/535/319 828/465/319
f 761/385/316 891/541/316 830/473/316 888/538/316
f 890/539/315 764/390/315 909/563/315 829/469/315
f 797/421/318 959/616/318 835/475/318 926/581/318
f 927/583/314 836/479/314 951/607/314 777/402/314
f 837/481/317 960/619/317 780/404/317 950/605/317
f 941/596/319 842/482/319 962/620/319 804/429/319
f 779/403/314 945/601/314 844/488/314 942/598/314
f 944/599/317 782/408/317 963/623/317 843/486/317
f 899/548/318 791/417/318 932/587/318 849/489/318
f 900/551/315 850/493/315 924/580/315 768/393/315
f 851/495/314 933/589/314 771/395/314 923/578/314
f 856/496/319 935/590/319 798/422/319 914/568/319
f 770/394/315 918/574/315 858/502/315 915/571/315
f 917/572/314 773/399/314 936/592/314 857/500/314
f 867/510/316 864/506/316 759/384/316 756/380/316
f 863/503/318 866/507/318 792/416/318 789/413/318
f 870/514/316 867/510/316 756/380/316 753/377/316
f 866/507/318 869/511/318 795/420/318 792/416/318
f 873/518/316 753/377/316 754/378/316 876/522/316
f 786/411/317 872/515/317 875/519/317 787/410/317
f 876/522/316 754/378/316 755/381/316 879/526/316
f 787/410/317 875/519/317 878/523/317 788/412/317
f 755/381/316 758/382/316 885/534/316 882/530/316
f 803/427/319 806/430/319 881/527/319 884/531/319
f 758/382/316 761/385/316 888/538/316 885/534/316
f 800/426/319 803/427/319 884/531/319 887/535/319
f 760/383/316 894/544/316 891/541/316 761/385/316
f 893/542/315 763/387/315 764/390/315 890/539/315
f 759/384/316 897/547/316 894/544/316 760/383/316
f 896/545/315 762/386/315 763/387/315 893/542/315
f 903/555/315 900/551/315 768/393/315 765/389/315
f 902/552/318 790/414/318 791/417/318 899/548/318
f 906/559/315 903/555/315 765/389/315 762/386/315
f 905/556/318 789/413/318 790/414/318 902/552/318
f 764/390/315 767/391/315 912/567/315 909/563/315
f 911/564/319 799/423/319 800/426/319 908/560/319
f 767/391/315 770/394/315 915/571/315 912/567/315
f 914/568/319 798/422/319 799/423/319 911/564/319
f 769/392/315 921/577/315 918/574/315 770/394/315
f 920/575/314 772/396/314 773/399/314 917/572/314
f 768/393/315 924/580/315 921/577/315 769/392/315
f 923/578/314 771/395/314 772/396/314 920/575/314
f 930/586/314 927/583/314 777/402/314 774/398/314
f 794/418/318 797/421/318 926/581/318 929/584/318
f 933/589/314 930/586/314 774/398/314 771/395/314
f 791/417/318 794/418/318 929/584/318 932/587/318
f 773/399/314 776/400/314 939/595/314 936/592/314
f 935/590/319 938/593/319 801/425/319 798/422/319
f 776/400/314 779/403/314 942/598/314 939/595/314
f 938/593/319 941/596/319 804/429/319 801/425/319
f 778/401/314 948/604/314 945/601/314 779/403/314
f 947/602/317 781/405/317 782/408/317 944/599/317
f 777/402/314 951/607/314 948/604/314 778/401/314
f 950/605/317 780/404/317 781/405/317 947/602/317
f 957/615/317 954/611/317 786/411/317 783/407/317
f 795/420/318 953/608/318 956/612/318 796/419/318
f 960/619/317 957/615/317 783/407/317 780/404/317
f 796/419/318 956/612/318 959/616/318 797/421/318
f 782/408/317 785/409/317 966/627/317 963/623/317
f 804/429/319 962/620/319 965/624/319 805/428/319
f 785/409/317 788/412/317 969/631/317 966/627/317
f 805/428/319 965/624/319 968/628/319 806/430/319
o Cube.003
v -0.050000 0.786171 -1.655371
v 0.000000 0.786171 -1.705371
v 0.050000 0.786171 -1.655371
v -0.000000 0.786171 -1.605371
v 0.000000 0.016940 -1.655371
v 0.000000 1.555402 -1.655371
v -0.047000 0.016939 -1.608371
v -0.047000 0.063093 -1.605371
v -0.050000 0.063093 -1.608371
v -0.047000 0.030458 -1.606250
v -0.048732 0.036446 -1.606639
v -0.049121 0.063093 -1.606250
v -0.049121 0.030458 -1.608371
v -0.047000 1.509248 -1.605371
v -0.047000 1.555402 -1.608371
v -0.050000 1.509248 -1.608371
v -0.047000 1.541884 -1.606250
v -0.048732 1.535895 -1.606639
v -0.049121 1.541884 -1.608371
v -0.049121 1.509248 -1.606250
v -0.047000 0.016939 -1.702371
v -0.050000 0.063093 -1.702371
v -0.047000 0.063093 -1.705371
v -0.049121 0.030458 -1.702371
v -0.048732 0.036446 -1.704103
v -0.049121 0.063093 -1.704492
v -0.047000 0.030458 -1.704492
v -0.047000 1.555402 -1.702371
v -0.047000 1.509248 -1.705371
v -0.050000 1.509248 -1.702371
v -0.047000 1.541884 -1.704492
v -0.048732 1.535895 -1.704103
v -0.049121 1.509248 -1.704492
v -0.049121 1.541884 -1.702371
v 0.047000 0.016939 -1.608371
v 0.050000 0.063093 -1.608371
v 0.047000 0.063093 -1.605371
v 0.049121 0.030458 -1.608371
v 0.048732 0.036446 -1.606639
v 0.049121 0.063093 -1.606250
v 0.047000 0.030458 -1.606250
v 0.047000 1.555402 -1.608371
v 0.047000 1.509248 -1.605371
v 0.050000 1.509248 -1.608371
v 0.047000 1.541884 -1.606250
v 0.048732 1.535895 -1.606639
v 0.049121 1.509248 -1.606250
v 0.049121 1.541884 -1.608371
v 0.047000 0.016939 -1.702371
v 0.047000 0.063093 -1.705371
v 0.050000 0.063093 -1.702371
v 0.047000 0.030458 -1.704492
v 0.048732 0.036446 -1.704103
v 0.049121 0.063093 -1.704492
v 0.049121 0.030458 -1.702371
v 0.047000 1.555402 -1.702371
v 0.050000 1.509248 -1.702371
v 0.047000 1.509248 -1.705371
v 0.049121 1.541884 -1.702371
v 0.048732 1.535895 -1.704103
v 0.049121 1.509248 -1.704492
v 0.047000 1.541884 -1.704492
v -0.047000 0.016939 -1.655371
v -0.050000 0.063093 -1.655371
v -0.049121 0.030458 -1.655371
v -0.047000 0.786171 -1.605371
v -0.050000 0.786171 -1.608371
v -0.049121 0.786171 -1.606250
v -0.047000 1.555402 -1.655371
v -0.050000 1.509248 -1.655371
v -0.049121 1.541884 -1.655371
v -0.047000 0.786171 -1.705371
v -0.050000 0.786171 -1.702371
v -0.049121 0.786171 -1.704492
v 0.000000 0.016939 -1.702371
v 0.000000 0.063093 -1.705371
v 0.000000 0.030458 -1.704492
v 0.000000 1.555402 -1.702371
v 0.000000 1.509248 -1.705371
v 0.000000 1.541884 -1.704492
v 0.050000 0.786171 -1.702371
v 0.047000 0.786171 -1.705371
v 0.049121 0.786171 -1.704492
v 0.047000 0.016939 -1.655371
v 0.050000 0.063093 -1.655371
v 0.049121 0.030458 -1.655371
v 0.047000 1.555402 -1.655371
v 0.050000 1.509248 -1.655371
v 0.049121 1.541884 -1.655371
v 0.047000 0.786171 -1.605371
v 0.050000 0.786171 -1.608371
v 0.049121 0.786171 -1.606250
v 0.000000 0.016939 -1.608371
v -0.000000 0.063093 -1.605371
v -0.000000 0.030458 -1.606250
v 0.000000 1.555402 -1.608371
v -0.000000 1.509248 -1.605371
v -0.000000 1.541884 -1.606250
v -0.050000 0.786171 1.655371
v -0.000000 0.786171 1.705371
v 0.050000 0.786171 1.655371
v -0.000000 0.786171 1.605371
v -0.000000 0.016940 1.655371
v -0.000000 1.555402 1.655371
v -0.047000 0.016939 1.608371
v -0.047000 0.063093 1.605371
v -0.050000 0.063093 1.608371
v -0.047000 0.030458 1.606250
v -0.048732 0.036446 1.606639
v -0.049121 0.063093 1.606250
v -0.049121 0.030458 1.608371
v -0.047000 1.509248 1.605371
v -0.047000 1.555402 1.608371
v -0.050000 1.509248 1.608371
v -0.047000 1.541884 1.606250
v -0.048732 1.535895 1.606639
v -0.049121 1.541884 1.608371
v -0.049121 1.509248 1.606250
v -0.047000 0.016939 1.702371
v -0.050000 0.063093 1.702371
v -0.047000 0.063093 1.705371
v -0.049121 0.030458 1.702371
v -0.048732 0.036446 1.704103
v -0.049121 0.063093 1.704493
v -0.047000 0.030458 1.704493
v -0.047000 1.555402 1.702371
v -0.047000 1.509248 1.705371
v -0.050000 1.509248 1.702371
v -0.047000 1.541884 1.704493
v -0.048732 1.535895 1.704103
v -0.049121 1.509248 1.704493
v -0.049121 1.541884 1.702371
v 0.047000 0.016939 1.608371
v 0.050000 0.063093 1.608371
v 0.047000 0.063093 1.605371
v 0.049121 0.030458 1.608371
v 0.048732 0.036446 1.606639
v 0.049121 0.063093 1.606250
v 0.047000 0.030458 1.606250
v 0.047000 1.555402 1.608371
v 0.047000 1.509248 1.605371
v 0.050000 1.509248 1.608371
v 0.047000 1.541884 1.606250
v 0.048732 1.535895 1.606639
v 0.049121 1.509248 1.606250
v 0.049121 1.541884 1.608371
v 0.047000 0.016939 1.702371
v 0.047000 0.063093 1.705371
v 0.050000 0.063093 1.702371
v 0.047000 0.030458 1.704493
v 0.048732 0.036446 1.704103
v 0.049121 0.063093 1.704493
v 0.049121 0.030458 1.702371
v 0.047000 1.555402 1.702371
v 0.050000 1.509248 1.702371
v 0.047000 1.509248 1.705371
v 0.049121 1.541884 1.702371
v 0.048732 1.535895 1.704103
v 0.049121 1.509248 1.704493
v 0.047000 1.541884 1.704493
v -0.047000 0.016939 1.655371
v -0.050000 0.063093 1.655371
v -0.049121 0.030458 1.655371
v -0.047000 0.786171 1.605371
v -0.050000 0.786171 1.608371
v -0.049121 0.786171 1.606250
v -0.047000 1.555402 1.655371
v -0.050000 1.509248 1.655371
v -0.049121 1.541884 1.655371
v -0.047000 0.786171 1.705371
v -0.050000 0.786171 1.702371
v -0.049121 0.786171 1.704493
v -0.000000 0.016939 1.702371
v -0.000000 0.063093 1.705371
v -0.000000 0.030458 1.704493
v -0.000000 1.555402 1.702371
v -0.000000 1.509248 1.705371
v -0.000000 1.541884 1.704493
v 0.050000 0.786171 1.702371
v 0.047000 0.786171 1.705371
v 0.049121 0.786171 1.704493
v 0.047000 0.016939 1.655371
v 0.050000 0.063093 1.655371
v 0.049121 0.030458 1.655371
v 0.047000 1.555402 1.655371
v 0.050000 1.509248 1.655371
v 0.049121 1.541884 1.655371
v 0.047000 0.786171 1.605371
v 0.050000 0.786171 1.608371
v 0.049121 0.786171 1.606250
v -0.000000 0.016939 1.608371
v -0.000000 0.063093 1.605371
v -0.000000 0.030458 1.606250
v -0.000000 1.555402 1.608371
v -0.000000 1.509248 1.605371
v -0.000000 1.541884 1.606250
vn -0.0006 -1.0000 0.0002
vn -0.5548 -0.2368 0.7976
vn -0.7016 -0.1246 0.7016
vn -0.6743 -0.1747 0.7175
vn -0.0000 -0.0000 1.0000
vn -0.2139 -0.0097 0.9768
vn -0.3436 -0.0223 0.9388
vn -0.1505 -0.0141 0.9885
vn -1.0000 -0.0000 -0.0000
vn -0.9986 -0.0174 0.0500
vn -0.9388 -0.0223 0.3436
vn -0.9768 -0.0097 0.2139
vn -0.1505 0.0141 0.9885
vn -0.3436 0.0223 0.9388
vn -0.2433 0.0168 0.9698
vn -0.0002 1.0000 0.0006
vn -0.7976 0.2368 0.5548
vn -0.7016 0.1246 0.7016
vn -0.5548 0.2368 0.7976
vn -0.9658 0.0031 0.2594
vn -0.9388 0.0223 0.3436
vn -0.9885 0.0141 0.1505
vn -0.0002 -1.0000 -0.0006
vn -0.7976 -0.2368 -0.5548
vn -0.7016 -0.1246 -0.7016
vn -0.7175 -0.1747 -0.6743
vn -0.9768 -0.0097 -0.2139
vn -0.9388 -0.0223 -0.3436
vn -0.9885 -0.0141 -0.1505
vn -0.0000 -0.0000 -1.0000
vn -0.0500 -0.0174 -0.9986
vn -0.3436 -0.0223 -0.9388
vn -0.2139 -0.0097 -0.9768
vn -0.0006 1.0000 -0.0002
vn -0.5548 0.2368 -0.7976
vn -0.7016 0.1246 -0.7016
vn -0.6743 0.1747 -0.7175
vn -0.2139 0.0097 -0.9768
vn -0.3436 0.0223 -0.9388
vn -0.1505 0.0141 -0.9885
vn -0.9986 0.0174 -0.0500
vn -0.9388 0.0223 -0.3436
vn -0.9768 0.0097 -0.2139
vn 0.0002 -1.0000 0.0006
vn 0.7976 -0.2368 0.5548
vn 0.7016 -0.1246 0.7016
vn 0.7175 -0.1747 0.6743
vn 1.0000 -0.0000 -0.0000
vn 0.9768 -0.0097 0.2139
vn 0.9388 -0.0223 0.3436
vn 0.9885 -0.0141 0.1505
vn 0.0500 -0.0174 0.9986
vn 0.3436 -0.0223 0.9388
vn 0.2139 -0.0097 0.9768
vn 0.0006 1.0000 0.0002
vn 0.5548 0.2368 0.7976
vn 0.7016 0.1246 0.7016
vn 0.6743 0.1747 0.7175
vn 0.2139 0.0097 0.9768
vn 0.3436 0.0223 0.9388
vn 0.1505 0.0141 0.9885
vn 0.9986 0.0174 0.0500
vn 0.9388 0.0223 0.3436
vn 0.9768 0.0097 0.2139
vn 0.0006 -1.0000 -0.0002
vn 0.5548 -0.2368 -0.7976
vn 0.7016 -0.1246 -0.7016
vn 0.6743 -0.1747 -0.7175
vn 0.2139 -0.0097 -0.9768
vn 0.3436 -0.0223 -0.9388
vn 0.1505 -0.0141 -0.9885
vn 0.9986 -0.0174 -0.0500
vn 0.9388 -0.0223 -0.3436
vn 0.9768 -0.0097 -0.2139
vn 0.0002 1.0000 -0.0006
vn 0.7976 0.2368 -0.5548
vn 0.7016 0.1246 -0.7016
vn 0.7175 0.1747 -0.6743
vn 0.9768 0.0097 -0.2139
vn 0.9388 0.0223 -0.3436
vn 0.9885 0.0141 -0.1505
vn 0.0500 0.0174 -0.9986
vn 0.3436 0.0223 -0.9388
vn 0.2139 0.0097 -0.9768
vn -0.0006 -1.0000 0.0003
vn -0.9879 -0.1550 -0.0000
vn -0.9996 -0.0269 -0.0000
vn -0.3827 -0.0000 0.9239
vn -0.9239 -0.0000 0.3827
vn -0.0006 1.0000 -0.0003
vn -0.9879 0.1550 -0.0000
vn -0.9996 0.0269 -0.0000
vn -0.3827 -0.0000 -0.9239
vn -0.9239 -0.0000 -0.3827
vn -0.0003 -1.0000 -0.0005
vn -0.0000 -0.1550 -0.9879
vn -0.0000 -0.0269 -0.9996
vn 0.0003 1.0000 -0.0005
vn -0.0000 0.1550 -0.9879
vn -0.0000 0.0269 -0.9996
vn 0.9239 -0.0000 -0.3827
vn 0.3827 -0.0000 -0.9239
vn 0.0006 -1.0000 -0.0003
vn 0.9879 -0.1550 -0.0000
vn 0.9996 -0.0269 -0.0000
vn 0.0006 1.0000 0.0003
vn 0.9879 0.1550 -0.0000
vn 0.9996 0.0269 -0.0000
vn 0.3827 -0.0000 0.9239
vn 0.9239 -0.0000 0.3827
vn 0.0003 -1.0000 0.0005
vn -0.0000 -0.1550 0.9879
vn -0.0000 -0.0269 0.9996
vn -0.0003 1.0000 0.0005
vn -0.0000 0.1550 0.9879
vn -0.0000 0.0269 0.9996
vn -0.0000 -1.0000 -0.0000
vn -0.0000 1.0000 -0.0000
vn -0.0010 -1.0000 -0.0010
vn -0.7977 -0.2368 -0.5546
vn -0.7174 -0.1747 -0.6744
vn -0.0501 -0.0174 -0.9986
vn -0.3437 -0.0223 -0.9388
vn -0.2433 -0.0168 -0.9698
vn -1.0000 -0.0000 -0.0001
vn -0.9658 -0.0031 -0.2594
vn -0.9885 -0.0141 -0.1506
vn -0.3437 0.0223 -0.9388
vn -0.2579 0.0158 -0.9661
vn -0.0004 1.0000 -0.0007
vn -0.1785 0.2314 -0.9563
vn -0.0008 -1.0000 0.0008
vn -0.5548 -0.2367 0.7976
vn -1.0000 -0.0000 0.0001
vn -0.9698 -0.0168 0.2433
vn -0.0001 -0.0000 1.0000
vn -0.2594 -0.0031 0.9658
vn -0.3437 -0.0223 0.9388
vn -0.0009 1.0000 0.0006
vn -0.7975 0.2367 0.5549
vn -0.7173 0.1747 0.6745
vn -0.0501 0.0174 0.9986
vn -0.3437 0.0223 0.9388
vn 0.0004 -1.0000 -0.0007
vn 1.0000 -0.0000 -0.0001
vn 0.9698 -0.0168 -0.2433
vn 0.2594 -0.0031 -0.9658
vn 0.3437 -0.0223 -0.9388
vn 0.1506 -0.0141 -0.9885
vn 0.0010 1.0000 -0.0010
vn 0.7977 0.2367 -0.5547
vn 0.7174 0.1747 -0.6744
vn 0.0501 0.0174 -0.9986
vn 0.3437 0.0223 -0.9388
vn 0.2433 0.0168 -0.9698
vn 0.9658 0.0031 -0.2594
vn 0.9388 0.0223 -0.3437
vn 0.9885 0.0141 -0.1506
vn 0.0009 -1.0000 0.0006
vn 0.7174 -0.1747 0.6744
vn 0.0001 -0.0000 1.0000
vn 0.3437 -0.0223 0.9388
vn 0.2433 -0.0168 0.9698
vn 1.0000 -0.0000 0.0001
vn 0.9658 -0.0031 0.2594
vn 0.9388 -0.0223 0.3437
vn 0.9885 -0.0141 0.1506
vn 0.0008 1.0000 0.0008
vn 0.5548 0.2367 0.7976
vn 0.9698 0.0168 0.2433
vn 0.2594 0.0031 0.9658
vn 0.3437 0.0223 0.9388
vn -0.0013 -1.0000 -0.0003
vn -0.3826 -0.0000 -0.9239
vn -0.0001 -0.0000 -1.0000
vn -0.0013 1.0000 0.0003
vn -0.3826 -0.0000 0.9239
vn -0.0003 -1.0000 0.0008
vn 0.0003 1.0000 0.0008
vn 0.3826 -0.0000 0.9239
vn 0.0013 -1.0000 0.0003
vn 0.0013 1.0000 -0.0003
vn 0.3826 -0.0000 -0.9239
vn 0.0001 -0.0000 -1.0000
vn 0.0003 -1.0000 -0.0010
vn -0.0003 1.0000 -0.0010
vt 0.132500 0.742500
vt 0.132500 0.750000
vt 0.128170 0.750000
vt 0.125000 0.742500
vt 0.382500 0.992500
vt 0.382500 1.000000
vt 0.378170 1.000000
vt 0.375000 0.992500
vt 0.382500 0.007500
vt 0.375000 0.007500
vt 0.375000 0.003170
vt 0.382500 0.000000
vt 0.617500 0.992500
vt 0.625000 0.992500
vt 0.625000 0.996830
vt 0.617500 1.000000
vt 0.867500 0.742500
vt 0.875000 0.742500
vt 0.875000 0.746830
vt 0.867500 0.750000
vt 0.617500 0.007500
vt 0.617500 0.000000
vt 0.621830 0.000000
vt 0.625000 0.007500
vt 0.132500 0.507500
vt 0.125000 0.507500
vt 0.125000 0.503170
vt 0.132500 0.500000
vt 0.382500 0.242500
vt 0.382500 0.250000
vt 0.376585 0.251585
vt 0.375000 0.242500
vt 0.382500 0.257500
vt 0.375000 0.257500
vt 0.867500 0.507500
vt 0.867500 0.500000
vt 0.871830 0.500000
vt 0.875000 0.507500
vt 0.617500 0.257500
vt 0.617500 0.250000
vt 0.623415 0.248415
vt 0.625000 0.257500
vt 0.617500 0.242500
vt 0.625000 0.242500
vt 0.367500 0.742500
vt 0.375000 0.742500
vt 0.376057 0.750000
vt 0.371250 0.753750
vt 0.382500 0.742500
vt 0.382500 0.750000
vt 0.382500 0.757500
vt 0.632500 0.742500
vt 0.628750 0.753750
vt 0.625000 0.748944
vt 0.625000 0.742500
vt 0.617500 0.757500
vt 0.617500 0.750000
vt 0.617500 0.742500
vt 0.367500 0.507500
vt 0.371250 0.496250
vt 0.375000 0.501057
vt 0.375000 0.507500
vt 0.382500 0.492500
vt 0.382500 0.500000
vt 0.382500 0.507500
vt 0.632500 0.507500
vt 0.625000 0.507500
vt 0.623943 0.500000
vt 0.628750 0.496250
vt 0.617500 0.507500
vt 0.617500 0.500000
vt 0.617500 0.492500
vt 0.132500 0.625000
vt 0.125000 0.625000
vt 0.375000 0.125000
vt 0.382500 0.125000
vt 0.500000 0.992500
vt 0.500000 1.000000
vt 0.500000 0.000000
vt 0.500000 0.007500
vt 0.867500 0.625000
vt 0.875000 0.625000
vt 0.625000 0.125000
vt 0.617500 0.125000
vt 0.500000 0.257500
vt 0.500000 0.250000
vt 0.500000 0.242500
vt 0.250000 0.507500
vt 0.250000 0.500000
vt 0.375000 0.375000
vt 0.382500 0.375000
vt 0.750000 0.507500
vt 0.750000 0.500000
vt 0.625000 0.375000
vt 0.617500 0.375000
vt 0.500000 0.507500
vt 0.500000 0.500000
vt 0.500000 0.492500
vt 0.367500 0.625000
vt 0.375000 0.625000
vt 0.382500 0.625000
vt 0.632500 0.625000
vt 0.625000 0.625000
vt 0.617500 0.625000
vt 0.500000 0.757500
vt 0.500000 0.750000
vt 0.500000 0.742500
vt 0.250000 0.742500
vt 0.250000 0.750000
vt 0.375000 0.875000
vt 0.382500 0.875000
vt 0.750000 0.742500
vt 0.750000 0.750000
vt 0.625000 0.875000
vt 0.617500 0.875000
vt 0.250000 0.625000
vt 0.500000 0.125000
vt 0.500000 0.875000
vt 0.750000 0.625000
vt 0.500000 0.375000
vt 0.500000 0.625000
s 1
f 977/632/514 980/633/515 981/634/516 983/635/517
f 978/636/518 982/637/519 981/638/520 980/639/521
f 979/640/522 983/641/523 981/642/524 982/643/525
f 984/644/518 987/645/526 988/646/527 990/647/528
f 985/648/529 989/649/530 988/650/531 987/651/532
f 986/652/522 990/653/533 988/654/534 989/655/535
f 991/656/536 994/657/537 995/658/538 997/659/539
f 992/660/522 996/661/540 995/662/541 994/663/542
f 993/664/543 997/665/544 995/662/545 996/661/546
f 998/666/547 1001/667/548 1002/668/549 1004/669/550
f 999/670/543 1003/671/551 1002/672/552 1001/673/553
f 1000/674/522 1004/675/554 1002/672/555 1003/671/556
f 1005/676/557 1008/677/558 1009/678/559 1011/679/560
f 1006/680/561 1010/681/562 1009/678/563 1008/677/564
f 1007/682/518 1011/679/565 1009/678/566 1010/681/567
f 1012/683/568 1015/684/569 1016/685/570 1018/686/571
f 1013/687/518 1017/688/572 1016/685/573 1015/684/574
f 1014/689/561 1018/686/575 1016/685/576 1017/688/577
f 1019/690/578 1022/691/579 1023/692/580 1025/693/581
f 1020/694/543 1024/695/582 1023/692/583 1022/691/584
f 1021/696/561 1025/693/585 1023/692/586 1024/695/587
f 1026/697/588 1029/698/589 1030/699/590 1032/700/591
f 1027/701/561 1031/702/592 1030/699/593 1029/698/594
f 1028/703/543 1032/700/595 1030/699/596 1031/702/597
f 991/656/536 1033/704/598 1035/705/599 994/657/537
f 994/663/542 1035/706/600 1034/707/522 992/660/522
f 1033/704/598 977/632/514 983/635/517 1035/705/599
f 1035/706/600 983/641/523 979/640/522 1034/707/522
f 978/636/518 1036/708/518 1038/709/601 982/637/519
f 982/643/525 1038/710/602 1037/711/522 979/640/522
f 1036/708/518 984/644/518 990/647/528 1038/709/601
f 1038/710/602 990/653/533 986/652/522 1037/711/522
f 985/648/529 1039/712/603 1041/713/604 989/649/530
f 989/655/535 1041/714/605 1040/715/522 986/652/522
f 1039/712/603 998/666/547 1004/669/550 1041/713/604
f 1041/714/605 1004/675/554 1000/674/522 1040/715/522
f 999/670/543 1042/716/543 1044/717/606 1003/671/551
f 1003/671/556 1044/717/607 1043/718/522 1000/674/522
f 1042/716/543 993/664/543 996/661/546 1044/717/606
f 1044/717/607 996/661/540 992/660/522 1043/718/522
f 1019/690/578 1045/719/608 1047/720/609 1022/691/579
f 1022/691/584 1047/721/610 1046/722/543 1020/694/543
f 1045/719/608 991/656/536 997/659/539 1047/720/609
f 1047/721/610 997/665/544 993/664/543 1046/722/543
f 998/666/547 1048/723/611 1050/724/612 1001/667/548
f 1001/673/553 1050/725/613 1049/726/543 999/670/543
f 1048/723/611 1026/697/588 1032/700/591 1050/724/612
f 1050/725/613 1032/700/595 1028/703/543 1049/726/543
f 1027/701/561 1051/727/561 1053/728/614 1031/702/592
f 1031/702/597 1053/728/615 1052/729/543 1028/703/543
f 1051/727/561 1021/696/561 1024/695/587 1053/728/614
f 1053/728/615 1024/695/582 1020/694/543 1052/729/543
f 1005/676/557 1054/730/616 1056/731/617 1008/677/558
f 1008/677/564 1056/731/618 1055/732/561 1006/680/561
f 1054/730/616 1019/690/578 1025/693/581 1056/731/617
f 1056/731/618 1025/693/585 1021/696/561 1055/732/561
f 1026/697/588 1057/733/619 1059/734/620 1029/698/589
f 1029/698/594 1059/734/621 1058/735/561 1027/701/561
f 1057/733/619 1012/683/568 1018/686/571 1059/734/620
f 1059/734/621 1018/686/575 1014/689/561 1058/735/561
f 1013/687/518 1060/736/518 1062/737/622 1017/688/572
f 1017/688/577 1062/737/623 1061/738/561 1014/689/561
f 1060/736/518 1007/682/518 1010/681/567 1062/737/622
f 1062/737/623 1010/681/562 1006/680/561 1061/738/561
f 977/632/514 1063/739/624 1065/740/625 980/633/515
f 980/639/521 1065/741/626 1064/742/518 978/636/518
f 1063/739/624 1005/676/557 1011/679/560 1065/740/625
f 1065/741/626 1011/679/565 1007/682/518 1064/742/518
f 1012/683/568 1066/743/627 1068/744/628 1015/684/569
f 1015/684/574 1068/745/629 1067/746/518 1013/687/518
f 1066/743/627 985/648/529 987/651/532 1068/744/628
f 1068/745/629 987/645/526 984/644/518 1067/746/518
f 1033/704/630 975/747/630 1063/739/630 977/632/630
f 979/640/522 1037/711/522 971/748/522 1034/707/522
f 1064/742/518 974/749/518 1036/708/518 978/636/518
f 974/749/518 1067/746/518 984/644/518 1036/708/518
f 1037/711/522 986/652/522 1040/715/522 971/748/522
f 976/750/631 1039/712/631 985/648/631 1066/743/631
f 991/656/630 1045/719/630 975/747/630 1033/704/630
f 1034/707/522 971/748/522 1043/718/522 992/660/522
f 993/664/543 1042/716/543 972/751/543 1046/722/543
f 1048/723/631 998/666/631 1039/712/631 976/750/631
f 971/748/522 1040/715/522 1000/674/522 1043/718/522
f 1042/716/543 999/670/543 1049/726/543 972/751/543
f 975/747/630 1054/730/630 1005/676/630 1063/739/630
f 1055/732/561 973/752/561 1061/738/561 1006/680/561
f 1007/682/518 1060/736/518 974/749/518 1064/742/518
f 1057/733/631 976/750/631 1066/743/631 1012/683/631
f 973/752/561 1058/735/561 1014/689/561 1061/738/561
f 1060/736/518 1013/687/518 1067/746/518 974/749/518
f 1045/719/630 1019/690/630 1054/730/630 975/747/630
f 1046/722/543 972/751/543 1052/729/543 1020/694/543
f 1021/696/561 1051/727/561 973/752/561 1055/732/561
f 1026/697/631 1048/723/631 976/750/631 1057/733/631
f 972/751/543 1049/726/543 1028/703/543 1052/729/543
f 1051/727/561 1027/701/561 1058/735/561 973/752/561
f 1075/632/632 1081/635/633 1079/634/538 1078/633/634
f 1076/636/543 1078/639/635 1079/638/636 1080/637/637
f 1077/640/638 1080/643/639 1079/642/541 1081/641/640
f 1082/644/543 1088/647/551 1086/646/641 1085/645/642
f 1083/648/643 1085/651/644 1086/650/549 1087/649/550
f 1084/652/638 1087/655/554 1086/654/555 1088/653/556
f 1089/656/645 1095/659/646 1093/658/516 1092/657/517
f 1090/660/647 1092/663/523 1093/662/524 1094/661/648
f 1091/664/649 1094/661/650 1093/662/651 1095/665/521
f 1096/666/652 1102/669/653 1100/668/531 1099/667/654
f 1097/670/649 1099/673/655 1100/672/656 1101/671/528
f 1098/674/647 1101/671/533 1100/672/534 1102/675/535
f 1103/676/657 1109/679/579 1107/678/580 1106/677/581
f 1104/680/658 1106/677/585 1107/678/586 1108/681/659
f 1105/682/543 1108/681/660 1107/678/661 1109/679/662
f 1110/683/663 1116/686/664 1114/685/590 1113/684/665
f 1111/687/543 1113/684/666 1114/685/667 1115/688/668
f 1112/689/658 1115/688/669 1114/685/670 1116/686/671
f 1117/690/672 1123/693/558 1121/692/559 1120/691/673
f 1118/694/674 1120/691/565 1121/692/675 1122/695/676
f 1119/696/677 1122/695/678 1121/692/679 1123/693/680
f 1124/697/681 1130/700/682 1128/699/570 1127/698/571
f 1125/701/677 1127/698/575 1128/699/576 1129/702/683
f 1126/703/674 1129/702/684 1128/699/685 1130/700/574
f 1089/656/645 1092/657/517 1133/705/599 1131/704/686
f 1092/663/523 1090/660/647 1132/707/522 1133/706/600
f 1131/704/686 1133/705/599 1081/635/633 1075/632/632
f 1133/706/600 1132/707/522 1077/640/638 1081/641/640
f 1076/636/543 1080/637/637 1136/709/687 1134/708/688
f 1080/643/639 1077/640/638 1135/711/638 1136/710/607
f 1134/708/688 1136/709/687 1088/647/551 1082/644/543
f 1136/710/607 1135/711/638 1084/652/638 1088/653/556
f 1083/648/643 1087/649/550 1139/713/604 1137/712/689
f 1087/655/554 1084/652/638 1138/715/522 1139/714/605
f 1137/712/689 1139/713/604 1102/669/653 1096/666/652
f 1139/714/605 1138/715/522 1098/674/647 1102/675/535
f 1097/670/649 1101/671/528 1142/717/690 1140/716/649
f 1101/671/533 1098/674/647 1141/718/647 1142/717/602
f 1140/716/649 1142/717/690 1094/661/650 1091/664/649
f 1142/717/602 1141/718/647 1090/660/647 1094/661/648
f 1117/690/672 1120/691/673 1145/720/625 1143/719/691
f 1120/691/565 1118/694/674 1144/722/518 1145/721/626
f 1143/719/691 1145/720/625 1095/659/646 1089/656/645
f 1145/721/626 1144/722/518 1091/664/649 1095/665/521
f 1096/666/652 1099/667/654 1148/724/628 1146/723/692
f 1099/673/655 1097/670/649 1147/726/518 1148/725/629
f 1146/723/692 1148/724/628 1130/700/682 1124/697/681
f 1148/725/629 1147/726/518 1126/703/674 1130/700/574
f 1125/701/677 1129/702/683 1151/728/623 1149/727/677
f 1129/702/684 1126/703/674 1150/729/674 1151/728/693
f 1149/727/677 1151/728/623 1122/695/678 1119/696/677
f 1151/728/693 1150/729/674 1118/694/674 1122/695/676
f 1103/676/657 1106/677/581 1154/731/617 1152/730/694
f 1106/677/585 1104/680/658 1153/732/561 1154/731/618
f 1152/730/694 1154/731/617 1123/693/558 1117/690/672
f 1154/731/618 1153/732/561 1119/696/677 1123/693/680
f 1124/697/681 1127/698/571 1157/734/620 1155/733/695
f 1127/698/575 1125/701/677 1156/735/561 1157/734/621
f 1155/733/695 1157/734/620 1116/686/664 1110/683/663
f 1157/734/621 1156/735/561 1112/689/658 1116/686/671
f 1111/687/543 1115/688/668 1160/737/696 1158/736/697
f 1115/688/669 1112/689/658 1159/738/658 1160/737/614
f 1158/736/697 1160/737/696 1108/681/660 1105/682/543
f 1160/737/614 1159/738/658 1104/680/658 1108/681/659
f 1075/632/632 1078/633/634 1163/740/609 1161/739/698
f 1078/639/635 1076/636/543 1162/742/543 1163/741/610
f 1161/739/698 1163/740/609 1109/679/579 1103/676/657
f 1163/741/610 1162/742/543 1105/682/543 1109/679/662
f 1110/683/663 1113/684/665 1166/744/612 1164/743/699
f 1113/684/666 1111/687/543 1165/746/543 1166/745/613
f 1164/743/699 1166/744/612 1085/651/644 1083/648/643
f 1166/745/613 1165/746/543 1082/644/543 1085/645/642
f 1131/704/630 1075/632/630 1161/739/630 1073/747/630
f 1077/640/522 1132/707/522 1069/748/522 1135/711/522
f 1162/742/543 1076/636/543 1134/708/543 1072/749/543
f 1072/749/543 1134/708/543 1082/644/543 1165/746/543
f 1135/711/522 1069/748/522 1138/715/522 1084/652/522
f 1074/750/631 1164/743/631 1083/648/631 1137/712/631
f 1089/656/630 1131/704/630 1073/747/630 1143/719/630
f 1132/707/522 1090/660/522 1141/718/522 1069/748/522
f 1091/664/518 1144/722/518 1070/751/518 1140/716/518
f 1146/723/631 1074/750/631 1137/712/631 1096/666/631
f 1069/748/522 1141/718/522 1098/674/522 1138/715/522
f 1140/716/518 1070/751/518 1147/726/518 1097/670/518
f 1073/747/630 1161/739/630 1103/676/630 1152/730/630
f 1153/732/561 1104/680/561 1159/738/561 1071/752/561
f 1105/682/543 1162/742/543 1072/749/543 1158/736/543
f 1155/733/631 1110/683/631 1164/743/631 1074/750/631
f 1071/752/561 1159/738/561 1112/689/561 1156/735/561
f 1158/736/543 1072/749/543 1165/746/543 1111/687/543
f 1143/719/630 1073/747/630 1152/730/630 1117/690/630
f 1144/722/518 1118/694/518 1150/729/518 1070/751/518
f 1119/696/561 1153/732/561 1071/752/561 1149/727/561
f 1124/697/631 1155/733/631 1074/750/631 1146/723/631
f 1070/751/518 1150/729/518 1126/703/518 1147/726/518
f 1149/727/561 1071/752/561 1156/735/561 1125/701/561
o Cube.004
v -1.655371 0.786171 0.050000
v -1.705371 0.786171 0.000000
v -1.655371 0.786171 -0.050000
v -1.605371 0.786171 0.000000
v -1.655371 0.016940 0.000000
v -1.655371 1.555402 0.000000
v -1.608371 0.016939 0.047000
v -1.605371 0.063093 0.047000
v -1.608371 0.063093 0.050000
v -1.606250 0.030458 0.047000
v -1.606639 0.036446 0.048732
v -1.606250 0.063093 0.049121
v -1.608371 0.030458 0.049121
v -1.605371 1.509248 0.047000
v -1.608371 1.555402 0.047000
v -1.608371 1.509248 0.050000
v -1.606250 1.541884 0.047000
v -1.606639 1.535895 0.048732
v -1.608371 1.541884 0.049121
v -1.606250 1.509248 0.049121
v -1.702371 0.016939 0.047000
v -1.702371 0.063093 0.050000
v -1.705371 0.063093 0.047000
v -1.702371 0.030458 0.049121
v -1.704103 0.036446 0.048732
v -1.704492 0.063093 0.049121
v -1.704492 0.030458 0.047000
v -1.702371 1.555402 0.047000
v -1.705371 1.509248 0.047000
v -1.702371 1.509248 0.050000
v -1.704492 1.541884 0.047000
v -1.704103 1.535895 0.048732
v -1.704492 1.509248 0.049121
v -1.702371 1.541884 0.049121
v -1.608371 0.016939 -0.047000
v -1.608371 0.063093 -0.050000
v -1.605371 0.063093 -0.047000
v -1.608371 0.030458 -0.049121
v -1.606639 0.036446 -0.048732
v -1.606250 0.063093 -0.049121
v -1.606250 0.030458 -0.047000
v -1.608371 1.555402 -0.047000
v -1.605371 1.509248 -0.047000
v -1.608371 1.509248 -0.050000
v -1.606250 1.541884 -0.047000
v -1.606639 1.535895 -0.048732
v -1.606250 1.509248 -0.049121
v -1.608371 1.541884 -0.049121
v -1.702371 0.016939 -0.047000
v -1.705371 0.063093 -0.047000
v -1.702371 0.063093 -0.050000
v -1.704492 0.030458 -0.047000
v -1.704103 0.036446 -0.048732
v -1.704492 0.063093 -0.049121
v -1.702371 0.030458 -0.049121
v -1.702371 1.555402 -0.047000
v -1.702371 1.509248 -0.050000
v -1.705371 1.509248 -0.047000
v -1.702371 1.541884 -0.049121
v -1.704103 1.535895 -0.048732
v -1.704492 1.509248 -0.049121
v -1.704492 1.541884 -0.047000
v -1.655371 0.016939 0.047000
v -1.655371 0.063093 0.050000
v -1.655371 0.030458 0.049121
v -1.605371 0.786171 0.047000
v -1.608371 0.786171 0.050000
v -1.606250 0.786171 0.049121
v -1.655371 1.555402 0.047000
v -1.655371 1.509248 0.050000
v -1.655371 1.541884 0.049121
v -1.705371 0.786171 0.047000
v -1.702371 0.786171 0.050000
v -1.704492 0.786171 0.049121
v -1.702371 0.016939 0.000000
v -1.705371 0.063093 0.000000
v -1.704492 0.030458 0.000000
v -1.702371 1.555402 0.000000
v -1.705371 1.509248 0.000000
v -1.704492 1.541884 0.000000
v -1.702371 0.786171 -0.050000
v -1.705371 0.786171 -0.047000
v -1.704492 0.786171 -0.049121
v -1.655371 0.016939 -0.047000
v -1.655371 0.063093 -0.050000
v -1.655371 0.030458 -0.049121
v -1.655371 1.555402 -0.047000
v -1.655371 1.509248 -0.050000
v -1.655371 1.541884 -0.049121
v -1.605371 0.786171 -0.047000
v -1.608371 0.786171 -0.050000
v -1.606250 0.786171 -0.049121
v -1.608371 0.016939 0.000000
v -1.605371 0.063093 0.000000
v -1.606250 0.030458 0.000000
v -1.608371 1.555402 0.000000
v -1.605371 1.509248 0.000000
v -1.606250 1.541884 0.000000
v 1.655371 0.786171 0.050000
v 1.705371 0.786171 -0.000000
v 1.655371 0.786171 -0.050000
v 1.605371 0.786171 -0.000000
v 1.655371 0.016940 -0.000000
v 1.655371 1.555402 -0.000000
v 1.608371 0.016939 0.047000
v 1.605371 0.063093 0.047000
v 1.608371 0.063093 0.050000
v 1.606250 0.030458 0.047000
v 1.606639 0.036446 0.048732
v 1.606250 0.063093 0.049121
v 1.608371 0.030458 0.049121
v 1.605371 1.509248 0.047000
v 1.608371 1.555402 0.047000
v 1.608371 1.509248 0.050000
v 1.606250 1.541884 0.047000
v 1.606639 1.535895 0.048732
v 1.608371 1.541884 0.049121
v 1.606250 1.509248 0.049121
v 1.702371 0.016939 0.047000
v 1.702371 0.063093 0.050000
v 1.705371 0.063093 0.047000
v 1.702371 0.030458 0.049121
v 1.704103 0.036446 0.048732
v 1.704493 0.063093 0.049121
v 1.704493 0.030458 0.047000
v 1.702371 1.555402 0.047000
v 1.705371 1.509248 0.047000
v 1.702371 1.509248 0.050000
v 1.704493 1.541884 0.047000
v 1.704103 1.535895 0.048732
v 1.704493 1.509248 0.049121
v 1.702371 1.541884 0.049121
v 1.608371 0.016939 -0.047000
v 1.608371 0.063093 -0.050000
v 1.605371 0.063093 -0.047000
v 1.608371 0.030458 -0.049121
v 1.606639 0.036446 -0.048732
v 1.606250 0.063093 -0.049121
v 1.606250 0.030458 -0.047000
v 1.608371 1.555402 -0.047000
v 1.605371 1.509248 -0.047000
v 1.608371 1.509248 -0.050000
v 1.606250 1.541884 -0.047000
v 1.606639 1.535895 -0.048732
v 1.606250 1.509248 -0.049121
v 1.608371 1.541884 -0.049121
v 1.702371 0.016939 -0.047000
v 1.705371 0.063093 -0.047000
v 1.702371 0.063093 -0.050000
v 1.704493 0.030458 -0.047000
v 1.704103 0.036446 -0.048732
v 1.704493 0.063093 -0.049121
v 1.702371 0.030458 -0.049121
v 1.702371 1.555402 -0.047000
v 1.702371 1.509248 -0.050000
v 1.705371 1.509248 -0.047000
v 1.702371 1.541884 -0.049121
v 1.704103 1.535895 -0.048732
v 1.704493 1.509248 -0.049121
v 1.704493 1.541884 -0.047000
v 1.655371 0.016939 0.047000
v 1.655371 0.063093 0.050000
v 1.655371 0.030458 0.049121
v 1.605371 0.786171 0.047000
v 1.608371 0.786171 0.050000
v 1.606250 0.786171 0.049121
v 1.655371 1.555402 0.047000
v 1.655371 1.509248 0.050000
v 1.655371 1.541884 0.049121
v 1.705371 0.786171 0.047000
v 1.702371 0.786171 0.050000
v 1.704493 0.786171 0.049121
v 1.702371 0.016939 -0.000000
v 1.705371 0.063093 -0.000000
v 1.704493 0.030458 -0.000000
v 1.702371 1.555402 -0.000000
v 1.705371 1.509248 -0.000000
v 1.704493 1.541884 -0.000000
v 1.702371 0.786171 -0.050000
v 1.705371 0.786171 -0.047000
v 1.704493 0.786171 -0.049121
v 1.655371 0.016939 -0.047000
v 1.655371 0.063093 -0.050000
v 1.655371 0.030458 -0.049121
v 1.655371 1.555402 -0.047000
v 1.655371 1.509248 -0.050000
v 1.655371 1.541884 -0.049121
v 1.605371 0.786171 -0.047000
v 1.608371 0.786171 -0.050000
v 1.606250 0.786171 -0.049121
v 1.608371 0.016939 -0.000000
v 1.605371 0.063093 -0.000000
v 1.606250 0.030458 -0.000000
v 1.608371 1.555402 -0.000000
v 1.605371 1.509248 -0.000000
v 1.606250 1.541884 -0.000000
vn 0.0002 -1.0000 0.0006
vn 0.7976 -0.2368 0.5548
vn 0.7016 -0.1246 0.7016
vn 0.7175 -0.1747 0.6743
vn 1.0000 -0.0000 -0.0000
vn 0.9768 -0.0097 0.2139
vn 0.9388 -0.0223 0.3436
vn 0.9885 -0.0141 0.1505
vn -0.0000 -0.0000 1.0000
vn 0.0500 -0.0174 0.9986
vn 0.3436 -0.0223 0.9388
vn 0.2139 -0.0097 0.9768
vn 0.9885 0.0141 0.1505
vn 0.9388 0.0223 0.3436
vn 0.9698 0.0168 0.2433
vn 0.0006 1.0000 0.0002
vn 0.5548 0.2368 0.7976
vn 0.7016 0.1246 0.7016
vn 0.7976 0.2368 0.5548
vn 0.2594 0.0031 0.9658
vn 0.3436 0.0223 0.9388
vn 0.1505 0.0141 0.9885
vn -0.0006 -1.0000 0.0002
vn -0.5548 -0.2368 0.7976
vn -0.7016 -0.1246 0.7016
vn -0.6743 -0.1747 0.7175
vn -0.2139 -0.0097 0.9768
vn -0.3436 -0.0223 0.9388
vn -0.1505 -0.0141 0.9885
vn -1.0000 -0.0000 -0.0000
vn -0.9986 -0.0174 0.0500
vn -0.9388 -0.0223 0.3436
vn -0.9768 -0.0097 0.2139
vn -0.0002 1.0000 0.0006
vn -0.7976 0.2368 0.5548
vn -0.7016 0.1246 0.7016
vn -0.7175 0.1747 0.6743
vn -0.9768 0.0097 0.2139
vn -0.9388 0.0223 0.3436
vn -0.9885 0.0141 0.1505
vn -0.0500 0.0174 0.9986
vn -0.3436 0.0223 0.9388
vn -0.2139 0.0097 0.9768
vn 0.0006 -1.0000 -0.0002
vn 0.5548 -0.2368 -0.7976
vn 0.7016 -0.1246 -0.7016
vn 0.6743 -0.1747 -0.7175
vn -0.0000 -0.0000 -1.0000
vn 0.2139 -0.0097 -0.9768
vn 0.3436 -0.0223 -0.9388
vn 0.1505 -0.0141 -0.9885
vn 0.9986 -0.0174 -0.0500
vn 0.9388 -0.0223 -0.3436
vn 0.9768 -0.0097 -0.2139
vn 0.0002 1.0000 -0.0006
vn 0.7976 0.2368 -0.5548
vn 0.7016 0.1246 -0.7016
vn 0.7175 0.1747 -0.6743
vn 0.9768 0.0097 -0.2139
vn 0.9388 0.0223 -0.3436
vn 0.9885 0.0141 -0.1505
vn 0.0500 0.0174 -0.9986
vn 0.3436 0.0223 -0.9388
vn 0.2139 0.0097 -0.9768
vn -0.0002 -1.0000 -0.0006
vn -0.7976 -0.2368 -0.5548
vn -0.7016 -0.1246 -0.7016
vn -0.7175 -0.1747 -0.6743
vn -0.9768 -0.0097 -0.2139
vn -0.9388 -0.0223 -0.3436
vn -0.9885 -0.0141 -0.1505
vn -0.0500 -0.0174 -0.9986
vn -0.3436 -0.0223 -0.9388
vn -0.2139 -0.0097 -0.9768
vn -0.0006 1.0000 -0.0002
vn -0.5548 0.2368 -0.7976
vn -0.7016 0.1246 -0.7016
vn -0.6743 0.1747 -0.7175
vn -0.2139 0.0097 -0.9768
vn -0.3436 0.0223 -0.9388
vn -0.1505 0.0141 -0.9885
vn -0.9986 0.0174 -0.0500
vn -0.9388 0.0223 -0.3436
vn -0.9768 0.0097 -0.2139
vn 0.0003 -1.0000 0.0006
vn -0.0000 -0.1550 0.9879
vn -0.0000 -0.0269 0.9996
vn 0.9239 -0.0000 0.3827
vn 0.3827 -0.0000 0.9239
vn -0.0003 1.0000 0.0006
vn -0.0000 0.1550 0.9879
vn -0.0000 0.0269 0.9996
vn -0.9239 -0.0000 0.3827
vn -0.3827 -0.0000 0.9239
vn -0.0005 -1.0000 0.0003
vn -0.9879 -0.1550 -0.0000
vn -0.9996 -0.0269 -0.0000
vn -0.0005 1.0000 -0.0003
vn -0.9879 0.1550 -0.0000
vn -0.9996 0.0269 -0.0000
vn -0.3827 -0.0000 -0.9239
vn -0.9239 -0.0000 -0.3827
vn -0.0003 -1.0000 -0.0006
vn -0.0000 -0.1550 -0.9879
vn -0.0000 -0.0269 -0.9996
vn 0.0003 1.0000 -0.0006
vn -0.0000 0.1550 -0.9879
vn -0.0000 0.0269 -0.9996
vn 0.9239 -0.0000 -0.3827
vn 0.3827 -0.0000 -0.9239
vn 0.0005 -1.0000 -0.0003
vn 0.9879 -0.1550 -0.0000
vn 0.9996 -0.0269 -0.0000
vn 0.0005 1.0000 0.0003
vn 0.9879 0.1550 -0.0000
vn 0.9996 0.0269 -0.0000
vn -0.0000 -1.0000 -0.0000
vn -0.0000 1.0000 -0.0000
vn -0.0006 -1.0000 0.0005
vn -0.5547 -0.2367 0.7977
vn -0.6745 -0.1747 0.7173
vn -0.9986 -0.0174 0.0501
vn -0.9388 -0.0223 0.3437
vn -0.9698 -0.0168 0.2433
vn -0.0001 -0.0000 1.0000
vn -0.2594 -0.0031 0.9658
vn -0.3437 -0.0223 0.9388
vn -0.1506 -0.0141 0.9885
vn -0.9388 0.0223 0.3437
vn -0.9661 0.0157 0.2578
vn -0.0007 1.0000 0.0006
vn -0.9563 0.2314 0.1785
vn -0.3437 0.0223 0.9388
vn 0.0008 -1.0000 0.0008
vn 0.7976 -0.2367 0.5547
vn 0.3437 -0.0223 0.9388
vn 0.2433 -0.0168 0.9698
vn 1.0000 -0.0000 0.0001
vn 0.9658 -0.0032 0.2594
vn 0.9388 -0.0223 0.3437
vn 0.9885 -0.0141 0.1506
vn 0.0008 1.0000 0.0007
vn 0.6744 0.1747 0.7174
vn 0.9986 0.0174 0.0500
vn 0.9388 0.0223 0.3437
vn 0.0001 -0.0000 1.0000
vn 0.3437 0.0223 0.9388
vn 0.1506 0.0141 0.9885
vn -0.0007 -1.0000 -0.0006
vn -0.7976 -0.2367 -0.5547
vn -0.0001 -0.0000 -1.0000
vn -0.2433 -0.0168 -0.9698
vn -0.9658 -0.0031 -0.2594
vn -0.9388 -0.0223 -0.3437
vn -0.0006 1.0000 -0.0005
vn -0.5546 0.2368 -0.7977
vn -0.6745 0.1747 -0.7173
vn -0.9986 0.0174 -0.0501
vn -0.9388 0.0223 -0.3437
vn -0.9698 0.0168 -0.2433
vn -0.2594 0.0031 -0.9658
vn -0.1506 0.0141 -0.9885
vn 0.0008 -1.0000 -0.0007
vn 0.6744 -0.1747 -0.7174
vn 1.0000 -0.0000 -0.0001
vn 0.9388 -0.0223 -0.3437
vn 0.9698 -0.0168 -0.2433
vn 0.0001 -0.0000 -1.0000
vn 0.2594 -0.0031 -0.9658
vn 0.1506 -0.0141 -0.9885
vn 0.0008 1.0000 -0.0008
vn 0.7976 0.2367 -0.5547
vn 0.2433 0.0168 -0.9698
vn 0.9658 0.0032 -0.2594
vn 0.9388 0.0223 -0.3437
vn 0.9885 0.0141 -0.1506
vn -0.0003 -1.0000 0.0013
vn -0.9239 -0.0000 0.3826
vn -1.0000 -0.0000 0.0001
vn 0.0003 1.0000 0.0013
vn 0.9239 -0.0000 0.3826
vn 0.0008 -1.0000 0.0003
vn 0.0008 1.0000 -0.0003
vn 0.9239 -0.0000 -0.3826
vn 0.0003 -1.0000 -0.0013
vn -0.0003 1.0000 -0.0013
vn -0.9239 -0.0000 -0.3826
vn -1.0000 -0.0000 -0.0001
vn -0.0008 -1.0000 -0.0003
vn -0.0008 1.0000 0.0003
vt 0.132500 0.742500
vt 0.132500 0.750000
vt 0.128170 0.750000
vt 0.125000 0.742500
vt 0.382500 0.992500
vt 0.382500 1.000000
vt 0.378170 1.000000
vt 0.375000 0.992500
vt 0.382500 0.007500
vt 0.375000 0.007500
vt 0.375000 0.003170
vt 0.382500 0.000000
vt 0.617500 0.992500
vt 0.625000 0.992500
vt 0.625000 0.996830
vt 0.617500 1.000000
vt 0.867500 0.742500
vt 0.875000 0.742500
vt 0.875000 0.746830
vt 0.867500 0.750000
vt 0.617500 0.007500
vt 0.617500 0.000000
vt 0.621830 0.000000
vt 0.625000 0.007500
vt 0.132500 0.507500
vt 0.125000 0.507500
vt 0.125000 0.503170
vt 0.132500 0.500000
vt 0.382500 0.242500
vt 0.382500 0.250000
vt 0.376585 0.251585
vt 0.375000 0.242500
vt 0.382500 0.257500
vt 0.375000 0.257500
vt 0.867500 0.507500
vt 0.867500 0.500000
vt 0.871830 0.500000
vt 0.875000 0.507500
vt 0.617500 0.257500
vt 0.617500 0.250000
vt 0.623415 0.248415
vt 0.625000 0.257500
vt 0.617500 0.242500
vt 0.625000 0.242500
vt 0.367500 0.742500
vt 0.375000 0.742500
vt 0.376057 0.750000
vt 0.371250 0.753750
vt 0.382500 0.742500
vt 0.382500 0.750000
vt 0.382500 0.757500
vt 0.632500 0.742500
vt 0.628750 0.753750
vt 0.625000 0.748944
vt 0.625000 0.742500
vt 0.617500 0.757500
vt 0.617500 0.750000
vt 0.617500 0.742500
vt 0.367500 0.507500
vt 0.371250 0.496250
vt 0.375000 0.501057
vt 0.375000 0.507500
vt 0.382500 0.492500
vt 0.382500 0.500000
vt 0.382500 0.507500
vt 0.632500 0.507500
vt 0.625000 0.507500
vt 0.623943 0.500000
vt 0.628750 0.496250
vt 0.617500 0.507500
vt 0.617500 0.500000
vt 0.617500 0.492500
vt 0.132500 0.625000
vt 0.125000 0.625000
vt 0.375000 0.125000
vt 0.382500 0.125000
vt 0.500000 0.992500
vt 0.500000 1.000000
vt 0.500000 0.000000
vt 0.500000 0.007500
vt 0.867500 0.625000
vt 0.875000 0.625000
vt 0.625000 0.125000
vt 0.617500 0.125000
vt 0.500000 0.257500
vt 0.500000 0.250000
vt 0.500000 0.242500
vt 0.250000 0.507500
vt 0.250000 0.500000
vt 0.375000 0.375000
vt 0.382500 0.375000
vt 0.750000 0.507500
vt 0.750000 0.500000
vt 0.625000 0.375000
vt 0.617500 0.375000
vt 0.500000 0.507500
vt 0.500000 0.500000
vt 0.500000 0.492500
vt 0.367500 0.625000
vt 0.375000 0.625000
vt 0.382500 0.625000
vt 0.632500 0.625000
vt 0.625000 0.625000
vt 0.617500 0.625000
vt 0.500000 0.757500
vt 0.500000 0.750000
vt 0.500000 0.742500
vt 0.250000 0.742500
vt 0.250000 0.750000
vt 0.375000 0.875000
vt 0.382500 0.875000
vt 0.750000 0.742500
vt 0.750000 0.750000
vt 0.625000 0.875000
vt 0.617500 0.875000
vt 0.250000 0.625000
vt 0.500000 0.125000
vt 0.500000 0.875000
vt 0.750000 0.625000
vt 0.500000 0.375000
vt 0.500000 0.625000
s 1
f 1173/753/700 1176/754/701 1177/755/702 1179/756/703
f 1174/757/704 1178/758/705 1177/759/706 1176/760/707
f 1175/761/708 1179/762/709 1177/763/710 1178/764/711
f 1180/765/704 1183/766/712 1184/767/713 1186/768/714
f 1181/769/715 1185/770/716 1184/771/717 1183/772/718
f 1182/773/708 1186/774/719 1184/775/720 1185/776/721
f 1187/777/722 1190/778/723 1191/779/724 1193/780/725
f 1188/781/708 1192/782/726 1191/783/727 1190/784/728
f 1189/785/729 1193/786/730 1191/783/731 1192/782/732
f 1194/787/733 1197/788/734 1198/789/735 1200/790/736
f 1195/791/729 1199/792/737 1198/793/738 1197/794/739
f 1196/795/708 1200/796/740 1198/793/741 1199/792/742
f 1201/797/743 1204/798/744 1205/799/745 1207/800/746
f 1202/801/747 1206/802/748 1205/799/749 1204/798/750
f 1203/803/704 1207/800/751 1205/799/752 1206/802/753
f 1208/804/754 1211/805/755 1212/806/756 1214/807/757
f 1209/808/704 1213/809/758 1212/806/759 1211/805/760
f 1210/810/747 1214/807/761 1212/806/762 1213/809/763
f 1215/811/764 1218/812/765 1219/813/766 1221/814/767
f 1216/815/729 1220/816/768 1219/813/769 1218/812/770
f 1217/817/747 1221/814/771 1219/813/772 1220/816/773
f 1222/818/774 1225/819/775 1226/820/776 1228/821/777
f 1223/822/747 1227/823/778 1226/820/779 1225/819/780
f 1224/824/729 1228/821/781 1226/820/782 1227/823/783
f 1187/777/722 1229/825/784 1231/826/785 1190/778/723
f 1190/784/728 1231/827/786 1230/828/708 1188/781/708
f 1229/825/784 1173/753/700 1179/756/703 1231/826/785
f 1231/827/786 1179/762/709 1175/761/708 1230/828/708
f 1174/757/704 1232/829/704 1234/830/787 1178/758/705
f 1178/764/711 1234/831/788 1233/832/708 1175/761/708
f 1232/829/704 1180/765/704 1186/768/714 1234/830/787
f 1234/831/788 1186/774/719 1182/773/708 1233/832/708
f 1181/769/715 1235/833/789 1237/834/790 1185/770/716
f 1185/776/721 1237/835/791 1236/836/708 1182/773/708
f 1235/833/789 1194/787/733 1200/790/736 1237/834/790
f 1237/835/791 1200/796/740 1196/795/708 1236/836/708
f 1195/791/729 1238/837/729 1240/838/792 1199/792/737
f 1199/792/742 1240/838/793 1239/839/708 1196/795/708
f 1238/837/729 1189/785/729 1192/782/732 1240/838/792
f 1240/838/793 1192/782/726 1188/781/708 1239/839/708
f 1215/811/764 1241/840/794 1243/841/795 1218/812/765
f 1218/812/770 1243/842/796 1242/843/729 1216/815/729
f 1241/840/794 1187/777/722 1193/780/725 1243/841/795
f 1243/842/796 1193/786/730 1189/785/729 1242/843/729
f 1194/787/733 1244/844/797 1246/845/798 1197/788/734
f 1197/794/739 1246/846/799 1245/847/729 1195/791/729
f 1244/844/797 1222/818/774 1228/821/777 1246/845/798
f 1246/846/799 1228/821/781 1224/824/729 1245/847/729
f 1223/822/747 1247/848/747 1249/849/800 1227/823/778
f 1227/823/783 1249/849/801 1248/850/729 1224/824/729
f 1247/848/747 1217/817/747 1220/816/773 1249/849/800
f 1249/849/801 1220/816/768 1216/815/729 1248/850/729
f 1201/797/743 1250/851/802 1252/852/803 1204/798/744
f 1204/798/750 1252/852/804 1251/853/747 1202/801/747
f 1250/851/802 1215/811/764 1221/814/767 1252/852/803
f 1252/852/804 1221/814/771 1217/817/747 1251/853/747
f 1222/818/774 1253/854/805 1255/855/806 1225/819/775
f 1225/819/780 1255/855/807 1254/856/747 1223/822/747
f 1253/854/805 1208/804/754 1214/807/757 1255/855/806
f 1255/855/807 1214/807/761 1210/810/747 1254/856/747
f 1209/808/704 1256/857/704 1258/858/808 1213/809/758
f 1213/809/763 1258/858/809 1257/859/747 1210/810/747
f 1256/857/704 1203/803/704 1206/802/753 1258/858/808
f 1258/858/809 1206/802/748 1202/801/747 1257/859/747
f 1173/753/700 1259/860/810 1261/861/811 1176/754/701
f 1176/760/707 1261/862/812 1260/863/704 1174/757/704
f 1259/860/810 1201/797/743 1207/800/746 1261/861/811
f 1261/862/812 1207/800/751 1203/803/704 1260/863/704
f 1208/804/754 1262/864/813 1264/865/814 1211/805/755
f 1211/805/760 1264/866/815 1263/867/704 1209/808/704
f 1262/864/813 1181/769/715 1183/772/718 1264/865/814
f 1264/866/815 1183/766/712 1180/765/704 1263/867/704
f 1229/825/816 1171/868/816 1259/860/816 1173/753/816
f 1175/761/708 1233/832/708 1167/869/708 1230/828/708
f 1260/863/704 1170/870/704 1232/829/704 1174/757/704
f 1170/870/704 1263/867/704 1180/765/704 1232/829/704
f 1233/832/708 1182/773/708 1236/836/708 1167/869/708
f 1172/871/817 1235/833/817 1181/769/817 1262/864/817
f 1187/777/816 1241/840/816 1171/868/816 1229/825/816
f 1230/828/708 1167/869/708 1239/839/708 1188/781/708
f 1189/785/729 1238/837/729 1168/872/729 1242/843/729
f 1244/844/817 1194/787/817 1235/833/817 1172/871/817
f 1167/869/708 1236/836/708 1196/795/708 1239/839/708
f 1238/837/729 1195/791/729 1245/847/729 1168/872/729
f 1171/868/816 1250/851/816 1201/797/816 1259/860/816
f 1251/853/747 1169/873/747 1257/859/747 1202/801/747
f 1203/803/704 1256/857/704 1170/870/704 1260/863/704
f 1253/854/817 1172/871/817 1262/864/817 1208/804/817
f 1169/873/747 1254/856/747 1210/810/747 1257/859/747
f 1256/857/704 1209/808/704 1263/867/704 1170/870/704
f 1241/840/816 1215/811/816 1250/851/816 1171/868/816
f 1242/843/729 1168/872/729 1248/850/729 1216/815/729
f 1217/817/747 1247/848/747 1169/873/747 1251/853/747
f 1222/818/817 1244/844/817 1172/871/817 1253/854/817
f 1168/872/729 1245/847/729 1224/824/729 1248/850/729
f 1247/848/747 1223/822/747 1254/856/747 1169/873/747
f 1271/753/818 1277/756/819 1275/755/724 1274/754/820
f 1272/757/729 1274/760/821 1275/759/822 1276/758/823
f 1273/761/824 1276/764/825 1275/763/826 1277/762/827
f 1278/765/729 1284/768/737 1282/767/828 1281/766/829
f 1279/769/830 1281/772/831 1282/771/735 1283/770/736
f 1280/773/824 1283/776/740 1282/775/832 1284/774/742
f 1285/777/833 1291/780/834 1289/779/702 1288/778/703
f 1286/781/708 1288/784/709 1289/783/835 1290/782/836
f 1287/785/837 1290/782/838 1289/783/839 1291/786/840
f 1292/787/841 1298/790/716 1296/789/717 1295/788/842
f 1293/791/837 1295/794/843 1296/793/844 1297/792/714
f 1294/795/845 1297/792/719 1296/793/846 1298/796/847
f 1299/797/848 1305/800/849 1303/799/766 1302/798/767
f 1300/801/850 1302/798/771 1303/799/772 1304/802/851
f 1301/803/729 1304/802/852 1303/799/853 1305/800/770
f 1306/804/854 1312/807/855 1310/806/776 1309/805/856
f 1307/808/729 1309/805/857 1310/806/858 1311/809/859
f 1308/810/850 1311/809/860 1310/806/779 1312/807/861
f 1313/811/862 1319/814/744 1317/813/745 1316/812/863
f 1314/815/864 1316/812/751 1317/813/865 1318/816/866
f 1315/817/867 1318/816/868 1317/813/749 1319/814/869
f 1320/818/870 1326/821/871 1324/820/756 1323/819/757
f 1321/822/747 1323/819/761 1324/820/762 1325/823/872
f 1322/824/864 1325/823/873 1324/820/874 1326/821/875
f 1285/777/833 1288/778/703 1329/826/785 1327/825/876
f 1288/784/709 1286/781/708 1328/828/708 1329/827/786
f 1327/825/876 1329/826/785 1277/756/819 1271/753/818
f 1329/827/786 1328/828/708 1273/761/824 1277/762/827
f 1272/757/729 1276/758/823 1332/830/877 1330/829/878
f 1276/764/825 1273/761/824 1331/832/824 1332/831/793
f 1330/829/878 1332/830/877 1284/768/737 1278/765/729
f 1332/831/793 1331/832/824 1280/773/824 1284/774/742
f 1279/769/830 1283/770/736 1335/834/790 1333/833/879
f 1283/776/740 1280/773/824 1334/836/708 1335/835/791
f 1333/833/879 1335/834/790 1298/790/716 1292/787/841
f 1335/835/791 1334/836/708 1294/795/845 1298/796/847
f 1293/791/837 1297/792/714 1338/838/880 1336/837/837
f 1297/792/719 1294/795/845 1337/839/845 1338/838/788
f 1336/837/837 1338/838/880 1290/782/838 1287/785/837
f 1338/838/788 1337/839/845 1286/781/708 1290/782/836
f 1313/811/862 1316/812/863 1341/841/811 1339/840/881
f 1316/812/751 1314/815/864 1340/843/704 1341/842/812
f 1339/840/881 1341/841/811 1291/780/834 1285/777/833
f 1341/842/812 1340/843/704 1287/785/837 1291/786/840
f 1292/787/841 1295/788/842 1344/845/814 1342/844/882
f 1295/794/843 1293/791/837 1343/847/704 1344/846/815
f 1342/844/882 1344/845/814 1326/821/871 1320/818/870
f 1344/846/815 1343/847/704 1322/824/864 1326/821/875
f 1321/822/747 1325/823/872 1347/849/809 1345/848/867
f 1325/823/873 1322/824/864 1346/850/864 1347/849/883
f 1345/848/867 1347/849/809 1318/816/868 1315/817/867
f 1347/849/883 1346/850/864 1314/815/864 1318/816/866
f 1299/797/848 1302/798/767 1350/852/803 1348/851/884
f 1302/798/771 1300/801/850 1349/853/747 1350/852/804
f 1348/851/884 1350/852/803 1319/814/744 1313/811/862
f 1350/852/804 1349/853/747 1315/817/867 1319/814/869
f 1320/818/870 1323/819/757 1353/855/806 1351/854/885
f 1323/819/761 1321/822/747 1352/856/747 1353/855/807
f 1351/854/885 1353/855/806 1312/807/855 1306/804/854
f 1353/855/807 1352/856/747 1308/810/850 1312/807/861
f 1307/808/729 1311/809/859 1356/858/886 1354/857/887
f 1311/809/860 1308/810/850 1355/859/850 1356/858/800
f 1354/857/887 1356/858/886 1304/802/852 1301/803/729
f 1356/858/800 1355/859/850 1300/801/850 1304/802/851
f 1271/753/818 1274/754/820 1359/861/795 1357/860/888
f 1274/760/821 1272/757/729 1358/863/729 1359/862/796
f 1357/860/888 1359/861/795 1305/800/849 1299/797/848
f 1359/862/796 1358/863/729 1301/803/729 1305/800/770
f 1306/804/854 1309/805/856 1362/865/798 1360/864/889
f 1309/805/857 1307/808/729 1361/867/729 1362/866/799
f 1360/864/889 1362/865/798 1281/772/831 1279/769/830
f 1362/866/799 1361/867/729 1278/765/729 1281/766/829
f 1327/825/816 1271/753/816 1357/860/816 1269/868/816
f 1273/761/708 1328/828/708 1265/869/708 1331/832/708
f 1358/863/729 1272/757/729 1330/829/729 1268/870/729
f 1268/870/729 1330/829/729 1278/765/729 1361/867/729
f 1331/832/708 1265/869/708 1334/836/708 1280/773/708
f 1270/871/817 1360/864/817 1279/769/817 1333/833/817
f 1285/777/816 1327/825/816 1269/868/816 1339/840/816
f 1328/828/708 1286/781/708 1337/839/708 1265/869/708
f 1287/785/704 1340/843/704 1266/872/704 1336/837/704
f 1342/844/817 1270/871/817 1333/833/817 1292/787/817
f 1265/869/708 1337/839/708 1294/795/708 1334/836/708
f 1336/837/704 1266/872/704 1343/847/704 1293/791/704
f 1269/868/816 1357/860/816 1299/797/816 1348/851/816
f 1349/853/747 1300/801/747 1355/859/747 1267/873/747
f 1301/803/729 1358/863/729 1268/870/729 1354/857/729
f 1351/854/817 1306/804/817 1360/864/817 1270/871/817
f 1267/873/747 1355/859/747 1308/810/747 1352/856/747
f 1354/857/729 1268/870/729 1361/867/729 1307/808/729
f 1339/840/816 1269/868/816 1348/851/816 1313/811/816
f 1340/843/704 1314/815/704 1346/850/704 1266/872/704
f 1315/817/747 1349/853/747 1267/873/747 1345/848/747
f 1320/818/817 1351/854/817 1270/871/817 1342/844/817
f 1266/872/704 1346/850/704 1322/824/704 1343/847/704
f 1345/848/747 1267/873/747 1352/856/747 1321/822/747
o Cube.005
v -0.097826 0.756199 0.097826
v -0.097826 0.643800 0.083766
v -0.097826 0.756199 0.751406
v -0.751406 0.756199 0.097826
v -0.097826 0.643800 0.744376
v -0.065218 0.643800 0.084071
v -0.751406 0.643800 0.077652
v -0.097826 0.756199 0.065218
v -0.097826 0.643800 0.053501
v -0.065218 0.756199 0.097826
v -0.032609 0.700000 0.091101
v -0.097826 0.700000 0.027922
v -0.751406 0.700000 0.751406
v -0.065218 0.700000 1.404986
v -0.533546 0.756199 0.533546
v -0.065218 0.756199 0.751406
v -0.751406 0.643800 0.414529
v -0.751406 0.643800 0.048405
v -0.065218 0.643800 0.053755
v -0.751406 0.756199 0.065218
v -1.404986 0.688760 0.062976
v -0.065218 0.756199 0.065218
v -0.065218 0.643800 0.744529
v -0.032609 0.700000 0.748044
v -0.751406 0.700000 0.025884
v -0.065218 0.700000 0.028024
v -0.032609 0.700000 0.059614
v -0.097826 0.643800 1.393606
v -0.087826 0.653801 1.404986
v -0.104897 0.653801 1.397915
v -0.092545 0.646748 1.401667
v -0.097384 0.648027 1.401345
v -0.096969 0.653801 1.402915
v -0.102453 0.646704 1.396983
v -1.394986 0.643800 0.096058
v -1.397915 0.653801 0.104898
v -1.404986 0.653801 0.087826
v -1.397770 0.646709 0.101560
v -1.401655 0.648027 0.096988
v -1.402915 0.653801 0.096969
v -1.402057 0.646729 0.091942
v -1.394109 0.756199 0.097826
v -1.404986 0.746199 0.087826
v -1.397915 0.746199 0.104897
v -1.401809 0.753259 0.092643
v -1.401445 0.751973 0.097387
v -1.402915 0.746199 0.096969
v -1.397206 0.753301 0.102371
v -0.087826 0.746199 1.404986
v -0.097826 0.756199 1.394109
v -0.104898 0.746199 1.397915
v -0.092643 0.753259 1.401809
v -0.097387 0.751973 1.401446
v -0.102371 0.753301 1.397206
v -0.096969 0.746199 1.402915
v -1.404986 0.653801 0.071537
v -1.394986 0.643800 0.071631
v -1.402057 0.646729 0.071564
v -1.404986 0.653801 0.026763
v -1.394987 0.653681 0.016686
v -1.394986 0.643800 0.025145
v -1.402058 0.653741 0.019640
v -1.400760 0.648002 0.020016
v -1.394987 0.646670 0.018496
v -1.402058 0.646754 0.025622
v -1.404986 0.746199 0.041170
v -1.394232 0.756199 0.042609
v -1.394986 0.746319 0.031068
v -1.401680 0.753246 0.042209
v -1.400600 0.751998 0.036206
v -1.394609 0.753330 0.035065
v -1.402214 0.746259 0.034048
v -0.097826 0.756199 0.042609
v -0.097826 0.746234 0.031778
v -0.097826 0.753281 0.035294
v -0.097826 0.653766 0.024067
v -0.097826 0.643800 0.033236
v -0.097826 0.646719 0.026408
v -0.042609 0.653801 1.404986
v -0.042609 0.643800 1.393799
v -0.032609 0.653801 1.394986
v -0.042609 0.646729 1.401464
v -0.036835 0.648027 1.400509
v -0.035538 0.646729 1.394393
v -0.035538 0.653800 1.402303
v -0.042609 0.746199 1.404986
v -0.032609 0.746199 1.394986
v -0.042609 0.756199 1.394232
v -0.035538 0.746199 1.402057
v -0.036835 0.751973 1.400600
v -0.035538 0.753271 1.394609
v -0.042609 0.753258 1.401846
v -0.042609 0.756199 0.097826
v -0.032609 0.746199 0.096630
v -0.035538 0.753271 0.097476
v -0.032609 0.653801 0.085573
v -0.042609 0.643800 0.084283
v -0.035538 0.646729 0.084700
v -0.042609 0.653769 0.024375
v -0.032609 0.653801 0.034472
v -0.042609 0.643800 0.033580
v -0.035538 0.653785 0.027365
v -0.036835 0.648020 0.028186
v -0.035538 0.646736 0.033874
v -0.042609 0.646714 0.026735
v -0.042609 0.746231 0.031814
v -0.042609 0.756199 0.042609
v -0.032609 0.746199 0.041843
v -0.042609 0.753286 0.035299
v -0.036835 0.751980 0.036505
v -0.035538 0.753264 0.042391
v -0.035538 0.746215 0.034757
v -0.751406 0.643800 0.739733
v -0.751406 0.653800 0.751406
v -0.751406 0.646729 0.747988
v -0.087826 0.700000 1.404986
v -0.104898 0.700000 1.397915
v -0.096969 0.700000 1.402915
v -0.745905 0.756199 0.745905
v -0.751406 0.746199 0.751406
v -0.749795 0.753271 0.749795
v -1.404986 0.696775 0.087826
v -1.397915 0.700000 0.104897
v -1.402915 0.699055 0.096969
v -0.065218 0.653800 1.404986
v -0.065218 0.643800 1.393752
v -0.065218 0.646729 1.401696
v -0.065218 0.756199 1.394202
v -0.065218 0.746199 1.404986
v -0.065218 0.753271 1.401828
v -1.404986 0.653800 0.079854
v -1.394986 0.643800 0.089729
v -1.402057 0.646729 0.084746
v -1.404986 0.653800 0.047684
v -1.394986 0.643800 0.043388
v -1.402057 0.646729 0.044614
v -1.394202 0.756199 0.065218
v -1.404986 0.746199 0.064885
v -1.401828 0.753271 0.065120
v -0.751406 0.653730 0.020347
v -0.751406 0.643800 0.029159
v -0.751406 0.646709 0.022436
v -0.751406 0.746270 0.031421
v -0.751406 0.756199 0.042609
v -0.751406 0.753291 0.035190
v -0.065218 0.746233 0.031796
v -0.065218 0.756199 0.042609
v -0.065218 0.753280 0.035300
v -1.394986 0.700000 0.023877
v -1.404986 0.697218 0.033533
v -1.402057 0.699185 0.026692
v -0.065218 0.653767 0.024252
v -0.065218 0.643800 0.033439
v -0.065218 0.646720 0.026606
v -0.032609 0.746199 0.064220
v -0.042609 0.756199 0.065218
v -0.035538 0.753271 0.064926
v -0.042609 0.643800 0.053931
v -0.032609 0.653801 0.055007
v -0.035538 0.646729 0.054279
v -0.032609 0.653801 0.745280
v -0.042609 0.643800 0.744635
v -0.035538 0.646729 0.744843
v -0.042609 0.756199 0.751406
v -0.032609 0.746199 0.750808
v -0.035538 0.753271 0.751231
v -0.042609 0.700000 1.404986
v -0.032609 0.700000 1.394986
v -0.035538 0.700000 1.402057
v -0.032609 0.700000 0.038157
v -0.042609 0.700000 0.028094
v -0.035538 0.700000 0.031055
vn -0.0000 1.0000 -0.0000
vn -0.0000 -1.0000 -0.0000
vn -0.0957 -0.9521 0.2903
vn -0.2218 -0.8504 0.4771
vn -0.1904 -0.8972 0.3985
vn -0.0000 -0.0000 1.0000
vn -0.3827 -0.0001 0.9239
vn -0.3888 -0.2667 0.8819
vn -0.0941 -0.2371 0.9669
vn -0.7071 -0.0000 0.7071
vn -0.6688 -0.2268 0.7080
vn -0.3401 -0.9165 0.2104
vn -0.4999 -0.8374 0.2211
vn -0.3499 -0.9245 0.1514
vn -0.9239 -0.0000 0.3827
vn -0.8917 -0.2435 0.3816
vn -0.7541 -0.1833 0.6306
vn -1.0000 -0.0000 -0.0000
vn -0.9724 -0.2290 0.0456
vn -0.3023 0.9481 0.0986
vn -0.4960 0.8370 0.2310
vn -0.4127 0.8885 0.2008
vn -0.8865 0.2489 0.3901
vn -0.9719 0.2152 0.0954
vn -0.7122 0.2083 0.6703
vn -0.0954 0.2153 0.9719
vn -0.3902 0.2489 0.8865
vn -0.3827 -0.0000 0.9239
vn -0.2272 0.9065 0.3559
vn -0.2310 0.8370 0.4960
vn -0.0986 0.9481 0.3023
vn -0.7071 0.0001 0.7071
vn -0.6349 0.1803 0.7513
vn -0.9718 -0.1256 -0.1994
vn -0.9032 -0.2791 -0.3260
vn -0.9400 -0.2035 -0.2740
vn 0.0043 0.1362 -0.9907
vn -0.1451 -0.0717 -0.9868
vn -0.3413 -0.1925 -0.9200
vn -0.2117 0.0001 -0.9773
vn -0.2688 -0.9625 -0.0365
vn -0.3446 -0.8783 -0.3315
vn -0.1532 -0.9650 -0.2131
vn -0.9482 0.2901 -0.1293
vn -0.8663 0.4061 -0.2910
vn -0.9376 0.2838 -0.2008
vn -0.0001 1.0000 -0.0000
vn -0.1404 0.9720 -0.1886
vn -0.3052 0.9066 -0.2914
vn -0.2092 0.9687 -0.1335
vn 0.0018 0.1362 -0.9907
vn -0.2434 0.1997 -0.9492
vn -0.3085 0.4521 -0.8369
vn -0.1424 0.3410 -0.9292
vn 0.1356 -0.2870 0.9483
vn 0.2872 -0.3909 0.8745
vn 0.1894 -0.2950 0.9365
vn -0.0000 -1.0000 0.0001
vn 0.2069 -0.9681 0.1415
vn 0.3054 -0.9019 0.3054
vn 0.1396 -0.9702 0.1979
vn 1.0000 -0.0000 -0.0000
vn 0.9712 -0.0409 0.2349
vn 0.8838 -0.3488 0.3118
vn 0.9630 -0.2307 0.1392
vn 0.2018 0.1573 0.9667
vn 0.3210 0.3481 0.8808
vn 0.2468 0.2628 0.9328
vn 0.9643 0.2226 0.1432
vn 0.8855 0.3370 0.3200
vn 0.9678 0.1510 0.2016
vn 0.0464 0.9698 0.2395
vn 0.3152 0.8971 0.3096
vn 0.2099 0.9673 0.1426
vn 0.0043 0.0807 -0.9967
vn 0.2174 -0.0721 -0.9734
vn 0.3393 -0.2587 -0.9044
vn 0.2606 -0.1628 -0.9516
vn 0.9693 -0.1941 -0.1512
vn 0.8962 -0.3009 -0.3259
vn 0.9694 -0.1353 -0.2050
vn 0.0499 -0.9629 -0.2654
vn 0.3362 -0.8820 -0.3302
vn 0.2140 -0.9654 -0.1492
vn 0.0020 0.0808 -0.9967
vn 0.1461 0.2792 -0.9490
vn 0.3194 0.3857 -0.8656
vn 0.2369 0.3194 -0.9176
vn 0.2136 0.9664 -0.1432
vn 0.3194 0.8935 -0.3156
vn 0.1460 0.9684 -0.2024
vn 0.9608 0.0653 -0.2694
vn 0.8809 0.3477 -0.3211
vn 0.9631 0.2286 -0.1418
vn -0.3172 -0.8937 0.3172
vn -0.6696 -0.3215 0.6695
vn -0.0001 -0.0000 1.0000
vn -0.3332 0.8820 0.3332
vn -0.6730 0.3067 0.6730
vn -1.0000 -0.0000 0.0001
vn 0.0007 -0.4271 0.9042
vn 0.0013 -0.9381 0.3464
vn -0.0006 0.9337 0.3579
vn -0.0002 0.4074 0.9133
vn -0.9239 -0.3827 -0.0000
vn -0.3827 -0.9239 -0.0000
vn -0.9237 -0.3830 -0.0001
vn -0.3833 -0.9236 -0.0003
vn -0.0001 -1.0000 -0.0000
vn -0.3595 0.9331 -0.0012
vn -0.9114 0.4116 -0.0004
vn 0.0044 0.1186 -0.9929
vn 0.0057 -0.2766 -0.9610
vn 0.0024 -0.9214 -0.3886
vn 0.0044 0.0915 -0.9958
vn 0.0056 -0.3043 -0.9526
vn 0.0024 -0.9207 -0.3902
vn 0.0018 0.0917 -0.9958
vn 0.0018 0.1187 -0.9929
vn 0.0003 0.4650 -0.8853
vn 0.0033 0.4502 -0.8929
vn -0.0029 0.9304 -0.3665
vn 0.0001 0.9343 -0.3565
vn 0.0019 0.0815 -0.9967
vn 0.0003 0.4445 -0.8958
vn -0.0000 0.9290 -0.3702
vn 0.0031 0.1362 -0.9907
vn -0.3781 0.1421 -0.9148
vn -0.9261 0.0571 -0.3728
vn -1.0000 -0.0000 -0.0001
vn 0.0043 0.0814 -0.9967
vn 0.0055 -0.3161 -0.9487
vn 0.0022 -0.9199 -0.3922
vn 0.9238 0.3828 -0.0000
vn 0.9239 0.3827 -0.0000
vn 0.3827 0.9239 -0.0000
vn 0.3829 0.9238 -0.0001
vn 0.0001 1.0000 -0.0000
vn 0.3829 -0.9238 -0.0001
vn 0.3827 -0.9239 -0.0000
vn 0.9239 -0.3827 -0.0000
vn 0.9238 -0.3828 -0.0000
vn 0.3738 0.0017 0.9275
vn 0.9259 -0.0000 0.3779
vn 0.9243 0.0304 -0.3806
vn 0.3848 0.0738 -0.9200
vn 0.0031 0.0807 -0.9967
vn 0.0044 0.1362 -0.9907
vn 0.0031 0.1186 -0.9929
vn 0.0018 0.1186 -0.9929
vn 0.0031 0.0815 -0.9967
vn 0.0031 0.0916 -0.9958
vn 0.0018 0.0916 -0.9958
vn 0.0043 0.0815 -0.9967
vn 0.0044 0.0916 -0.9958
vn 0.0031 0.0808 -0.9967
vn 0.0043 0.0808 -0.9967
vt 0.625000 0.170396
vt 0.625000 0.143346
vt 0.625000 0.095564
vt 0.625000 0.085198
vt 0.631461 0.758351
vt 0.631461 0.642361
vt 0.625000 0.643013
vt 0.625000 0.763358
vt 0.375000 0.101790
vt 0.375000 0.145432
vt 0.375000 0.172229
vt 0.375000 0.086114
vt 0.375000 0.148660
vt 0.375000 0.176174
vt 0.368539 0.639910
vt 0.375000 0.640424
vt 0.375000 0.634851
vt 0.368539 0.634531
vt 0.625000 0.143346
vt 0.625000 0.170396
vt 0.625000 0.174647
vt 0.625000 0.146922
vt 0.631461 0.636574
vt 0.625000 0.637009
vt 0.375000 0.762064
vt 0.368539 0.757126
vt 0.375000 0.881608
vt 0.373954 0.882187
vt 0.379656 0.883640
vt 0.376251 0.884315
vt 0.395670 0.880833
vt 0.397242 0.883704
vt 0.397242 0.000629
vt 0.375000 0.000562
vt 0.375000 0.000142
vt 0.397242 0.000000
vt 0.375000 0.116614
vt 0.375000 0.115809
vt 0.378134 0.116284
vt 0.375000 0.116820
vt 0.397242 0.115667
vt 0.397242 0.116296
vt 0.397242 0.117186
vt 0.625000 0.116747
vt 0.625000 0.116758
vt 0.621867 0.116264
vt 0.625000 0.115811
vt 0.602758 0.117186
vt 0.602758 0.116297
vt 0.602758 0.115667
vt 0.604330 0.880833
vt 0.626027 0.882215
vt 0.625087 0.883578
vt 0.602758 0.883704
vt 0.625000 0.001418
vt 0.625000 0.000548
vt 0.620300 0.000069
vt 0.625000 0.000215
vt 0.602758 0.000629
vt 0.602758 0.000000
vt 0.397242 0.122619
vt 0.398128 0.123514
vt 0.378598 0.123551
vt 0.375000 0.122720
vt 0.396980 0.123953
vt 0.375000 0.124091
vt 0.375000 0.123196
vt 0.602758 0.121337
vt 0.625000 0.121245
vt 0.622365 0.122072
vt 0.603903 0.122230
vt 0.625000 0.121672
vt 0.625000 0.122550
vt 0.603020 0.122670
vt 0.388192 0.867851
vt 0.364060 0.867850
vt 0.365815 0.865129
vt 0.386620 0.864979
vt 0.364060 0.865911
vt 0.362078 0.863170
vt 0.386620 0.863271
vt 0.611808 0.867850
vt 0.613380 0.864979
vt 0.634185 0.865134
vt 0.635941 0.867850
vt 0.613380 0.863271
vt 0.637922 0.863207
vt 0.635941 0.865986
vt 0.388114 0.622072
vt 0.387150 0.629168
vt 0.366080 0.629312
vt 0.364056 0.629066
vt 0.386620 0.630877
vt 0.362078 0.630774
vt 0.364060 0.630795
vt 0.611886 0.568304
vt 0.635941 0.595975
vt 0.634465 0.621017
vt 0.613992 0.630436
vt 0.635941 0.632367
vt 0.637922 0.632241
vt 0.613380 0.632146
vt 0.375000 0.059661
vt 0.375000 0.058224
vt 0.397242 0.058148
vt 0.375000 0.001484
vt 0.500000 0.880833
vt 0.500000 0.883704
vt 0.500000 0.000000
vt 0.500000 0.000629
vt 0.625000 0.059093
vt 0.625000 0.058148
vt 0.602758 0.058148
vt 0.492826 0.117186
vt 0.498949 0.116297
vt 0.500000 0.115667
vt 0.391931 0.874341
vt 0.368539 0.874341
vt 0.368539 0.872348
vt 0.631461 0.872428
vt 0.631461 0.874341
vt 0.608069 0.874341
vt 0.625000 0.881701
vt 0.397242 0.117895
vt 0.375000 0.117463
vt 0.375000 0.117226
vt 0.397242 0.118635
vt 0.375000 0.118634
vt 0.375000 0.119045
vt 0.397242 0.120758
vt 0.375000 0.121089
vt 0.375000 0.121568
vt 0.625000 0.119655
vt 0.625000 0.119202
vt 0.602758 0.119227
vt 0.397085 0.151766
vt 0.375000 0.151889
vt 0.375000 0.150785
vt 0.397165 0.180011
vt 0.375000 0.180119
vt 0.375000 0.178816
vt 0.602835 0.198917
vt 0.602915 0.150621
vt 0.625000 0.150498
vt 0.625000 0.178898
vt 0.625000 0.149402
vt 0.625000 0.177594
vt 0.608147 0.424634
vt 0.631461 0.404734
vt 0.631461 0.630787
vt 0.631461 0.632562
vt 0.625000 0.631004
vt 0.625000 0.632846
vt 0.500000 0.123312
vt 0.499597 0.122881
vt 0.493811 0.122017
vt 0.397165 0.589347
vt 0.391854 0.609253
vt 0.368537 0.629153
vt 0.374996 0.629278
vt 0.368539 0.630927
vt 0.375000 0.631120
vt 0.613380 0.641504
vt 0.613380 0.635968
vt 0.637922 0.636115
vt 0.637922 0.641679
vt 0.635941 0.636273
vt 0.635941 0.641909
vt 0.364060 0.639553
vt 0.364060 0.634310
vt 0.362078 0.634235
vt 0.362078 0.639423
vt 0.386620 0.634383
vt 0.386620 0.639602
vt 0.386620 0.752290
vt 0.362078 0.752201
vt 0.364060 0.753702
vt 0.635941 0.754880
vt 0.637922 0.753329
vt 0.613380 0.753241
vt 0.500000 0.867850
vt 0.500000 0.864979
vt 0.500000 0.863271
vt 0.500000 0.631512
vt 0.500285 0.629800
vt 0.500000 0.595190
vt 0.500000 0.058148
vt 0.500000 0.874341
vt 0.475000 0.119397
vt 0.500000 0.151193
vt 0.500000 0.516943
vt 0.500000 0.404088
vt 0.500000 0.179508
vt 0.500000 0.752766
vt 0.500000 0.640553
vt 0.500000 0.635176
s 1
f 1363/874/890 1366/875/890 1377/876/890 1365/877/890
f 1378/878/890 1372/879/890 1363/880/890 1365/881/890
f 1379/882/891 1369/883/891 1364/884/891 1367/885/891
f 1364/884/891 1369/883/891 1380/886/891 1371/887/891
f 1368/888/891 1364/889/891 1371/890/891 1381/891/891
f 1366/892/890 1363/893/890 1370/894/890 1382/895/890
f 1363/880/890 1372/879/890 1384/896/890 1370/897/890
f 1367/898/891 1364/889/891 1368/888/891 1385/899/891
f 1390/900/891 1393/901/892 1394/902/893 1396/903/894
f 1391/904/895 1395/905/896 1394/902/897 1393/901/898
f 1392/906/899 1396/907/900 1394/908/897 1395/909/896
f 1397/910/891 1400/911/901 1401/912/902 1403/913/903
f 1398/914/899 1402/915/904 1401/912/905 1400/911/906
f 1399/916/907 1403/913/908 1401/912/905 1402/915/904
f 1404/917/890 1407/918/909 1408/919/910 1410/920/911
f 1405/921/907 1409/922/904 1408/919/912 1407/918/913
f 1406/923/899 1410/920/914 1408/919/912 1409/922/904
f 1411/924/895 1414/925/915 1415/926/916 1417/927/917
f 1412/928/890 1416/929/918 1415/930/919 1414/931/920
f 1413/932/921 1417/933/917 1415/930/916 1416/929/922
f 1421/934/907 1424/935/923 1425/936/924 1427/937/925
f 1422/938/926 1426/939/927 1425/936/928 1424/935/929
f 1423/940/891 1427/937/930 1425/936/931 1426/939/932
f 1428/941/907 1431/942/933 1432/943/934 1434/944/935
f 1429/945/936 1433/946/937 1432/943/938 1431/942/939
f 1430/947/940 1434/944/941 1432/943/942 1433/946/943
f 1441/948/895 1444/949/944 1445/950/945 1447/951/946
f 1442/952/947 1446/953/948 1445/950/949 1444/949/950
f 1443/954/951 1447/951/952 1445/950/953 1446/953/954
f 1448/955/895 1451/956/955 1452/957/956 1454/958/957
f 1449/959/951 1453/960/958 1452/957/959 1451/956/960
f 1450/961/890 1454/958/961 1452/957/962 1453/960/963
f 1461/962/964 1464/963/965 1465/964/966 1467/965/967
f 1462/966/951 1466/967/968 1465/964/969 1464/963/970
f 1463/968/891 1467/965/971 1465/964/972 1466/967/973
f 1468/969/974 1471/970/975 1472/971/976 1474/972/977
f 1469/973/890 1473/974/978 1472/971/979 1471/970/980
f 1470/975/951 1474/972/981 1472/971/982 1473/974/983
f 1397/910/891 1475/976/891 1477/977/984 1400/911/901
f 1400/911/906 1477/977/985 1476/978/899 1398/914/899
f 1475/976/891 1390/979/891 1396/907/894 1477/977/984
f 1477/977/985 1396/907/900 1392/906/899 1476/978/899
f 1391/904/895 1478/980/986 1480/981/917 1395/905/896
f 1395/909/896 1480/982/917 1479/983/899 1392/906/899
f 1478/980/986 1411/924/895 1417/927/917 1480/981/917
f 1480/982/917 1417/933/917 1413/932/921 1479/983/899
f 1412/928/890 1481/984/890 1483/985/987 1416/929/918
f 1416/929/922 1483/985/988 1482/986/899 1413/932/921
f 1481/984/890 1404/917/890 1410/920/911 1483/985/987
f 1483/985/988 1410/920/914 1406/923/899 1482/986/899
f 1405/921/907 1484/987/989 1486/988/904 1409/922/904
f 1409/922/904 1486/988/904 1485/989/899 1406/923/899
f 1484/987/989 1399/916/907 1402/915/904 1486/988/904
f 1486/988/904 1402/915/904 1398/914/899 1485/989/899
f 1441/948/895 1487/990/895 1489/991/990 1444/949/944
f 1444/949/950 1489/991/991 1488/992/947 1442/952/947
f 1487/990/895 1391/904/895 1393/901/898 1489/991/990
f 1489/991/991 1393/901/892 1390/900/891 1488/992/947
f 1450/961/890 1490/993/890 1492/994/992 1454/958/961
f 1454/958/957 1492/994/993 1491/995/895 1448/955/895
f 1490/993/890 1412/996/890 1414/925/920 1492/994/992
f 1492/994/993 1414/925/915 1411/924/895 1491/995/895
f 1399/916/907 1493/997/907 1495/998/994 1403/913/908
f 1403/913/903 1495/998/995 1494/999/891 1397/910/891
f 1493/997/907 1418/1000/907 1420/1001/994 1495/998/994
f 1495/998/995 1420/1001/995 1419/1002/891 1494/999/891
f 1418/1000/907 1496/1003/907 1498/1004/996 1420/1001/994
f 1420/1001/995 1498/1004/997 1497/1005/998 1419/1002/891
f 1496/1003/907 1421/934/907 1427/937/925 1498/1004/996
f 1498/1004/997 1427/937/930 1423/940/891 1497/1005/998
f 1404/917/890 1499/1006/890 1501/1007/999 1407/918/909
f 1407/918/913 1501/1007/1000 1500/1008/907 1405/921/907
f 1499/1006/890 1429/945/936 1431/942/939 1501/1007/999
f 1501/1007/1000 1431/942/933 1428/941/907 1500/1008/907
f 1422/938/926 1502/1009/1001 1504/1010/1002 1426/939/927
f 1426/939/932 1504/1010/1003 1503/1011/891 1423/940/891
f 1502/1009/1001 1438/1012/1004 1440/1013/1005 1504/1010/1002
f 1504/1010/1003 1440/1013/1006 1439/1014/891 1503/1011/891
f 1436/1015/1007 1505/1016/1008 1507/1017/1009 1437/1018/1010
f 1437/1018/1011 1507/1017/1012 1506/1019/890 1435/1020/890
f 1505/1016/1008 1430/947/940 1433/946/943 1507/1017/1009
f 1507/1017/1012 1433/946/937 1429/945/936 1506/1019/890
f 1468/969/974 1508/1021/1013 1510/1022/1014 1471/970/975
f 1471/970/980 1510/1023/1015 1509/1024/890 1469/973/890
f 1508/1021/1013 1436/1015/1007 1437/1018/1010 1510/1022/1014
f 1510/1023/1015 1437/1025/1011 1435/1026/890 1509/1024/890
f 1430/947/940 1511/1027/1016 1513/1028/1017 1434/944/941
f 1434/944/935 1513/1028/1018 1512/1029/1019 1428/941/907
f 1511/1027/1016 1422/938/926 1424/935/929 1513/1028/1017
f 1513/1028/1018 1424/935/923 1421/934/907 1512/1029/1019
f 1438/1030/1004 1514/1031/1020 1516/1032/1021 1440/1033/1005
f 1440/1033/1006 1516/1032/1022 1515/1034/891 1439/1035/891
f 1514/1031/1020 1461/962/964 1467/965/967 1516/1032/1021
f 1516/1032/1022 1467/965/971 1463/968/891 1515/1034/891
f 1456/1036/951 1517/1037/951 1519/1038/1023 1457/1039/1024
f 1457/1039/1025 1519/1038/1026 1518/1040/1027 1455/1041/890
f 1517/1037/951 1470/975/951 1473/974/983 1519/1038/1023
f 1519/1038/1026 1473/974/978 1469/973/890 1518/1040/1027
f 1459/1042/891 1520/1043/891 1522/1044/1028 1460/1045/1029
f 1460/1045/1030 1522/1044/1031 1521/1046/951 1458/1047/951
f 1520/1043/891 1463/968/891 1466/967/973 1522/1044/1028
f 1522/1044/1031 1466/967/968 1462/966/951 1521/1046/951
f 1458/1047/951 1523/1048/951 1525/1049/1030 1460/1045/1030
f 1460/1045/1029 1525/1049/1029 1524/1050/891 1459/1042/891
f 1523/1048/951 1443/954/951 1446/953/954 1525/1049/1030
f 1525/1049/1029 1446/953/948 1442/952/947 1524/1050/891
f 1455/1041/890 1526/1051/890 1528/1052/1025 1457/1039/1025
f 1457/1039/1024 1528/1052/1024 1527/1053/951 1456/1036/951
f 1526/1051/890 1450/961/890 1453/960/963 1528/1052/1025
f 1528/1052/1024 1453/960/958 1449/959/951 1527/1053/951
f 1448/955/895 1529/1054/895 1531/1055/1032 1451/956/955
f 1451/956/960 1531/1055/1033 1530/1056/951 1449/959/951
f 1529/1054/895 1441/948/895 1447/951/946 1531/1055/1032
f 1531/1055/1033 1447/951/952 1443/954/951 1530/1056/951
f 1470/975/951 1532/1057/951 1534/1058/1034 1474/972/981
f 1474/972/977 1534/1058/1035 1533/1059/1036 1468/969/974
f 1532/1057/951 1462/966/951 1464/963/970 1534/1058/1034
f 1534/1058/1035 1464/963/965 1461/962/964 1533/1059/1036
f 1475/976/891 1379/882/891 1367/885/891 1390/979/891
f 1392/906/899 1479/983/899 1375/1060/899 1476/978/899
f 1487/990/895 1376/1061/895 1478/980/895 1391/904/895
f 1390/900/891 1367/898/891 1385/899/891 1488/992/891
f 1397/910/891 1494/999/891 1379/882/891 1475/976/891
f 1476/978/899 1375/1060/899 1485/989/899 1398/914/899
f 1399/916/907 1484/987/907 1383/1062/907 1493/997/907
f 1404/917/890 1481/984/890 1377/876/890 1366/875/890
f 1375/1060/899 1482/986/899 1406/923/899 1485/989/899
f 1404/917/890 1366/892/890 1382/895/890 1499/1006/890
f 1405/921/907 1500/1008/907 1383/1062/907 1484/987/907
f 1376/1061/895 1491/995/895 1411/924/895 1478/980/895
f 1479/983/899 1413/932/899 1482/986/899 1375/1060/899
f 1490/993/890 1378/878/890 1365/881/890 1412/996/890
f 1412/928/890 1365/877/890 1377/876/890 1481/984/890
f 1418/1000/907 1493/997/907 1383/1062/907 1496/1003/907
f 1494/999/891 1419/1002/891 1369/883/891 1379/882/891
f 1369/883/891 1419/1002/891 1497/1005/891 1380/886/891
f 1421/934/907 1496/1003/907 1383/1062/907 1512/1029/907
f 1380/886/891 1497/1005/891 1423/940/891 1503/1011/891
f 1422/938/1037 1511/1027/1016 1387/1063/1038 1502/1009/1001
f 1428/941/907 1512/1029/907 1383/1062/907 1500/1008/907
f 1499/1006/890 1382/895/890 1506/1019/890 1429/945/890
f 1511/1027/1016 1430/947/940 1505/1016/1039 1387/1063/1038
f 1370/897/890 1384/896/890 1509/1024/890 1435/1026/890
f 1382/895/890 1370/894/890 1435/1020/890 1506/1019/890
f 1508/1021/1013 1388/1064/1040 1374/1065/1041 1436/1015/1042
f 1387/1063/1038 1505/1016/1039 1436/1015/1042 1374/1066/1041
f 1381/891/891 1371/890/891 1439/1035/891 1515/1034/891
f 1388/1064/1040 1514/1031/1043 1438/1030/1044 1374/1065/1041
f 1371/887/891 1380/886/891 1503/1011/891 1439/1014/891
f 1502/1009/1001 1387/1063/1038 1374/1066/1041 1438/1012/1044
f 1488/992/891 1385/899/891 1524/1050/891 1442/952/891
f 1443/954/951 1523/1048/951 1386/1067/951 1530/1056/951
f 1441/948/895 1529/1054/895 1376/1061/895 1487/990/895
f 1450/961/890 1526/1051/890 1378/878/890 1490/993/890
f 1530/1056/951 1386/1067/951 1527/1053/951 1449/959/951
f 1529/1054/895 1448/955/895 1491/995/895 1376/1061/895
f 1372/879/890 1455/1041/890 1518/1040/890 1384/896/890
f 1386/1067/951 1373/1068/951 1456/1036/951 1527/1053/951
f 1517/1037/951 1456/1036/951 1373/1068/951 1389/1069/951
f 1526/1051/890 1455/1041/890 1372/879/890 1378/878/890
f 1385/899/891 1368/888/891 1459/1042/891 1524/1050/891
f 1523/1048/951 1458/1047/951 1373/1068/951 1386/1067/951
f 1459/1042/891 1368/888/891 1381/891/891 1520/1043/891
f 1389/1069/951 1373/1068/951 1458/1047/951 1521/1046/951
f 1533/1059/1045 1461/962/1046 1514/1031/1043 1388/1064/1040
f 1520/1043/891 1381/891/891 1515/1034/891 1463/968/891
f 1532/1057/951 1389/1069/951 1521/1046/951 1462/966/951
f 1468/969/974 1533/1059/1045 1388/1064/1040 1508/1021/1013
f 1384/896/890 1518/1040/890 1469/973/890 1509/1024/890
f 1470/975/951 1517/1037/951 1389/1069/951 1532/1057/951
o Cube.006
v -0.097826 0.643801 -0.097826
v -0.097826 0.756199 -0.097826
v -0.751406 0.643801 -0.097826
v -0.097826 0.643801 -0.751406
v -0.097826 0.643800 -0.067561
v -0.065218 0.643800 -0.097826
v -0.032609 0.700000 -0.097826
v -0.065218 0.756199 -0.097826
v -0.097826 0.756199 -0.065218
v -0.097826 0.700000 -0.034952
v -0.097826 0.756199 -0.751406
v -0.751406 0.756199 -0.097826
v -0.533546 0.643800 -0.533546
v -0.751406 0.700000 -0.751406
v -1.404986 0.700000 -0.067408
v -0.751406 0.643800 -0.068580
v -0.065218 0.643800 -0.751406
v -0.065218 0.643800 -0.067510
v -0.032609 0.700000 -0.751406
v -0.032609 0.700000 -0.066338
v -0.065218 0.756199 -0.065218
v -0.065218 0.756199 -0.751406
v -0.065218 0.700000 -0.034901
v -0.751406 0.756199 -0.065218
v -0.751406 0.700000 -0.035971
v -0.065218 0.700000 -1.404986
v -0.533546 0.756199 -0.533546
v -1.394109 0.643801 -0.097826
v -1.404986 0.653801 -0.087826
v -1.397915 0.653801 -0.104897
v -1.401809 0.646741 -0.092643
v -1.401445 0.648027 -0.097387
v -1.402915 0.653801 -0.096969
v -1.397206 0.646699 -0.102371
v -0.104898 0.653801 -1.397915
v -0.087826 0.653801 -1.404986
v -0.097826 0.643801 -1.394109
v -0.096969 0.653801 -1.402915
v -0.097387 0.648027 -1.401445
v -0.092643 0.646741 -1.401809
v -0.102371 0.646699 -1.397206
v -1.397915 0.746199 -0.104898
v -1.404986 0.746199 -0.087826
v -1.394109 0.756199 -0.097826
v -1.402915 0.746199 -0.096969
v -1.401446 0.751973 -0.097387
v -1.401809 0.753259 -0.092643
v -1.397206 0.753301 -0.102371
v -1.394232 0.643800 -0.051338
v -1.394966 0.654419 -0.050000
v -1.404986 0.653801 -0.050623
v -1.394591 0.653105 -0.050000
v -1.395729 0.653418 -0.050000
v -1.395670 0.654279 -0.050000
v -1.401680 0.646736 -0.051148
v -0.097826 0.653792 -0.036879
v -0.097826 0.643800 -0.047295
v -0.097826 0.646727 -0.040102
v -0.032609 0.653801 -0.097826
v -0.042609 0.643800 -0.097826
v -0.035538 0.646729 -0.097826
v -0.042609 0.643800 -1.394232
v -0.042609 0.653801 -1.404986
v -0.032609 0.653801 -1.394986
v -0.042609 0.646742 -1.401846
v -0.036835 0.648027 -1.400600
v -0.035538 0.653801 -1.402057
v -0.035538 0.646729 -1.394609
v -0.042609 0.643800 -0.047123
v -0.032609 0.653801 -0.046701
v -0.042609 0.653793 -0.036725
v -0.035538 0.646731 -0.046988
v -0.036835 0.648025 -0.041165
v -0.035538 0.653797 -0.039635
v -0.042609 0.646725 -0.039934
v -0.042609 0.756199 -0.097826
v -0.032609 0.746199 -0.097826
v -0.035538 0.753271 -0.097826
v -0.032609 0.746199 -1.394986
v -0.042609 0.746199 -1.404986
v -0.042609 0.756199 -1.394232
v -0.035538 0.746199 -1.402214
v -0.036835 0.751973 -1.400600
v -0.042609 0.753271 -1.401680
v -0.035538 0.753271 -1.394609
v -0.032609 0.746199 -0.043016
v -0.042609 0.756199 -0.042609
v -0.042609 0.746207 -0.033007
v -0.035538 0.753269 -0.042730
v -0.036835 0.751975 -0.037005
v -0.042609 0.753275 -0.035653
v -0.035538 0.746203 -0.035940
v -0.097826 0.756199 -0.042609
v -0.097826 0.746208 -0.033025
v -0.097826 0.753273 -0.035660
v -1.394986 0.746230 -0.033386
v -1.394232 0.756199 -0.042609
v -1.404986 0.746199 -0.043419
v -1.394609 0.753279 -0.035765
v -1.400600 0.751946 -0.037209
v -1.401846 0.753258 -0.043027
v -1.402057 0.746054 -0.036338
v -0.087826 0.746199 -1.404986
v -0.104897 0.746199 -1.397915
v -0.097826 0.756199 -1.394109
v -0.096969 0.746199 -1.402915
v -0.097387 0.751973 -1.401445
v -0.102371 0.753301 -1.397206
v -0.092643 0.753259 -1.401809
v -0.745905 0.643801 -0.745905
v -0.751406 0.653801 -0.751406
v -0.749795 0.646729 -0.749795
v -1.404986 0.700000 -0.087826
v -1.397915 0.700000 -0.104897
v -1.402915 0.700000 -0.096969
v -1.404986 0.653800 -0.069209
v -1.394202 0.643800 -0.069582
v -1.401828 0.646729 -0.069480
v -0.042609 0.643800 -0.751406
v -0.032609 0.653800 -0.751406
v -0.035538 0.646729 -0.751406
v -0.042609 0.643800 -0.067475
v -0.032609 0.653800 -0.067260
v -0.035538 0.646729 -0.067405
v -0.032609 0.746199 -0.751406
v -0.042609 0.756199 -0.751406
v -0.035538 0.753271 -0.751406
v -0.032609 0.746199 -0.065417
v -0.042609 0.756199 -0.065218
v -0.035538 0.753271 -0.065276
v -0.065218 0.756199 -0.042609
v -0.065218 0.746208 -0.033016
v -0.065218 0.753273 -0.035657
v -0.032609 0.700000 -0.044858
v -0.042609 0.700000 -0.034866
v -0.035538 0.700000 -0.037786
v -0.751406 0.756199 -0.042609
v -0.751406 0.746217 -0.033206
v -0.751406 0.753276 -0.035713
v -1.394202 0.756199 -0.065218
v -1.404986 0.746199 -0.065607
v -1.401828 0.753271 -0.065332
v -1.404986 0.700000 -0.047021
v -1.394986 0.700000 -0.036975
v -1.402057 0.700000 -0.039924
v -0.065218 0.746199 -1.404986
v -0.065218 0.756199 -1.394202
v -0.065218 0.753271 -1.401828
v -0.032609 0.700000 -1.394986
v -0.042609 0.700000 -1.404986
v -0.035538 0.700000 -1.402057
v -0.745905 0.756199 -0.745905
v -0.751406 0.746199 -0.751406
v -0.749795 0.753271 -0.749795
v -0.087826 0.700000 -1.404986
v -0.104898 0.700000 -1.397915
v -0.096969 0.700000 -1.402915
v -0.065218 0.643800 -0.047194
v -0.065218 0.653792 -0.036786
v -0.065218 0.646727 -0.040003
v -0.065218 0.653800 -1.404986
v -0.065218 0.643800 -1.394202
v -0.065218 0.646729 -1.401828
v -0.751406 0.643800 -0.049334
v -0.751406 0.653783 -0.038736
v -0.751406 0.646724 -0.042088
vn -0.0000 -1.0000 -0.0000
vn -0.0000 1.0000 -0.0000
vn -0.3024 -0.9481 -0.0987
vn -0.4960 -0.8370 -0.2310
vn -0.4127 -0.8885 -0.2008
vn -1.0000 -0.0000 -0.0000
vn -0.9239 -0.0000 -0.3827
vn -0.8865 -0.2490 -0.3901
vn -0.9719 -0.2153 -0.0954
vn -0.7071 -0.0001 -0.7071
vn -0.7122 -0.2083 -0.6703
vn -0.7071 -0.0000 -0.7071
vn -0.3827 -0.0000 -0.9239
vn -0.3901 -0.2489 -0.8865
vn -0.5830 -0.1940 -0.7890
vn -0.0000 -0.0000 -1.0000
vn -0.0954 -0.2153 -0.9719
vn -0.2913 -0.8998 -0.3249
vn -0.2310 -0.8370 -0.4960
vn -0.0986 -0.9481 -0.3023
vn -0.7071 0.0001 -0.7071
vn -0.8865 0.2489 -0.3902
vn -0.7890 0.1940 -0.5830
vn -0.9719 0.2153 -0.0954
vn -0.3249 0.8998 -0.2913
vn -0.4960 0.8370 -0.2310
vn -0.3023 0.9481 -0.0986
vn -0.0803 -0.6639 0.7435
vn 0.1252 -0.3246 0.9375
vn -0.0383 -0.0836 0.9958
vn -0.0243 0.0134 0.9996
vn 0.0741 0.0028 0.9972
vn -0.2168 0.0250 0.9759
vn -0.6452 -0.1429 0.7506
vn 0.1437 -0.9705 -0.1936
vn 0.3152 -0.8971 -0.3096
vn 0.2340 -0.9405 -0.2466
vn 0.2018 -0.1573 -0.9667
vn 0.3210 -0.3481 -0.8808
vn 0.1449 -0.2400 -0.9599
vn 1.0000 -0.0000 -0.0000
vn 0.9620 -0.2694 -0.0436
vn 0.8855 -0.3370 -0.3200
vn 0.9678 -0.1510 -0.2016
vn 0.2115 -0.9665 0.1455
vn 0.3209 -0.8911 0.3209
vn 0.2489 -0.9403 0.2323
vn 0.9646 -0.1534 0.2145
vn 0.8842 -0.3368 0.3237
vn 0.9647 -0.2201 0.1447
vn -0.0021 -0.0405 0.9992
vn 0.0451 -0.2933 0.9549
vn 0.3193 -0.3564 0.8781
vn 0.2098 -0.1838 0.9603
vn 1.0000 0.0001 -0.0000
vn 0.9695 0.1518 -0.1923
vn 0.8854 0.3404 -0.3165
vn 0.9388 0.2480 -0.2390
vn 0.1399 0.2601 -0.9554
vn 0.3011 0.3674 -0.8800
vn 0.1816 0.1630 -0.9698
vn 0.2540 0.9658 -0.0512
vn 0.3123 0.8972 -0.3123
vn 0.1424 0.9689 -0.2024
vn 0.9677 0.2029 0.1495
vn 0.8919 0.3134 0.3261
vn 0.9393 0.2477 0.2374
vn 0.1481 0.9655 0.2142
vn 0.3293 0.8853 0.3283
vn 0.2117 0.9660 0.1486
vn -0.0010 -0.0404 0.9992
vn 0.2605 0.0072 0.9654
vn 0.3293 0.2927 0.8977
vn 0.1480 0.1753 0.9733
vn -0.0009 -0.0686 0.9976
vn -0.1469 0.1539 0.9771
vn -0.3350 0.2739 0.9015
vn -0.2318 0.1831 0.9554
vn -0.0000 1.0000 0.0001
vn -0.1986 0.9694 0.1444
vn -0.3236 0.8905 0.3198
vn -0.1480 0.9662 0.2110
vn -0.9695 0.0417 0.2414
vn -0.8876 0.3271 0.3242
vn -0.9627 0.2266 0.1477
vn -0.3902 0.2489 -0.8865
vn -0.1909 0.2291 -0.9545
vn -0.6349 0.1803 -0.7513
vn 0.0050 0.9418 -0.3362
vn -0.2310 0.8370 -0.4960
vn -0.2272 0.9065 -0.3559
vn 0.0001 -1.0000 -0.0000
vn -0.3333 -0.8820 -0.3333
vn -0.6730 -0.3067 -0.6730
vn -1.0000 -0.0000 -0.0001
vn -0.9317 -0.2310 0.2802
vn -0.9116 -0.4112 0.0005
vn -0.9251 -0.3611 -0.1174
vn -0.2462 -0.9676 -0.0552
vn -0.3589 -0.9334 0.0012
vn -0.1483 -0.9691 0.1969
vn 0.3827 -0.9239 -0.0000
vn 0.9239 -0.3827 -0.0000
vn 0.9239 0.3827 -0.0000
vn 0.3827 0.9239 -0.0000
vn -0.0001 0.9217 0.3878
vn -0.0002 0.3499 0.9368
vn -0.0010 -0.0408 0.9992
vn -0.0000 0.9222 0.3867
vn -0.0002 0.3440 0.9390
vn -0.0009 -0.0459 0.9989
vn 0.9239 -0.0153 0.3823
vn 0.3812 -0.0371 0.9237
vn -0.0015 -0.0405 0.9992
vn -0.0000 0.9222 0.3866
vn -0.0002 0.3309 0.9437
vn -0.0009 -0.0596 0.9982
vn -0.3579 0.9338 -0.0006
vn -0.9133 0.4073 -0.0002
vn -0.9536 -0.2854 0.0956
vn -0.9244 -0.0291 0.3803
vn -0.4142 -0.1647 0.8952
vn 0.0352 -0.1623 0.9861
vn -0.6998 0.0440 0.7130
vn 0.0004 0.4113 -0.9115
vn 0.0009 0.9334 -0.3589
vn 1.0000 -0.0000 -0.0001
vn 0.9251 -0.0001 -0.3797
vn 0.3771 -0.0011 -0.9262
vn 0.0001 -0.0000 -1.0000
vn -0.3332 0.8820 -0.3332
vn -0.6730 0.3067 -0.6730
vn -0.0001 -0.0000 -1.0000
vn -0.0012 -0.9263 0.3769
vn -0.0026 -0.9271 0.3748
vn -0.0012 -0.4170 0.9089
vn -0.0027 -0.4143 0.9101
vn -0.0022 -0.0409 0.9992
vn -0.0022 -0.0460 0.9989
vn -0.0000 -0.0001 -1.0000
vn -0.0002 -0.4074 -0.9133
vn -0.0006 -0.9337 -0.3579
vn 0.2080 -0.7262 0.6552
vn -0.0110 -0.4547 0.8906
vn -0.0092 -0.0214 0.9997
vn -0.2650 -0.9588 0.1029
vn 0.0026 -0.9274 0.3741
vn -0.0095 -0.1695 0.9855
vn -0.0058 -0.1103 0.9939
vn -0.0034 -0.0850 0.9964
vn -0.0052 -0.1192 0.9929
vn -0.0016 -0.0460 0.9989
vn -0.0016 -0.0408 0.9992
vn -0.0022 -0.0408 0.9992
vn -0.0016 -0.0405 0.9992
vn -0.0010 -0.0405 0.9992
vn -0.0009 -0.0408 0.9992
vn -0.0009 -0.0460 0.9989
vt 0.375000 0.195900
vt 0.375000 0.164802
vt 0.375000 0.231967
vt 0.375000 0.281098
vt 0.375000 0.191955
vt 0.375000 0.161574
vt 0.375000 0.164802
vt 0.375000 0.195901
vt 0.368539 0.607639
vt 0.375000 0.606987
vt 0.375000 0.486642
vt 0.368539 0.491649
vt 0.368539 0.613017
vt 0.375000 0.612560
vt 0.625000 0.612991
vt 0.631461 0.613426
vt 0.631461 0.607639
vt 0.625000 0.606987
vt 0.631461 0.491649
vt 0.625000 0.486642
vt 0.625000 0.161226
vt 0.625000 0.191650
vt 0.625000 0.195901
vt 0.625000 0.164802
vt 0.625000 0.195900
vt 0.625000 0.281098
vt 0.625000 0.231967
vt 0.625000 0.164802
vt 0.375000 0.134221
vt 0.375000 0.133242
vt 0.378134 0.133782
vt 0.375000 0.134738
vt 0.397242 0.132814
vt 0.397242 0.133704
vt 0.397242 0.134962
vt 0.397242 0.365038
vt 0.397242 0.366297
vt 0.378105 0.366247
vt 0.375000 0.365200
vt 0.395670 0.369168
vt 0.374230 0.367474
vt 0.375000 0.366247
vt 0.602758 0.134962
vt 0.602758 0.133704
vt 0.621867 0.133782
vt 0.625000 0.134800
vt 0.602758 0.132814
vt 0.625000 0.133189
vt 0.625000 0.134221
vt 0.375000 0.130063
vt 0.375000 0.130857
vt 0.377886 0.128853
vt 0.375000 0.129551
vt 0.397176 0.131811
vt 0.396703 0.128613
vt 0.397242 0.129504
vt 0.364060 0.384014
vt 0.364060 0.382150
vt 0.365815 0.384866
vt 0.362078 0.386793
vt 0.388192 0.382150
vt 0.386620 0.385021
vt 0.386620 0.386729
vt 0.364060 0.616849
vt 0.362078 0.616970
vt 0.365676 0.618425
vt 0.364061 0.618578
vt 0.386620 0.617019
vt 0.386322 0.618727
vt 0.388173 0.618648
vt 0.613380 0.386729
vt 0.613380 0.385021
vt 0.634185 0.384866
vt 0.637922 0.386793
vt 0.611808 0.382150
vt 0.635941 0.382150
vt 0.635941 0.384014
vt 0.613380 0.617652
vt 0.637922 0.617702
vt 0.634049 0.619161
vt 0.613104 0.619361
vt 0.635941 0.617634
vt 0.635941 0.619364
vt 0.611827 0.619294
vt 0.602824 0.128970
vt 0.625000 0.128374
vt 0.621601 0.128115
vt 0.601927 0.127973
vt 0.625000 0.129285
vt 0.625000 0.128828
vt 0.602758 0.128863
vt 0.604330 0.369168
vt 0.602758 0.366297
vt 0.621896 0.366247
vt 0.626027 0.367785
vt 0.602758 0.365038
vt 0.624695 0.365325
vt 0.625000 0.366931
vt 0.375000 0.249545
vt 0.375000 0.250000
vt 0.397242 0.250000
vt 0.500000 0.132814
vt 0.500000 0.133704
vt 0.500000 0.134962
vt 0.397242 0.131157
vt 0.375000 0.131187
vt 0.375000 0.131693
vt 0.364060 0.608091
vt 0.364060 0.495120
vt 0.362078 0.496656
vt 0.362078 0.608291
vt 0.386620 0.496656
vt 0.386620 0.608291
vt 0.364060 0.613335
vt 0.362078 0.613479
vt 0.386620 0.613509
vt 0.613380 0.608291
vt 0.613380 0.496656
vt 0.637922 0.496656
vt 0.637922 0.608291
vt 0.635941 0.495120
vt 0.635941 0.608091
vt 0.613380 0.613826
vt 0.637922 0.613856
vt 0.635941 0.613727
vt 0.631461 0.617438
vt 0.631461 0.619213
vt 0.608089 0.619140
vt 0.625000 0.617154
vt 0.625000 0.618996
vt 0.602777 0.618919
vt 0.500000 0.617336
vt 0.499857 0.619044
vt 0.500000 0.618971
vt 0.625000 0.188703
vt 0.625000 0.158747
vt 0.625000 0.157650
vt 0.625000 0.187399
vt 0.602798 0.176811
vt 0.602777 0.225688
vt 0.625000 0.131304
vt 0.625000 0.130807
vt 0.602758 0.130837
vt 0.500000 0.129183
vt 0.499747 0.128292
vt 0.500000 0.130391
vt 0.608069 0.375659
vt 0.631461 0.375659
vt 0.631461 0.377573
vt 0.500000 0.386729
vt 0.500000 0.385021
vt 0.500000 0.382150
vt 0.625000 0.249545
vt 0.625000 0.250000
vt 0.602758 0.250000
vt 0.500000 0.369168
vt 0.500000 0.366297
vt 0.500000 0.365038
vt 0.375000 0.616291
vt 0.368539 0.616622
vt 0.368540 0.618396
vt 0.375000 0.618132
vt 0.391912 0.618469
vt 0.397223 0.599027
vt 0.391931 0.375659
vt 0.368539 0.375659
vt 0.368539 0.377573
vt 0.375000 0.159449
vt 0.375000 0.158345
vt 0.375000 0.373405
vt 0.397202 0.354245
vt 0.375000 0.189314
vt 0.375000 0.188010
vt 0.500000 0.250000
vt 0.500000 0.130997
vt 0.500000 0.375659
vt 0.500000 0.265528
vt 0.500000 0.402766
vt 0.500000 0.618805
vt 0.500000 0.618564
vt 0.500000 0.608291
vt 0.500000 0.613668
vt 0.500000 0.496656
s 1
f 1535/1070/1047 1537/1071/1047 1547/1072/1047 1538/1073/1047
f 1539/1074/1047 1550/1075/1047 1537/1076/1047 1535/1077/1047
f 1540/1078/1047 1535/1079/1047 1538/1080/1047 1551/1081/1047
f 1552/1082/1047 1539/1083/1047 1535/1079/1047 1540/1078/1047
f 1543/1084/1048 1555/1085/1048 1542/1086/1048 1536/1087/1048
f 1536/1087/1048 1542/1086/1048 1556/1088/1048 1545/1089/1048
f 1558/1090/1048 1543/1091/1048 1536/1092/1048 1546/1093/1048
f 1536/1094/1048 1545/1095/1048 1561/1096/1048 1546/1097/1048
f 1562/1098/1047 1565/1099/1049 1566/1100/1050 1568/1101/1051
f 1563/1102/1052 1567/1103/1053 1566/1100/1054 1565/1099/1055
f 1564/1104/1056 1568/1101/1057 1566/1100/1054 1567/1103/1053
f 1569/1105/1058 1572/1106/1059 1573/1107/1060 1575/1108/1061
f 1570/1109/1062 1574/1110/1063 1573/1107/1060 1572/1106/1059
f 1571/1111/1047 1575/1108/1064 1573/1107/1065 1574/1110/1066
f 1576/1112/1067 1579/1113/1053 1580/1114/1068 1582/1115/1069
f 1577/1116/1052 1581/1117/1070 1580/1114/1068 1579/1113/1053
f 1578/1118/1048 1582/1115/1071 1580/1114/1072 1581/1117/1073
f 1583/1119/1074 1586/1120/1075 1587/1121/1076 1589/1122/1077
f 1584/1123/1078 1588/1124/1079 1587/1121/1076 1586/1120/1075
f 1585/1125/1080 1589/1122/1077 1587/1121/1076 1588/1124/1079
f 1596/1126/1047 1599/1127/1081 1600/1128/1082 1602/1129/1083
f 1597/1130/1062 1601/1131/1084 1600/1128/1085 1599/1127/1086
f 1598/1132/1087 1602/1129/1088 1600/1128/1089 1601/1131/1090
f 1603/1133/1047 1606/1134/1091 1607/1135/1092 1609/1136/1093
f 1604/1137/1087 1608/1138/1094 1607/1135/1095 1606/1134/1096
f 1605/1139/1097 1609/1136/1098 1607/1135/1099 1608/1138/1100
f 1613/1140/1101 1616/1141/1102 1617/1142/1103 1619/1143/1104
f 1614/1144/1062 1618/1145/1105 1617/1142/1106 1616/1141/1107
f 1615/1146/1048 1619/1143/1108 1617/1142/1109 1618/1145/1110
f 1620/1147/1087 1623/1148/1111 1624/1149/1112 1626/1150/1113
f 1621/1151/1048 1625/1152/1114 1624/1149/1115 1623/1148/1116
f 1622/1153/1117 1626/1150/1118 1624/1149/1119 1625/1152/1120
f 1630/1154/1121 1633/1155/1122 1634/1156/1123 1636/1157/1124
f 1631/1158/1125 1635/1159/1126 1634/1156/1127 1633/1155/1128
f 1632/1160/1052 1636/1157/1129 1634/1156/1130 1635/1159/1131
f 1637/1161/1062 1640/1162/1059 1641/1163/1132 1643/1164/1133
f 1638/1165/1058 1642/1166/1134 1641/1163/1132 1640/1162/1059
f 1639/1167/1048 1643/1164/1135 1641/1163/1136 1642/1166/1137
f 1571/1111/1047 1644/1168/1138 1646/1169/1139 1575/1108/1064
f 1575/1108/1061 1646/1169/1140 1645/1170/1058 1569/1105/1058
f 1644/1168/1138 1562/1098/1047 1568/1101/1051 1646/1169/1139
f 1646/1169/1140 1568/1101/1057 1564/1104/1056 1645/1170/1058
f 1563/1102/1052 1647/1171/1141 1649/1172/1053 1567/1103/1053
f 1567/1103/1053 1649/1172/1053 1648/1173/1058 1564/1104/1056
f 1647/1171/1141 1577/1116/1052 1579/1113/1053 1649/1172/1053
f 1649/1172/1053 1579/1113/1053 1576/1112/1067 1648/1173/1058
f 1585/1125/1142 1650/1174/1052 1652/1175/1143 1589/1122/1144
f 1589/1122/1145 1652/1175/1146 1651/1176/1047 1583/1119/1147
f 1650/1174/1052 1563/1102/1052 1565/1099/1055 1652/1175/1143
f 1652/1175/1146 1565/1099/1049 1562/1098/1047 1651/1176/1047
f 1594/1177/1047 1653/1178/1047 1655/1179/1148 1595/1180/1148
f 1595/1180/1149 1655/1179/1149 1654/1181/1087 1593/1182/1087
f 1653/1178/1047 1596/1126/1047 1602/1129/1083 1655/1179/1148
f 1655/1179/1149 1602/1129/1088 1598/1132/1087 1654/1181/1087
f 1603/1133/1047 1656/1183/1047 1658/1184/1148 1606/1134/1091
f 1606/1134/1096 1658/1184/1149 1657/1185/1087 1604/1137/1087
f 1656/1183/1047 1594/1177/1047 1595/1180/1148 1658/1184/1148
f 1658/1184/1149 1595/1180/1149 1593/1182/1087 1657/1185/1087
f 1611/1186/1087 1659/1187/1087 1661/1188/1150 1612/1189/1150
f 1612/1189/1151 1661/1188/1151 1660/1190/1048 1610/1191/1048
f 1659/1187/1087 1613/1140/1101 1619/1143/1104 1661/1188/1150
f 1661/1188/1151 1619/1143/1108 1615/1146/1048 1660/1190/1048
f 1620/1147/1087 1662/1192/1087 1664/1193/1150 1623/1148/1111
f 1623/1148/1116 1664/1193/1151 1663/1194/1048 1621/1151/1048
f 1662/1192/1087 1611/1186/1087 1612/1189/1150 1664/1193/1150
f 1664/1193/1151 1612/1189/1151 1610/1191/1048 1663/1194/1048
f 1621/1151/1048 1665/1195/1048 1667/1196/1152 1625/1152/1114
f 1625/1152/1120 1667/1196/1153 1666/1197/1154 1622/1153/1117
f 1665/1195/1048 1627/1198/1048 1629/1199/1155 1667/1196/1152
f 1667/1196/1153 1629/1199/1156 1628/1200/1157 1666/1197/1154
f 1604/1137/1087 1668/1201/1087 1670/1202/1158 1608/1138/1094
f 1608/1138/1100 1670/1202/1159 1669/1203/1160 1605/1139/1097
f 1668/1201/1087 1620/1147/1087 1626/1150/1113 1670/1202/1158
f 1670/1202/1159 1626/1150/1118 1622/1153/1117 1669/1203/1160
f 1627/1204/1048 1671/1205/1125 1673/1206/1161 1629/1207/1155
f 1629/1207/1156 1673/1206/1162 1672/1208/1163 1628/1209/1157
f 1671/1205/1125 1631/1158/1125 1633/1155/1128 1673/1206/1161
f 1673/1206/1162 1633/1155/1122 1630/1154/1121 1672/1208/1163
f 1631/1158/1125 1674/1210/1048 1676/1211/1164 1635/1159/1126
f 1635/1159/1131 1676/1211/1165 1675/1212/1052 1632/1160/1052
f 1674/1210/1048 1578/1118/1048 1581/1117/1073 1676/1211/1164
f 1676/1211/1165 1581/1117/1070 1577/1116/1052 1675/1212/1052
f 1632/1160/1052 1677/1213/1166 1679/1214/1167 1636/1157/1129
f 1636/1157/1124 1679/1214/1168 1678/1215/1169 1630/1154/1121
f 1677/1213/1170 1585/1125/1080 1588/1124/1079 1679/1214/1168
f 1679/1214/1168 1588/1124/1079 1584/1123/1078 1678/1215/1169
f 1614/1144/1062 1680/1216/1062 1682/1217/1171 1618/1145/1105
f 1618/1145/1110 1682/1217/1172 1681/1218/1048 1615/1146/1048
f 1680/1216/1062 1637/1161/1062 1643/1164/1133 1682/1217/1171
f 1682/1217/1172 1643/1164/1135 1639/1167/1048 1681/1218/1048
f 1613/1140/1101 1683/1219/1173 1685/1220/1174 1616/1141/1102
f 1616/1141/1107 1685/1220/1175 1684/1221/1176 1614/1144/1062
f 1683/1219/1173 1598/1132/1087 1601/1131/1090 1685/1220/1174
f 1685/1220/1175 1601/1131/1084 1597/1130/1062 1684/1221/1176
f 1578/1118/1048 1686/1222/1048 1688/1223/1177 1582/1115/1071
f 1582/1115/1069 1688/1223/1178 1687/1224/1058 1576/1112/1067
f 1686/1222/1048 1639/1167/1048 1642/1166/1137 1688/1223/1177
f 1688/1223/1178 1642/1166/1134 1638/1165/1058 1687/1224/1058
f 1637/1161/1062 1689/1225/1179 1691/1226/1059 1640/1162/1059
f 1640/1162/1059 1691/1226/1059 1690/1227/1058 1638/1165/1058
f 1689/1225/1179 1570/1109/1062 1572/1106/1059 1691/1226/1059
f 1691/1226/1059 1572/1106/1059 1569/1105/1058 1690/1227/1058
f 1591/1228/1047 1692/1229/1047 1694/1230/1180 1592/1231/1181
f 1592/1231/1182 1694/1230/1183 1693/1232/1184 1590/1233/1185
f 1692/1229/1047 1603/1133/1047 1609/1136/1093 1694/1230/1180
f 1694/1230/1183 1609/1136/1098 1605/1139/1097 1693/1232/1184
f 1570/1109/1062 1695/1234/1186 1697/1235/1187 1574/1110/1063
f 1574/1110/1066 1697/1235/1188 1696/1236/1047 1571/1111/1047
f 1695/1234/1186 1597/1130/1062 1599/1127/1086 1697/1235/1187
f 1697/1235/1188 1599/1127/1081 1596/1126/1047 1696/1236/1047
f 1583/1119/1074 1698/1237/1189 1700/1238/1190 1586/1120/1075
f 1586/1120/1075 1700/1239/1190 1699/1240/1191 1584/1123/1078
f 1698/1237/1192 1591/1241/1047 1592/1242/1181 1700/1238/1193
f 1700/1239/1190 1592/1231/1182 1590/1233/1185 1699/1240/1191
f 1548/1243/1058 1645/1170/1058 1564/1104/1058 1648/1173/1058
f 1650/1174/1052 1549/1244/1052 1647/1171/1052 1563/1102/1052
f 1550/1075/1047 1651/1176/1047 1562/1098/1047 1537/1076/1047
f 1562/1098/1047 1644/1168/1047 1547/1072/1047 1537/1071/1047
f 1690/1227/1058 1569/1105/1058 1645/1170/1058 1548/1243/1058
f 1571/1111/1047 1538/1073/1047 1547/1072/1047 1644/1168/1047
f 1570/1109/1062 1689/1225/1062 1560/1245/1062 1695/1234/1062
f 1551/1081/1047 1538/1080/1047 1571/1111/1047 1696/1236/1047
f 1549/1244/1052 1675/1212/1052 1577/1116/1052 1647/1171/1052
f 1674/1210/1048 1558/1090/1048 1546/1093/1048 1578/1118/1048
f 1687/1224/1058 1548/1243/1058 1648/1173/1058 1576/1112/1058
f 1578/1118/1048 1546/1097/1048 1561/1096/1048 1686/1222/1048
f 1698/1237/1047 1583/1119/1047 1651/1176/1047 1550/1075/1047
f 1585/1125/1052 1677/1213/1052 1549/1244/1052 1650/1174/1052
f 1584/1123/1194 1699/1240/1195 1559/1246/1196 1678/1215/1197
f 1692/1229/1047 1591/1228/1047 1539/1083/1047 1552/1082/1047
f 1699/1240/1195 1590/1233/1185 1544/1247/1198 1559/1246/1196
f 1557/1248/1199 1544/1249/1198 1590/1233/1185 1693/1232/1200
f 1591/1241/1047 1698/1237/1047 1550/1075/1047 1539/1074/1047
f 1656/1183/1047 1552/1082/1047 1540/1078/1047 1594/1177/1047
f 1593/1182/1087 1541/1250/1087 1554/1251/1087 1657/1185/1087
f 1594/1177/1047 1540/1078/1047 1551/1081/1047 1653/1178/1047
f 1654/1181/1087 1553/1252/1087 1541/1250/1087 1593/1182/1087
f 1598/1132/1087 1683/1219/1087 1553/1252/1087 1654/1181/1087
f 1695/1234/1062 1560/1245/1062 1684/1221/1062 1597/1130/1062
f 1653/1178/1047 1551/1081/1047 1696/1236/1047 1596/1126/1047
f 1657/1185/1087 1554/1251/1087 1668/1201/1087 1604/1137/1087
f 1669/1203/1201 1557/1248/1199 1693/1232/1200 1605/1139/1097
f 1603/1133/1047 1692/1229/1047 1552/1082/1047 1656/1183/1047
f 1541/1250/1087 1611/1186/1087 1662/1192/1087 1554/1251/1087
f 1553/1252/1087 1659/1187/1087 1611/1186/1087 1541/1250/1087
f 1555/1085/1048 1663/1194/1048 1610/1191/1048 1542/1086/1048
f 1542/1086/1048 1610/1191/1048 1660/1190/1048 1556/1088/1048
f 1556/1088/1048 1660/1190/1048 1615/1146/1048 1681/1218/1048
f 1560/1245/1062 1680/1216/1062 1614/1144/1062 1684/1221/1062
f 1683/1219/1087 1613/1140/1087 1659/1187/1087 1553/1252/1087
f 1665/1195/1048 1621/1151/1048 1663/1194/1048 1555/1085/1048
f 1622/1153/1202 1666/1197/1203 1557/1248/1199 1669/1203/1201
f 1554/1251/1087 1662/1192/1087 1620/1147/1087 1668/1201/1087
f 1666/1197/1203 1628/1200/1204 1544/1249/1198 1557/1248/1199
f 1627/1198/1048 1665/1195/1048 1555/1085/1048 1543/1084/1048
f 1671/1205/1048 1627/1204/1048 1543/1091/1048 1558/1090/1048
f 1559/1246/1196 1544/1247/1198 1628/1209/1204 1672/1208/1163
f 1678/1215/1197 1559/1246/1196 1672/1208/1163 1630/1154/1121
f 1631/1158/1048 1671/1205/1048 1558/1090/1048 1674/1210/1048
f 1677/1213/1052 1632/1160/1052 1675/1212/1052 1549/1244/1052
f 1689/1225/1062 1637/1161/1062 1680/1216/1062 1560/1245/1062
f 1639/1167/1048 1686/1222/1048 1561/1096/1048 1545/1095/1048
f 1638/1165/1058 1690/1227/1058 1548/1243/1058 1687/1224/1058
f 1545/1089/1048 1556/1088/1048 1681/1218/1048 1639/1167/1048
o Cube.007
v 0.097826 0.643801 0.085597
v 0.097826 0.756199 0.097826
v 0.751406 0.643801 0.091712
v 0.097826 0.643801 0.745292
v 0.097826 0.643800 0.055026
v 0.065218 0.643800 0.085292
v 0.032609 0.700000 0.091407
v 0.065218 0.756199 0.097826
v 0.097826 0.756199 0.751406
v 0.097826 0.756199 0.065218
v 0.097826 0.700000 0.028532
v 0.751406 0.756199 0.097826
v 0.533546 0.643800 0.529470
v 0.751406 0.700000 0.751406
v 1.404986 0.700000 0.065218
v 0.751406 0.643800 0.060122
v 0.065218 0.643800 0.745139
v 0.065218 0.643800 0.054772
v 0.032609 0.700000 0.059868
v 0.032609 0.700000 0.748196
v 0.065218 0.756199 0.751406
v 0.065218 0.756199 0.065218
v 0.065218 0.700000 1.404986
v 0.533546 0.756199 0.533546
v 0.065218 0.700000 0.028431
v 0.751406 0.756199 0.065218
v 0.751406 0.700000 0.030571
v 1.394155 0.643801 0.097725
v 1.404986 0.653801 0.087826
v 1.397915 0.653801 0.104897
v 1.401822 0.646741 0.092603
v 1.401457 0.648027 0.097364
v 1.402915 0.653801 0.096969
v 1.397238 0.646700 0.102324
v 0.104898 0.653801 1.397915
v 0.087826 0.653801 1.404986
v 0.097826 0.643801 1.394078
v 0.096969 0.653801 1.402915
v 0.097387 0.648027 1.401439
v 0.092637 0.646742 1.401800
v 0.102376 0.646699 1.397192
v 1.404986 0.746199 0.087826
v 1.394109 0.756199 0.097826
v 1.397915 0.746199 0.104898
v 1.401809 0.753259 0.092643
v 1.401446 0.751973 0.097387
v 1.397206 0.753301 0.102371
v 1.402915 0.746199 0.096969
v 1.394272 0.643800 0.042542
v 1.394987 0.653801 0.032546
v 1.404986 0.653801 0.042609
v 1.394629 0.646729 0.035473
v 1.400609 0.648027 0.036808
v 1.402206 0.653800 0.035520
v 1.401700 0.646729 0.042588
v 0.097826 0.653774 0.025179
v 0.097826 0.643800 0.034456
v 0.097826 0.646722 0.027597
v 0.042609 0.643800 0.085080
v 0.032609 0.653801 0.086129
v 0.035538 0.646729 0.085349
v 0.042609 0.643800 0.034112
v 0.032609 0.653801 0.034840
v 0.042609 0.653772 0.024871
v 0.035538 0.646735 0.034305
v 0.036835 0.648021 0.028629
v 0.035538 0.653786 0.027771
v 0.042609 0.646715 0.027256
v 0.042609 0.643800 1.394205
v 0.042609 0.653801 1.404986
v 0.032609 0.653801 1.394986
v 0.042609 0.646743 1.401838
v 0.036835 0.648027 1.400595
v 0.035538 0.653801 1.402057
v 0.035538 0.646729 1.394596
v 0.032609 0.746199 0.096684
v 0.042609 0.756199 0.097826
v 0.035538 0.753271 0.097492
v 0.032609 0.746199 0.041876
v 0.042609 0.756199 0.042609
v 0.042609 0.746228 0.031850
v 0.035538 0.753265 0.042400
v 0.036835 0.751979 0.036520
v 0.042609 0.753285 0.035310
v 0.035538 0.746214 0.034792
v 0.032609 0.746199 1.394986
v 0.042609 0.746199 1.404986
v 0.042609 0.756199 1.394232
v 0.035538 0.746199 1.402214
v 0.036835 0.751973 1.400600
v 0.042609 0.753271 1.401680
v 0.035538 0.753271 1.394609
v 0.087826 0.746199 1.404986
v 0.104897 0.746199 1.397915
v 0.097826 0.756199 1.394109
v 0.096969 0.746199 1.402915
v 0.097387 0.751973 1.401445
v 0.102371 0.753301 1.397206
v 0.092643 0.753259 1.401809
v 0.097826 0.756199 0.042609
v 0.097826 0.746226 0.031885
v 0.097826 0.753278 0.035326
v 1.394986 0.746199 0.032609
v 1.394232 0.756199 0.042609
v 1.404986 0.746199 0.042609
v 1.394609 0.753271 0.035538
v 1.400600 0.751973 0.036835
v 1.401846 0.753258 0.042609
v 1.402057 0.746199 0.035538
v 0.745935 0.643801 0.745833
v 0.751406 0.653801 0.751406
v 0.749804 0.646729 0.749774
v 1.404986 0.700000 0.087826
v 1.397915 0.700000 0.104897
v 1.402915 0.700000 0.096969
v 1.404986 0.653800 0.065218
v 1.394243 0.643800 0.065134
v 1.401840 0.646729 0.065193
v 0.032609 0.653800 0.055470
v 0.042609 0.643800 0.054596
v 0.035538 0.646729 0.054819
v 0.042609 0.643800 0.745033
v 0.032609 0.653800 0.745558
v 0.035538 0.646729 0.745168
v 0.042609 0.756199 0.065218
v 0.032609 0.746199 0.064266
v 0.035538 0.753271 0.064939
v 0.032609 0.746199 0.750835
v 0.042609 0.756199 0.751406
v 0.035538 0.753271 0.751239
v 0.065218 0.756199 1.394202
v 0.065218 0.746199 1.404986
v 0.065218 0.753271 1.401828
v 0.032609 0.700000 1.394986
v 0.042609 0.700000 1.404986
v 0.035538 0.700000 1.402057
v 0.745905 0.756199 0.745905
v 0.751406 0.746199 0.751406
v 0.749795 0.753271 0.749795
v 0.087826 0.700000 1.404986
v 0.104898 0.700000 1.397915
v 0.096969 0.700000 1.402915
v 0.065218 0.746227 0.031867
v 0.065218 0.756199 0.042609
v 0.065218 0.753279 0.035321
v 0.032609 0.700000 0.038358
v 0.042609 0.700000 0.028360
v 0.035538 0.700000 0.031275
v 0.751406 0.746206 0.032246
v 0.751406 0.756199 0.042609
v 0.751406 0.753272 0.035432
v 1.404986 0.746199 0.065218
v 1.394202 0.756199 0.065218
v 1.401828 0.753271 0.065218
v 1.404986 0.700000 0.042609
v 1.394986 0.700000 0.032578
v 1.402057 0.700000 0.035529
v 0.065218 0.653800 1.404986
v 0.065218 0.643800 1.394174
v 0.065218 0.646729 1.401820
v 0.065218 0.653773 0.024994
v 0.065218 0.643800 0.034253
v 0.065218 0.646721 0.027399
v 0.751406 0.653794 0.028895
v 0.751406 0.643800 0.038532
v 0.751406 0.646728 0.031567
vn -0.0000 -1.0000 -0.0000
vn -0.0000 1.0000 -0.0000
vn 0.3036 -0.9477 0.0985
vn 0.4960 -0.8372 0.2304
vn 0.4116 -0.8892 0.1999
vn 1.0000 -0.0000 -0.0000
vn 0.9239 -0.0000 0.3827
vn 0.8867 -0.2488 0.3896
vn 0.9720 -0.2146 0.0953
vn 0.7071 -0.0000 0.7071
vn 0.7125 -0.2086 0.6700
vn 0.3827 -0.0001 0.9239
vn 0.3901 -0.2501 0.8862
vn 0.5831 -0.1951 0.7886
vn -0.0000 -0.0001 1.0000
vn 0.0953 -0.2166 0.9716
vn 0.2904 -0.9004 0.3241
vn 0.2305 -0.8379 0.4948
vn 0.0984 -0.9484 0.3015
vn 0.9719 0.2152 0.0954
vn 0.8865 0.2489 0.3902
vn 0.3559 0.9065 0.2272
vn 0.4960 0.8370 0.2310
vn 0.3023 0.9481 0.0986
vn 0.7071 0.0001 0.7071
vn 0.7513 0.1803 0.6349
vn 0.1428 -0.9671 -0.2103
vn 0.3147 -0.8962 -0.3127
vn 0.2282 -0.9432 -0.2416
vn 0.0044 0.0184 -0.9998
vn 0.1981 -0.1513 -0.9684
vn 0.3219 -0.3390 -0.8840
vn 0.1495 -0.2151 -0.9651
vn 0.9525 -0.3012 -0.0462
vn 0.8809 -0.3646 -0.3018
vn 0.9697 -0.1619 -0.1827
vn -0.2113 -0.9659 -0.1499
vn -0.3320 -0.8835 -0.3305
vn -0.2544 -0.9371 -0.2388
vn -1.0000 -0.0001 -0.0000
vn -0.9689 -0.1364 -0.2063
vn -0.8951 -0.3031 -0.3271
vn -0.9690 -0.1949 -0.1516
vn 0.0042 0.0747 -0.9972
vn -0.0426 -0.1911 -0.9806
vn -0.3288 -0.2628 -0.9071
vn -0.2078 -0.0759 -0.9752
vn -0.1436 -0.9706 0.1930
vn -0.3149 -0.8974 0.3091
vn -0.2339 -0.9405 0.2464
vn -0.0000 -0.0000 1.0000
vn -0.2014 -0.1576 0.9667
vn -0.3209 -0.3489 0.8805
vn -0.1448 -0.2410 0.9597
vn -1.0000 -0.0000 -0.0000
vn -0.9619 -0.2698 0.0434
vn -0.8854 -0.3374 0.3198
vn -0.9678 -0.1512 0.2012
vn -0.9633 0.2279 -0.1421
vn -0.8812 0.3467 -0.3213
vn -0.9384 0.2563 -0.2320
vn -0.1458 0.9683 -0.2028
vn -0.3196 0.8933 -0.3161
vn -0.2135 0.9664 -0.1434
vn 0.0019 0.0747 -0.9972
vn -0.2568 0.1250 -0.9583
vn -0.3196 0.3831 -0.8667
vn -0.1458 0.2753 -0.9502
vn -1.0000 0.0001 -0.0000
vn -0.9695 0.1518 0.1923
vn -0.8854 0.3404 0.3165
vn -0.9388 0.2480 0.2390
vn -0.1399 0.2601 0.9554
vn -0.3011 0.3674 0.8800
vn -0.1816 0.1630 0.9698
vn -0.2540 0.9658 0.0512
vn -0.3123 0.8972 0.3123
vn -0.1424 0.9689 0.2024
vn 0.3827 -0.0000 0.9239
vn 0.3902 0.2489 0.8865
vn 0.1909 0.2291 0.9545
vn 0.6349 0.1803 0.7513
vn -0.0050 0.9418 0.3362
vn 0.2310 0.8370 0.4960
vn 0.2272 0.9065 0.3559
vn 0.0019 0.0185 -0.9998
vn 0.1417 0.2311 -0.9626
vn 0.3200 0.3370 -0.8854
vn 0.2260 0.2578 -0.9394
vn 0.1936 0.9705 -0.1437
vn 0.3096 0.8971 -0.3152
vn 0.1445 0.9672 -0.2088
vn 1.0000 0.0001 -0.0000
vn 0.9661 0.0546 -0.2521
vn 0.8808 0.3481 -0.3210
vn 0.9599 0.2400 -0.1449
vn 0.3323 -0.8827 0.3323
vn 0.6728 -0.3078 0.6728
vn 1.0000 -0.0000 0.0001
vn 0.9122 -0.4098 -0.0004
vn 0.3601 -0.9329 -0.0008
vn -0.9238 -0.3828 -0.0000
vn -0.9239 -0.3827 -0.0000
vn -0.3827 -0.9239 -0.0000
vn -0.3828 -0.9238 -0.0001
vn -0.3829 0.9238 -0.0001
vn -0.3827 0.9239 -0.0000
vn -0.9239 0.3827 -0.0000
vn -0.0009 0.9334 0.3588
vn -0.0004 0.4112 0.9115
vn -1.0000 -0.0000 0.0001
vn -0.9251 -0.0000 0.3797
vn -0.3771 -0.0011 0.9262
vn -0.0001 -0.0000 1.0000
vn 0.3332 0.8820 0.3332
vn 0.6730 0.3067 0.6730
vn 0.0001 -0.0000 1.0000
vn 0.0018 0.0639 -0.9980
vn 0.0019 0.0740 -0.9973
vn 0.0004 0.4393 -0.8983
vn 0.0033 0.4293 -0.9032
vn -0.0029 0.9287 -0.3708
vn 0.0002 0.9284 -0.3715
vn -0.9240 0.0290 -0.3814
vn -0.3798 0.0698 -0.9224
vn 0.0031 0.0747 -0.9972
vn 0.0018 0.0365 -0.9993
vn 0.0003 0.4036 -0.9149
vn -0.0000 0.9290 -0.3701
vn 0.9133 0.4074 0.0002
vn 0.3579 0.9337 0.0006
vn 0.9265 0.0010 -0.3764
vn 0.3817 0.0004 -0.9243
vn 0.0032 0.0185 -0.9998
vn 0.0002 -0.4082 0.9129
vn 0.0006 -0.9341 0.3570
vn -0.0000 -1.0000 0.0001
vn 0.0044 0.0739 -0.9973
vn 0.0056 -0.3220 -0.9467
vn 0.0025 -0.9203 -0.3913
vn 0.0044 0.0638 -0.9980
vn 0.0056 -0.3274 -0.9449
vn 0.0024 -0.9221 -0.3869
vn 0.0044 0.0364 -0.9993
vn 0.0055 -0.3463 -0.9381
vn 0.0023 -0.9250 -0.3799
vn 0.0031 0.0364 -0.9993
vn 0.0031 0.0185 -0.9998
vn 0.0044 0.0185 -0.9998
vn 0.0031 0.0638 -0.9980
vn 0.0043 0.0740 -0.9973
vn 0.0031 0.0740 -0.9973
vn 0.0043 0.0747 -0.9972
vn 0.0020 0.0747 -0.9972
vn 0.0018 0.0638 -0.9980
vn 0.0018 0.0364 -0.9993
vn 0.0018 0.0185 -0.9998
vt 0.336235 0.637339
vt 0.355617 0.635521
vt 0.349156 0.699525
vt 0.336235 0.732435
vt 0.355617 0.635521
vt 0.336235 0.637339
vt 0.336235 0.632932
vt 0.355617 0.631867
vt 0.342695 0.737373
vt 0.342695 0.637853
vt 0.336235 0.732435
vt 0.342695 0.637853
vt 0.342695 0.633252
vt 0.663766 0.733317
vt 0.663766 0.639102
vt 0.657305 0.639754
vt 0.657305 0.738323
vt 0.663766 0.634401
vt 0.657305 0.634836
vt 0.663766 0.639102
vt 0.663766 0.733316
vt 0.650844 0.700112
vt 0.644383 0.636403
vt 0.644383 0.636403
vt 0.644383 0.632602
vt 0.374679 0.633734
vt 0.375000 0.633239
vt 0.378118 0.633766
vt 0.374818 0.634528
vt 0.397242 0.632814
vt 0.397242 0.633704
vt 0.397103 0.634752
vt 0.365514 0.826483
vt 0.365375 0.827531
vt 0.340384 0.827496
vt 0.336418 0.826616
vt 0.366947 0.830402
vt 0.336967 0.828654
vt 0.336235 0.825959
vt 0.602758 0.632814
vt 0.625000 0.633171
vt 0.621882 0.633767
vt 0.602758 0.633704
vt 0.625323 0.633748
vt 0.625183 0.634617
vt 0.602897 0.634752
vt 0.374682 0.628801
vt 0.374693 0.627906
vt 0.378091 0.628026
vt 0.375000 0.628789
vt 0.397044 0.627907
vt 0.397242 0.627901
vt 0.397242 0.628791
vt 0.347175 0.630290
vt 0.349156 0.630391
vt 0.352940 0.629030
vt 0.347171 0.628738
vt 0.375997 0.630476
vt 0.376560 0.628900
vt 0.374347 0.628856
vt 0.347175 0.841714
vt 0.347175 0.843384
vt 0.352659 0.845620
vt 0.349156 0.844619
vt 0.374425 0.843384
vt 0.375997 0.846255
vt 0.375997 0.844680
vt 0.624003 0.631594
vt 0.650844 0.631677
vt 0.647634 0.630315
vt 0.624640 0.630017
vt 0.652825 0.631621
vt 0.652825 0.630069
vt 0.625653 0.629951
vt 0.624003 0.844680
vt 0.624003 0.846255
vt 0.647341 0.845621
vt 0.650844 0.844621
vt 0.625575 0.843384
vt 0.652825 0.843384
vt 0.652825 0.841718
vt 0.633053 0.830402
vt 0.634626 0.827531
vt 0.659616 0.827497
vt 0.662739 0.829019
vt 0.634486 0.826483
vt 0.663934 0.826191
vt 0.663766 0.825963
vt 0.602957 0.627913
vt 0.625308 0.627916
vt 0.621910 0.628029
vt 0.602758 0.627901
vt 0.625319 0.628811
vt 0.625000 0.628791
vt 0.602758 0.628791
vt 0.355455 0.729836
vt 0.355617 0.730616
vt 0.381308 0.730617
vt 0.500000 0.632814
vt 0.500000 0.633704
vt 0.500000 0.634752
vt 0.397242 0.630802
vt 0.375000 0.630801
vt 0.374681 0.630820
vt 0.375997 0.638549
vt 0.375997 0.633723
vt 0.349156 0.633596
vt 0.349156 0.638396
vt 0.347175 0.633474
vt 0.347175 0.638210
vt 0.347175 0.740797
vt 0.349156 0.742325
vt 0.375997 0.742402
vt 0.652825 0.640206
vt 0.652825 0.635137
vt 0.650844 0.635248
vt 0.650844 0.640379
vt 0.624003 0.635119
vt 0.624003 0.640224
vt 0.624003 0.743240
vt 0.650844 0.743317
vt 0.652825 0.741795
vt 0.657305 0.835267
vt 0.657305 0.836893
vt 0.629314 0.836893
vt 0.500000 0.844680
vt 0.500000 0.846255
vt 0.500000 0.843384
vt 0.644546 0.729847
vt 0.644383 0.730617
vt 0.618692 0.730617
vt 0.500000 0.830402
vt 0.500000 0.827531
vt 0.500000 0.826483
vt 0.634702 0.629596
vt 0.629391 0.629806
vt 0.657305 0.629918
vt 0.663766 0.629701
vt 0.657305 0.631426
vt 0.663766 0.631142
vt 0.500000 0.631035
vt 0.500299 0.629457
vt 0.500000 0.629403
vt 0.618709 0.628749
vt 0.644383 0.628801
vt 0.644383 0.629967
vt 0.602758 0.630802
vt 0.625000 0.630802
vt 0.625320 0.630832
vt 0.500000 0.628791
vt 0.500000 0.627901
vt 0.500000 0.627910
vt 0.370686 0.836893
vt 0.342695 0.836893
vt 0.342695 0.835262
vt 0.370609 0.628763
vt 0.342694 0.628651
vt 0.342695 0.630159
vt 0.365298 0.628630
vt 0.336235 0.628525
vt 0.336235 0.629967
vt 0.381292 0.628266
vt 0.355618 0.628213
vt 0.355617 0.629370
vt 0.500000 0.730617
vt 0.500000 0.630802
vt 0.500000 0.836893
vt 0.500000 0.628507
vt 0.500000 0.629113
vt 0.500000 0.629284
vt 0.500000 0.742821
vt 0.500000 0.639386
vt 0.500000 0.634421
s 1
f 1701/1253/1205 1703/1254/1205 1713/1255/1205 1704/1256/1205
f 1703/1257/1205 1701/1258/1205 1705/1259/1205 1716/1260/1205
f 1717/1261/1205 1706/1262/1205 1701/1258/1205 1704/1263/1205
f 1701/1258/1205 1706/1264/1205 1718/1265/1205 1705/1259/1205
f 1709/1266/1206 1702/1267/1206 1708/1268/1206 1721/1269/1206
f 1708/1268/1206 1702/1267/1206 1710/1270/1206 1722/1271/1206
f 1702/1272/1206 1709/1273/1206 1724/1274/1206 1712/1275/1206
f 1712/1276/1206 1726/1277/1206 1710/1270/1206 1702/1267/1206
f 1728/1278/1205 1731/1279/1207 1732/1280/1208 1734/1281/1209
f 1729/1282/1210 1733/1283/1211 1732/1280/1212 1731/1279/1213
f 1730/1284/1214 1734/1281/1215 1732/1280/1212 1733/1283/1211
f 1735/1285/1214 1738/1286/1216 1739/1287/1217 1741/1288/1218
f 1736/1289/1219 1740/1290/1220 1739/1287/1217 1738/1286/1216
f 1737/1291/1205 1741/1288/1221 1739/1287/1222 1740/1290/1223
f 1742/1292/1210 1745/1293/1224 1746/1294/1225 1748/1295/1211
f 1743/1296/1206 1747/1297/1226 1746/1294/1227 1745/1293/1228
f 1744/1298/1229 1748/1295/1211 1746/1294/1225 1747/1297/1230
f 1749/1299/1205 1752/1300/1231 1753/1301/1232 1755/1302/1233
f 1750/1303/1234 1754/1304/1235 1753/1301/1236 1752/1300/1237
f 1751/1305/1210 1755/1302/1238 1753/1301/1239 1754/1304/1240
f 1762/1306/1205 1765/1307/1241 1766/1308/1242 1768/1309/1243
f 1763/1310/1244 1767/1311/1245 1766/1308/1246 1765/1307/1247
f 1764/1312/1248 1768/1309/1249 1766/1308/1250 1767/1311/1251
f 1769/1313/1205 1772/1314/1252 1773/1315/1253 1775/1316/1254
f 1770/1317/1255 1774/1318/1256 1773/1315/1257 1772/1314/1258
f 1771/1319/1259 1775/1316/1260 1773/1315/1261 1774/1318/1262
f 1779/1320/1259 1782/1321/1263 1783/1322/1264 1785/1323/1265
f 1780/1324/1206 1784/1325/1266 1783/1322/1267 1782/1321/1268
f 1781/1326/1269 1785/1323/1270 1783/1322/1271 1784/1325/1272
f 1786/1327/1273 1789/1328/1274 1790/1329/1275 1792/1330/1276
f 1787/1331/1255 1791/1332/1277 1790/1329/1278 1789/1328/1279
f 1788/1333/1206 1792/1330/1280 1790/1329/1281 1791/1332/1282
f 1793/1334/1255 1796/1335/1283 1797/1336/1284 1799/1337/1285
f 1794/1338/1214 1798/1339/1286 1797/1336/1284 1796/1335/1283
f 1795/1340/1206 1799/1337/1287 1797/1336/1288 1798/1339/1289
f 1803/1341/1290 1806/1342/1291 1807/1343/1292 1809/1344/1293
f 1804/1345/1206 1808/1346/1294 1807/1343/1295 1806/1342/1296
f 1805/1347/1297 1809/1344/1298 1807/1343/1299 1808/1346/1300
f 1737/1291/1205 1810/1348/1205 1812/1349/1301 1741/1288/1221
f 1741/1288/1218 1812/1349/1302 1811/1350/1214 1735/1285/1214
f 1810/1348/1205 1728/1278/1205 1734/1281/1209 1812/1349/1301
f 1812/1349/1302 1734/1281/1215 1730/1284/1214 1811/1350/1214
f 1729/1282/1210 1813/1351/1303 1815/1352/1211 1733/1283/1211
f 1733/1283/1211 1815/1352/1211 1814/1353/1214 1730/1284/1214
f 1813/1351/1303 1742/1292/1210 1748/1295/1211 1815/1352/1211
f 1815/1352/1211 1748/1295/1211 1744/1298/1229 1814/1353/1214
f 1751/1305/1210 1816/1354/1210 1818/1355/1304 1755/1302/1238
f 1755/1302/1233 1818/1355/1305 1817/1356/1205 1749/1299/1205
f 1816/1354/1210 1729/1282/1210 1731/1279/1213 1818/1355/1304
f 1818/1355/1305 1731/1279/1207 1728/1278/1205 1817/1356/1205
f 1760/1357/1259 1819/1358/1259 1821/1359/1306 1761/1360/1307
f 1761/1360/1308 1821/1359/1309 1820/1361/1205 1759/1362/1205
f 1819/1358/1259 1763/1310/1244 1765/1307/1247 1821/1359/1306
f 1821/1359/1309 1765/1307/1241 1762/1306/1205 1820/1361/1205
f 1759/1362/1205 1822/1363/1205 1824/1364/1308 1761/1360/1308
f 1761/1360/1307 1824/1364/1307 1823/1365/1259 1760/1357/1259
f 1822/1363/1205 1769/1313/1205 1775/1316/1254 1824/1364/1308
f 1824/1364/1307 1775/1316/1260 1771/1319/1259 1823/1365/1259
f 1777/1366/1206 1825/1367/1206 1827/1368/1310 1778/1369/1311
f 1778/1369/1312 1827/1368/1312 1826/1370/1259 1776/1371/1259
f 1825/1367/1206 1780/1324/1206 1782/1321/1268 1827/1368/1310
f 1827/1368/1312 1782/1321/1263 1779/1320/1259 1826/1370/1259
f 1776/1371/1259 1828/1372/1259 1830/1373/1312 1778/1369/1312
f 1778/1369/1311 1830/1373/1311 1829/1374/1206 1777/1366/1206
f 1828/1372/1259 1786/1327/1273 1792/1330/1276 1830/1373/1312
f 1830/1373/1311 1792/1330/1280 1788/1333/1206 1829/1374/1206
f 1795/1340/1206 1831/1375/1206 1833/1376/1313 1799/1337/1287
f 1799/1337/1285 1833/1376/1314 1832/1377/1255 1793/1334/1255
f 1831/1375/1206 1788/1333/1206 1791/1332/1282 1833/1376/1313
f 1833/1376/1314 1791/1332/1277 1787/1331/1255 1832/1377/1255
f 1786/1327/1273 1834/1378/1315 1836/1379/1316 1789/1328/1274
f 1789/1328/1279 1836/1379/1317 1835/1380/1318 1787/1331/1255
f 1834/1378/1315 1771/1319/1259 1774/1318/1262 1836/1379/1316
f 1836/1379/1317 1774/1318/1256 1770/1317/1255 1835/1380/1318
f 1743/1296/1206 1837/1381/1206 1839/1382/1319 1747/1297/1226
f 1747/1297/1230 1839/1382/1320 1838/1383/1214 1744/1298/1229
f 1837/1381/1206 1795/1340/1206 1798/1339/1289 1839/1382/1319
f 1839/1382/1320 1798/1339/1286 1794/1338/1214 1838/1383/1214
f 1793/1334/1255 1840/1384/1321 1842/1385/1283 1796/1335/1283
f 1796/1335/1283 1842/1385/1283 1841/1386/1214 1794/1338/1214
f 1840/1384/1321 1736/1289/1219 1738/1286/1216 1842/1385/1283
f 1842/1385/1283 1738/1286/1216 1735/1285/1214 1841/1386/1214
f 1801/1387/1322 1843/1388/1323 1845/1389/1324 1802/1390/1325
f 1802/1390/1326 1845/1389/1327 1844/1391/1206 1800/1392/1206
f 1843/1388/1323 1781/1326/1269 1784/1325/1272 1845/1389/1324
f 1845/1389/1327 1784/1325/1266 1780/1324/1206 1844/1391/1206
f 1763/1310/1244 1846/1393/1259 1848/1394/1328 1767/1311/1245
f 1767/1311/1251 1848/1394/1329 1847/1395/1330 1764/1312/1248
f 1846/1393/1259 1779/1320/1259 1785/1323/1265 1848/1394/1328
f 1848/1394/1329 1785/1323/1270 1781/1326/1269 1847/1395/1330
f 1803/1341/1290 1849/1396/1331 1851/1397/1332 1806/1342/1291
f 1806/1342/1296 1851/1397/1333 1850/1398/1206 1804/1345/1206
f 1849/1396/1331 1801/1387/1322 1802/1390/1325 1851/1397/1332
f 1851/1397/1333 1802/1390/1326 1800/1392/1206 1850/1398/1206
f 1742/1292/1210 1852/1399/1210 1854/1400/1334 1745/1293/1224
f 1745/1293/1228 1854/1400/1335 1853/1401/1206 1743/1296/1206
f 1852/1399/1210 1805/1347/1297 1808/1346/1300 1854/1400/1334
f 1854/1400/1335 1808/1346/1294 1804/1345/1206 1853/1401/1206
f 1805/1347/1297 1855/1402/1210 1857/1403/1336 1809/1344/1298
f 1809/1344/1293 1857/1403/1337 1856/1404/1338 1803/1341/1290
f 1855/1402/1210 1751/1305/1210 1754/1304/1240 1857/1403/1336
f 1857/1403/1337 1754/1304/1235 1750/1303/1234 1856/1404/1338
f 1736/1289/1219 1858/1405/1255 1860/1406/1339 1740/1290/1220
f 1740/1290/1223 1860/1406/1340 1859/1407/1341 1737/1291/1205
f 1858/1405/1255 1770/1317/1255 1772/1314/1258 1860/1406/1339
f 1860/1406/1340 1772/1314/1252 1769/1313/1205 1859/1407/1341
f 1764/1312/1248 1861/1408/1342 1863/1409/1343 1768/1309/1249
f 1768/1309/1243 1863/1409/1344 1862/1410/1205 1762/1306/1205
f 1861/1408/1342 1756/1411/1345 1758/1412/1346 1863/1409/1343
f 1863/1409/1344 1758/1412/1347 1757/1413/1205 1862/1410/1205
f 1756/1411/1345 1864/1414/1348 1866/1415/1349 1758/1412/1346
f 1758/1412/1347 1866/1415/1350 1865/1416/1205 1757/1413/1205
f 1864/1414/1348 1750/1303/1234 1752/1300/1237 1866/1415/1349
f 1866/1415/1350 1752/1300/1231 1749/1299/1205 1865/1416/1205
f 1714/1417/1214 1811/1350/1214 1730/1284/1214 1814/1353/1214
f 1816/1354/1210 1715/1418/1210 1813/1351/1210 1729/1282/1210
f 1728/1278/1205 1703/1257/1205 1716/1260/1205 1817/1356/1205
f 1728/1278/1205 1810/1348/1205 1713/1255/1205 1703/1254/1205
f 1841/1386/1214 1735/1285/1214 1811/1350/1214 1714/1417/1214
f 1737/1291/1205 1704/1256/1205 1713/1255/1205 1810/1348/1205
f 1736/1289/1255 1840/1384/1255 1723/1419/1255 1858/1405/1255
f 1859/1407/1205 1717/1261/1205 1704/1263/1205 1737/1291/1205
f 1715/1418/1210 1852/1399/1210 1742/1292/1210 1813/1351/1210
f 1838/1383/1214 1714/1417/1214 1814/1353/1214 1744/1298/1214
f 1743/1296/1206 1853/1401/1206 1726/1277/1206 1712/1276/1206
f 1743/1296/1206 1712/1275/1206 1724/1274/1206 1837/1381/1206
f 1817/1356/1205 1716/1260/1205 1865/1416/1205 1749/1299/1205
f 1751/1305/1210 1855/1402/1210 1715/1418/1210 1816/1354/1210
f 1864/1414/1348 1727/1420/1351 1856/1404/1352 1750/1303/1353
f 1705/1259/1205 1718/1265/1205 1862/1410/1205 1757/1413/1205
f 1756/1411/1345 1711/1421/1354 1727/1420/1351 1864/1414/1348
f 1861/1408/1355 1725/1422/1356 1711/1421/1354 1756/1411/1345
f 1716/1260/1205 1705/1259/1205 1757/1413/1205 1865/1416/1205
f 1706/1264/1205 1759/1362/1205 1820/1361/1205 1718/1265/1205
f 1823/1365/1259 1720/1423/1259 1707/1424/1259 1760/1357/1259
f 1719/1425/1259 1819/1358/1259 1760/1357/1259 1707/1424/1259
f 1822/1363/1205 1759/1362/1205 1706/1262/1205 1717/1261/1205
f 1846/1393/1259 1763/1310/1259 1819/1358/1259 1719/1425/1259
f 1764/1312/1357 1847/1395/1330 1725/1422/1356 1861/1408/1355
f 1718/1265/1205 1820/1361/1205 1762/1306/1205 1862/1410/1205
f 1771/1319/1259 1834/1378/1259 1720/1423/1259 1823/1365/1259
f 1858/1405/1255 1723/1419/1255 1835/1380/1255 1770/1317/1255
f 1769/1313/1205 1822/1363/1205 1717/1261/1205 1859/1407/1205
f 1720/1423/1259 1828/1372/1259 1776/1371/1259 1707/1424/1259
f 1777/1366/1206 1708/1268/1206 1722/1271/1206 1825/1367/1206
f 1826/1370/1259 1719/1425/1259 1707/1424/1259 1776/1371/1259
f 1721/1269/1206 1708/1268/1206 1777/1366/1206 1829/1374/1206
f 1825/1367/1206 1722/1271/1206 1844/1391/1206 1780/1324/1206
f 1847/1395/1330 1781/1326/1358 1843/1388/1323 1725/1422/1356
f 1779/1320/1259 1846/1393/1259 1719/1425/1259 1826/1370/1259
f 1831/1375/1206 1721/1269/1206 1829/1374/1206 1788/1333/1206
f 1723/1419/1255 1832/1377/1255 1787/1331/1255 1835/1380/1255
f 1834/1378/1259 1786/1327/1259 1828/1372/1259 1720/1423/1259
f 1840/1384/1255 1793/1334/1255 1832/1377/1255 1723/1419/1255
f 1795/1340/1206 1837/1381/1206 1724/1274/1206 1709/1273/1206
f 1794/1338/1214 1841/1386/1214 1714/1417/1214 1838/1383/1214
f 1795/1340/1206 1709/1266/1206 1721/1269/1206 1831/1375/1206
f 1725/1422/1356 1843/1388/1323 1801/1387/1359 1711/1421/1354
f 1722/1271/1206 1710/1270/1206 1800/1392/1206 1844/1391/1206
f 1726/1277/1206 1850/1398/1206 1800/1392/1206 1710/1270/1206
f 1711/1421/1354 1801/1387/1359 1849/1396/1360 1727/1420/1351
f 1727/1420/1351 1849/1396/1360 1803/1341/1361 1856/1404/1352
f 1853/1401/1206 1804/1345/1206 1850/1398/1206 1726/1277/1206
f 1855/1402/1210 1805/1347/1210 1852/1399/1210 1715/1418/1210
o Cube.008
v 0.097826 0.643801 -0.097826
v 0.097826 0.756199 -0.097826
v 0.097826 0.643801 -0.751406
v 0.097826 0.643800 -0.067256
v 0.065218 0.643800 -0.097826
v 0.751406 0.643801 -0.097826
v 0.032609 0.700000 -0.097826
v 0.065218 0.756199 -0.097826
v 0.097826 0.756199 -0.065218
v 0.097826 0.700000 -0.034647
v 0.751406 0.756199 -0.097826
v 0.097826 0.756199 -0.751406
v 0.533546 0.643800 -0.533546
v 0.751406 0.700000 -0.751406
v 0.065218 0.700000 -1.404986
v 0.065218 0.643800 -0.751406
v 0.065218 0.643800 -0.067307
v 0.751406 0.643800 -0.066237
v 0.032609 0.700000 -0.751406
v 0.032609 0.700000 -0.066287
v 0.065218 0.756199 -0.751406
v 0.065218 0.756199 -0.065218
v 0.065218 0.700000 -0.034698
v 0.751406 0.756199 -0.065218
v 0.751406 0.700000 -0.033628
v 1.404986 0.700000 -0.065218
v 0.533546 0.756199 -0.533546
v 0.097826 0.643801 -1.394109
v 0.087826 0.653801 -1.404986
v 0.104897 0.653801 -1.397915
v 0.092643 0.646741 -1.401809
v 0.097387 0.648027 -1.401445
v 0.096969 0.653801 -1.402915
v 0.102371 0.646699 -1.397206
v 1.397915 0.653801 -0.104898
v 1.404986 0.653801 -0.087826
v 1.394109 0.643801 -0.097826
v 1.402915 0.653801 -0.096969
v 1.401445 0.648027 -0.097387
v 1.401809 0.646741 -0.092643
v 1.397206 0.646699 -0.102371
v 0.087826 0.746199 -1.404986
v 0.097826 0.756199 -1.394109
v 0.104898 0.746199 -1.397915
v 0.092643 0.753259 -1.401809
v 0.097387 0.751973 -1.401446
v 0.102371 0.753301 -1.397206
v 0.096969 0.746199 -1.402915
v 0.042609 0.653801 -1.404986
v 0.042609 0.643800 -1.394232
v 0.032609 0.653801 -1.394986
v 0.042609 0.646729 -1.401680
v 0.036835 0.648027 -1.400600
v 0.035538 0.646729 -1.394609
v 0.035538 0.653800 -1.402214
v 0.097826 0.653794 -0.036323
v 0.097826 0.643800 -0.046685
v 0.097826 0.646728 -0.039508
v 0.042609 0.643800 -0.097826
v 0.032609 0.653801 -0.097826
v 0.035538 0.646729 -0.097826
v 0.042609 0.643800 -0.046857
v 0.042609 0.653793 -0.036477
v 0.032609 0.653801 -0.046515
v 0.042609 0.646726 -0.039673
v 0.036835 0.648026 -0.040943
v 0.035538 0.653797 -0.039431
v 0.035538 0.646731 -0.046772
v 0.032609 0.746199 -0.097826
v 0.042609 0.756199 -0.097826
v 0.035538 0.753271 -0.097826
v 0.032609 0.746199 -1.394986
v 0.042609 0.756199 -1.394232
v 0.042609 0.746199 -1.404986
v 0.035538 0.753271 -1.394609
v 0.036835 0.751973 -1.400600
v 0.042609 0.753258 -1.401846
v 0.035538 0.746199 -1.402057
v 0.032609 0.746199 -0.042997
v 0.042609 0.746207 -0.032989
v 0.042609 0.756199 -0.042609
v 0.035538 0.746203 -0.035922
v 0.036835 0.751974 -0.036998
v 0.042609 0.753274 -0.035648
v 0.035538 0.753269 -0.042724
v 0.097826 0.746206 -0.032971
v 0.097826 0.756199 -0.042609
v 0.097826 0.753272 -0.035644
v 1.394986 0.746199 -0.032609
v 1.404986 0.746199 -0.042609
v 1.394232 0.756199 -0.042609
v 1.402214 0.746199 -0.035538
v 1.400600 0.751973 -0.036835
v 1.401680 0.753271 -0.042609
v 1.394609 0.753271 -0.035538
v 1.404986 0.746199 -0.087826
v 1.397915 0.746199 -0.104897
v 1.394109 0.756199 -0.097826
v 1.402915 0.746199 -0.096969
v 1.401445 0.751973 -0.097387
v 1.397206 0.753301 -0.102371
v 1.401809 0.753259 -0.092643
v 1.394986 0.653801 -0.032640
v 1.394232 0.643800 -0.042642
v 1.404986 0.653801 -0.042609
v 1.394603 0.646729 -0.035570
v 1.400599 0.648027 -0.036850
v 1.401846 0.646742 -0.042625
v 1.402057 0.653801 -0.035547
v 0.745905 0.643801 -0.745905
v 0.751406 0.653801 -0.751406
v 0.749795 0.646729 -0.749795
v 0.087826 0.700000 -1.404986
v 0.104897 0.700000 -1.397915
v 0.096969 0.700000 -1.402915
v 0.065218 0.653800 -1.404986
v 0.065218 0.643800 -1.394202
v 0.065218 0.646729 -1.401828
v 0.032609 0.653800 -0.751406
v 0.042609 0.643800 -0.751406
v 0.035538 0.646729 -0.751406
v 0.032609 0.653800 -0.067167
v 0.042609 0.643800 -0.067342
v 0.035538 0.646729 -0.067297
v 0.042609 0.756199 -0.751406
v 0.032609 0.746199 -0.751406
v 0.035538 0.753271 -0.751406
v 0.042609 0.756199 -0.065218
v 0.032609 0.746199 -0.065408
v 0.035538 0.753271 -0.065273
v 0.065218 0.756199 -0.042609
v 0.065218 0.746206 -0.032980
v 0.065218 0.753273 -0.035646
v 0.042609 0.700000 -0.034733
v 0.032609 0.700000 -0.044756
v 0.035538 0.700000 -0.037675
v 0.751406 0.756199 -0.042609
v 0.751406 0.746201 -0.032790
v 0.751406 0.753271 -0.035591
v 1.404986 0.746199 -0.065218
v 1.394202 0.756199 -0.065218
v 1.401828 0.753271 -0.065218
v 1.394986 0.700000 -0.032624
v 1.404986 0.700000 -0.042609
v 1.402057 0.700000 -0.035542
v 1.404986 0.653800 -0.065218
v 1.394202 0.643800 -0.065234
v 1.401828 0.646729 -0.065223
v 0.751406 0.643800 -0.044647
v 0.751406 0.653799 -0.034466
v 0.751406 0.646729 -0.037523
v 0.745905 0.756199 -0.745905
v 0.751406 0.746199 -0.751406
v 0.749795 0.753271 -0.749795
v 1.404986 0.700000 -0.087826
v 1.397915 0.700000 -0.104898
v 1.402915 0.700000 -0.096969
v 0.065218 0.746199 -1.404986
v 0.065218 0.756199 -1.394202
v 0.065218 0.753271 -1.401828
v 0.042609 0.700000 -1.404986
v 0.032609 0.700000 -1.394986
v 0.035538 0.700000 -1.402057
v 0.065218 0.643800 -0.046787
v 0.065218 0.653794 -0.036415
v 0.065218 0.646727 -0.039607
vn -0.0000 -1.0000 -0.0000
vn -0.0000 1.0000 -0.0000
vn 0.0986 -0.9481 -0.3023
vn 0.2310 -0.8370 -0.4960
vn 0.2008 -0.8885 -0.4127
vn -0.0000 -0.0000 -1.0000
vn 0.3827 -0.0000 -0.9239
vn 0.3901 -0.2489 -0.8865
vn 0.0954 -0.2153 -0.9719
vn 0.7071 -0.0000 -0.7071
vn 0.6703 -0.2083 -0.7122
vn 0.9239 -0.0000 -0.3827
vn 0.8865 -0.2489 -0.3902
vn 0.7890 -0.1940 -0.5830
vn 1.0000 -0.0000 -0.0000
vn 0.9719 -0.2153 -0.0954
vn 0.3249 -0.8998 -0.2913
vn 0.4960 -0.8370 -0.2310
vn 0.3023 -0.9481 -0.0986
vn 0.0954 0.2153 -0.9719
vn 0.3902 0.2489 -0.8865
vn 0.2272 0.9065 -0.3559
vn 0.2310 0.8370 -0.4960
vn 0.0986 0.9481 -0.3023
vn 0.7071 0.0001 -0.7071
vn 0.6349 0.1803 -0.7513
vn -0.1399 -0.2601 -0.9554
vn -0.3011 -0.3674 -0.8800
vn -0.2063 -0.2791 -0.9378
vn -0.2087 -0.9674 -0.1435
vn -0.3123 -0.8972 -0.3123
vn -0.1424 -0.9689 -0.2024
vn -1.0000 -0.0001 -0.0000
vn -0.9689 -0.0438 -0.2436
vn -0.8854 -0.3404 -0.3165
vn -0.9642 -0.2241 -0.1420
vn -0.0001 -1.0000 -0.0000
vn -0.1468 -0.9670 0.2080
vn -0.3228 -0.8904 0.3209
vn -0.2361 -0.9395 0.2480
vn -0.0022 -0.0375 0.9993
vn -0.2145 -0.1819 0.9596
vn -0.3243 -0.3544 0.8770
vn -0.1492 -0.2442 0.9582
vn -1.0000 -0.0000 0.0001
vn -0.9628 -0.2662 0.0462
vn -0.8848 -0.3357 0.3232
vn -0.9649 -0.1528 0.2138
vn -1.0000 -0.0000 -0.0000
vn -0.9643 0.2226 -0.1432
vn -0.8855 0.3370 -0.3200
vn -0.9396 0.2578 -0.2254
vn -0.1437 0.9705 -0.1936
vn -0.3152 0.8971 -0.3096
vn -0.2099 0.9673 -0.1426
vn -0.2523 0.0544 -0.9661
vn -0.3210 0.3481 -0.8808
vn -0.1449 0.2400 -0.9599
vn -1.0000 0.0001 -0.0000
vn -0.9677 0.1416 0.2088
vn -0.8917 0.3139 0.3261
vn -0.9393 0.2278 0.2567
vn -0.0010 -0.0374 0.9993
vn -0.1482 0.1775 0.9729
vn -0.3290 0.2942 0.8973
vn -0.2121 0.1117 0.9708
vn -0.2608 0.9643 0.0459
vn -0.3290 0.8855 0.3282
vn -0.1481 0.9655 0.2141
vn -0.0009 -0.0092 1.0000
vn 0.1919 0.1517 0.9696
vn 0.3165 0.3404 0.8854
vn 0.2396 0.2444 0.9396
vn 0.9554 0.2601 0.1399
vn 0.8800 0.3675 0.3011
vn 0.9698 0.1629 0.1816
vn 0.0503 0.9656 0.2551
vn 0.3123 0.8972 0.3123
vn 0.2024 0.9689 0.1424
vn 0.8865 0.2489 -0.3901
vn 0.9545 0.2291 -0.1909
vn 0.7513 0.1803 -0.6349
vn 0.3362 0.9418 0.0050
vn 0.4960 0.8370 -0.2310
vn 0.3559 0.9065 -0.2272
vn -0.0022 -0.0092 1.0000
vn 0.1395 -0.2270 0.9639
vn 0.3174 -0.3376 0.8862
vn 0.2228 -0.2581 0.9401
vn 0.1930 -0.9706 0.1439
vn 0.3088 -0.8973 0.3153
vn 0.1430 -0.9673 0.2093
vn 1.0000 -0.0001 -0.0000
vn 0.9661 -0.0546 0.2524
vn 0.8805 -0.3486 0.3213
vn 0.9598 -0.2402 0.1449
vn 0.3333 -0.8820 -0.3333
vn 0.6730 -0.3067 -0.6730
vn 0.0001 -0.0000 -1.0000
vn -0.0005 -0.4113 -0.9115
vn -0.0008 -0.9334 -0.3590
vn -0.9239 -0.3827 -0.0000
vn -0.3827 -0.9239 -0.0000
vn -0.3827 0.9239 -0.0000
vn -0.9239 0.3827 -0.0000
vn -0.0000 1.0000 0.0001
vn -0.0000 0.9219 0.3875
vn 0.0014 0.9227 0.3855
vn -0.0016 0.3559 0.9345
vn -0.0002 0.3530 0.9356
vn -0.0009 -0.0370 0.9993
vn -0.0009 -0.0319 0.9995
vn -0.0016 -0.0374 0.9993
vn -0.3840 -0.0349 0.9227
vn -0.9240 -0.0145 0.3822
vn -0.0000 0.9244 0.3814
vn -0.0002 0.3646 0.9312
vn -0.0009 -0.0182 0.9998
vn 0.9115 0.4113 0.0004
vn 0.3589 0.9334 0.0009
vn -0.0015 -0.0092 1.0000
vn 0.3781 -0.0002 0.9258
vn 0.9262 -0.0011 0.3769
vn 0.9132 -0.4074 -0.0002
vn 0.3580 -0.9337 -0.0006
vn -0.0012 -0.9264 0.3764
vn -0.0026 -0.9263 0.3768
vn -0.0012 -0.4063 0.9138
vn -0.0027 -0.3932 0.9194
vn -0.0022 -0.0183 0.9998
vn -0.0022 -0.0320 0.9995
vn 0.3332 0.8820 -0.3332
vn 0.6730 0.3067 -0.6730
vn 1.0000 -0.0000 -0.0001
vn 0.7072 -0.0000 -0.7071
vn 0.0002 0.4074 -0.9133
vn 0.0006 0.9337 -0.3579
vn -0.0000 1.0000 -0.0001
vn -0.0001 -0.0000 -1.0000
vn -0.3771 0.0011 -0.9262
vn -0.9251 0.0001 -0.3797
vn -1.0000 -0.0000 -0.0001
vn -0.0011 -0.9260 0.3774
vn -0.0026 -0.4116 0.9114
vn -0.0022 -0.0371 0.9993
vn -0.0022 -0.0319 0.9995
vn -0.0016 -0.0319 0.9995
vn -0.0016 -0.0371 0.9993
vn -0.0022 -0.0182 0.9998
vn -0.0016 -0.0182 0.9998
vn -0.0021 -0.0374 0.9993
vn -0.0009 -0.0371 0.9993
vn -0.0016 -0.0092 1.0000
vt 0.336235 0.610898
vt 0.336235 0.516684
vt 0.349156 0.549888
vt 0.355617 0.613597
vt 0.336235 0.610898
vt 0.342695 0.610246
vt 0.342695 0.511677
vt 0.336235 0.516684
vt 0.336235 0.615305
vt 0.342695 0.614847
vt 0.355617 0.617251
vt 0.355617 0.613597
vt 0.657305 0.610246
vt 0.663766 0.610898
vt 0.663766 0.516684
vt 0.657305 0.511677
vt 0.657305 0.615164
vt 0.663766 0.615599
vt 0.644383 0.617398
vt 0.644383 0.613597
vt 0.663766 0.610898
vt 0.644383 0.613597
vt 0.650844 0.549888
vt 0.663766 0.516684
vt 0.336235 0.424037
vt 0.337262 0.420981
vt 0.340384 0.422504
vt 0.336066 0.423809
vt 0.366947 0.419598
vt 0.365375 0.422469
vt 0.365514 0.423518
vt 0.397103 0.615248
vt 0.397242 0.616297
vt 0.378118 0.616233
vt 0.374817 0.615383
vt 0.397242 0.617186
vt 0.375000 0.616829
vt 0.374677 0.616252
vt 0.633053 0.419598
vt 0.663034 0.421348
vt 0.659616 0.422504
vt 0.634626 0.422469
vt 0.663766 0.424037
vt 0.663583 0.423383
vt 0.634486 0.423518
vt 0.374425 0.406616
vt 0.347175 0.406616
vt 0.352659 0.404380
vt 0.375997 0.403745
vt 0.347175 0.408282
vt 0.349156 0.405379
vt 0.375997 0.405320
vt 0.347175 0.617714
vt 0.347177 0.619266
vt 0.352515 0.618992
vt 0.349156 0.617630
vt 0.374405 0.619325
vt 0.375689 0.619245
vt 0.375997 0.617671
vt 0.624003 0.405320
vt 0.650844 0.405379
vt 0.647342 0.404380
vt 0.624003 0.403745
vt 0.652825 0.408282
vt 0.652825 0.406616
vt 0.625576 0.406616
vt 0.624003 0.618229
vt 0.623713 0.619804
vt 0.647199 0.619635
vt 0.650844 0.618272
vt 0.625595 0.619873
vt 0.652825 0.619932
vt 0.652825 0.618379
vt 0.602956 0.622084
vt 0.602758 0.622099
vt 0.621910 0.621971
vt 0.625308 0.622085
vt 0.602758 0.621209
vt 0.625000 0.621209
vt 0.625319 0.621189
vt 0.602758 0.617186
vt 0.602758 0.616297
vt 0.621882 0.616233
vt 0.625000 0.616758
vt 0.602898 0.615248
vt 0.625183 0.615466
vt 0.625323 0.616252
vt 0.397044 0.622081
vt 0.374692 0.622080
vt 0.378090 0.621970
vt 0.397242 0.622099
vt 0.374681 0.621184
vt 0.375000 0.621208
vt 0.397242 0.621209
vt 0.355454 0.520153
vt 0.355617 0.519383
vt 0.381308 0.519383
vt 0.500000 0.419598
vt 0.500000 0.422469
vt 0.500000 0.423517
vt 0.370686 0.413107
vt 0.342695 0.413107
vt 0.342695 0.414733
vt 0.375997 0.609595
vt 0.375997 0.506670
vt 0.349156 0.506670
vt 0.349156 0.609595
vt 0.347175 0.508205
vt 0.347175 0.609794
vt 0.375997 0.614420
vt 0.349156 0.614395
vt 0.347175 0.614530
vt 0.652825 0.609794
vt 0.652825 0.508205
vt 0.650844 0.506670
vt 0.650844 0.609595
vt 0.624003 0.506670
vt 0.624003 0.609595
vt 0.652825 0.614863
vt 0.650844 0.614725
vt 0.624003 0.614699
vt 0.663766 0.618858
vt 0.657305 0.618574
vt 0.657305 0.620082
vt 0.663766 0.620300
vt 0.629334 0.620026
vt 0.634645 0.620247
vt 0.500000 0.619599
vt 0.499851 0.619525
vt 0.500000 0.617950
vt 0.644383 0.620034
vt 0.644383 0.621199
vt 0.618696 0.621173
vt 0.602758 0.619198
vt 0.625000 0.619198
vt 0.625320 0.619168
vt 0.500000 0.622083
vt 0.500000 0.622099
vt 0.500000 0.621209
vt 0.397242 0.619198
vt 0.375000 0.619197
vt 0.374680 0.619166
vt 0.336235 0.618270
vt 0.355617 0.619749
vt 0.355617 0.620905
vt 0.336235 0.619712
vt 0.381304 0.620932
vt 0.365355 0.619764
vt 0.644546 0.520153
vt 0.644383 0.519383
vt 0.618692 0.519383
vt 0.500000 0.617186
vt 0.500000 0.616297
vt 0.500000 0.615248
vt 0.629314 0.413107
vt 0.657305 0.413107
vt 0.657305 0.414733
vt 0.500000 0.406616
vt 0.500000 0.403745
vt 0.500000 0.405320
vt 0.342695 0.617941
vt 0.342696 0.619449
vt 0.370667 0.619505
vt 0.500000 0.519383
vt 0.500000 0.413107
vt 0.500000 0.619198
vt 0.500000 0.506670
vt 0.500000 0.620006
vt 0.500000 0.619765
vt 0.500000 0.621052
vt 0.500000 0.614560
vt 0.500000 0.609595
s 1
f 1867/1426/1362 1869/1427/1362 1879/1428/1362 1872/1429/1362
f 1867/1430/1362 1871/1431/1362 1882/1432/1362 1869/1433/1362
f 1870/1434/1362 1883/1435/1362 1871/1431/1362 1867/1430/1362
f 1884/1436/1362 1870/1434/1362 1867/1430/1362 1872/1437/1362
f 1874/1438/1363 1868/1439/1363 1878/1440/1363 1887/1441/1363
f 1888/1442/1363 1875/1443/1363 1868/1439/1363 1874/1438/1363
f 1890/1444/1363 1877/1445/1363 1868/1439/1363 1875/1443/1363
f 1868/1446/1363 1877/1447/1363 1893/1448/1363 1878/1449/1363
f 1894/1450/1362 1897/1451/1364 1898/1452/1365 1900/1453/1366
f 1895/1454/1367 1899/1455/1368 1898/1452/1369 1897/1451/1370
f 1896/1456/1371 1900/1453/1372 1898/1452/1369 1899/1455/1368
f 1901/1457/1371 1904/1458/1373 1905/1459/1374 1907/1460/1375
f 1902/1461/1376 1906/1462/1377 1905/1459/1374 1904/1458/1373
f 1903/1463/1362 1907/1460/1378 1905/1459/1379 1906/1462/1380
f 1908/1464/1367 1911/1465/1381 1912/1466/1382 1914/1467/1368
f 1909/1468/1363 1913/1469/1383 1912/1466/1384 1911/1465/1385
f 1910/1470/1386 1914/1467/1368 1912/1466/1382 1913/1469/1387
f 1915/1471/1367 1918/1472/1388 1919/1473/1389 1921/1474/1390
f 1916/1475/1362 1920/1476/1391 1919/1473/1392 1918/1472/1393
f 1917/1477/1394 1921/1474/1395 1919/1473/1396 1920/1476/1397
f 1928/1478/1398 1931/1479/1399 1932/1480/1400 1934/1481/1401
f 1929/1482/1402 1933/1483/1403 1932/1480/1404 1931/1479/1405
f 1930/1484/1406 1934/1481/1407 1932/1480/1408 1933/1483/1409
f 1938/1485/1410 1941/1486/1411 1942/1487/1412 1944/1488/1413
f 1939/1489/1363 1943/1490/1414 1942/1487/1415 1941/1486/1416
f 1940/1491/1367 1944/1488/1417 1942/1487/1418 1943/1490/1419
f 1945/1492/1420 1948/1493/1421 1949/1494/1422 1951/1495/1423
f 1946/1496/1424 1950/1497/1425 1949/1494/1426 1948/1493/1427
f 1947/1498/1363 1951/1495/1428 1949/1494/1429 1950/1497/1430
f 1955/1499/1431 1958/1500/1432 1959/1501/1433 1961/1502/1434
f 1956/1503/1376 1960/1504/1435 1959/1501/1436 1958/1500/1437
f 1957/1505/1363 1961/1502/1438 1959/1501/1439 1960/1504/1440
f 1962/1506/1376 1965/1507/1373 1966/1508/1441 1968/1509/1442
f 1963/1510/1371 1967/1511/1443 1966/1508/1441 1965/1507/1373
f 1964/1512/1363 1968/1509/1444 1966/1508/1445 1967/1511/1446
f 1969/1513/1447 1972/1514/1448 1973/1515/1449 1975/1516/1450
f 1970/1517/1362 1974/1518/1451 1973/1515/1452 1972/1514/1453
f 1971/1519/1454 1975/1516/1455 1973/1515/1456 1974/1518/1457
f 1903/1463/1362 1976/1520/1362 1978/1521/1458 1907/1460/1378
f 1907/1460/1375 1978/1521/1459 1977/1522/1371 1901/1457/1371
f 1976/1520/1362 1894/1450/1362 1900/1453/1366 1978/1521/1458
f 1978/1521/1459 1900/1453/1372 1896/1456/1371 1977/1522/1371
f 1895/1454/1367 1979/1523/1460 1981/1524/1368 1899/1455/1368
f 1899/1455/1368 1981/1524/1368 1980/1525/1371 1896/1456/1371
f 1979/1523/1460 1908/1464/1367 1914/1467/1368 1981/1524/1368
f 1981/1524/1368 1914/1467/1368 1910/1470/1386 1980/1525/1371
f 1915/1471/1367 1982/1526/1367 1984/1527/1461 1918/1472/1388
f 1918/1472/1393 1984/1527/1462 1983/1528/1362 1916/1475/1362
f 1982/1526/1367 1895/1454/1367 1897/1451/1370 1984/1527/1461
f 1984/1527/1462 1897/1451/1364 1894/1450/1362 1983/1528/1362
f 1926/1529/1410 1985/1530/1410 1987/1531/1463 1927/1532/1463
f 1927/1532/1464 1987/1531/1464 1986/1533/1362 1925/1534/1362
f 1985/1530/1410 1917/1477/1394 1920/1476/1397 1987/1531/1463
f 1987/1531/1464 1920/1476/1391 1916/1475/1362 1986/1533/1362
f 1930/1484/1406 1988/1535/1410 1990/1536/1463 1934/1481/1407
f 1934/1481/1401 1990/1536/1464 1989/1537/1362 1928/1478/1398
f 1988/1535/1410 1926/1529/1410 1927/1532/1463 1990/1536/1463
f 1990/1536/1464 1927/1532/1464 1925/1534/1362 1989/1537/1362
f 1936/1538/1363 1991/1539/1363 1993/1540/1465 1937/1541/1465
f 1937/1541/1466 1993/1540/1466 1992/1542/1410 1935/1543/1410
f 1991/1539/1363 1939/1489/1363 1941/1486/1416 1993/1540/1465
f 1993/1540/1466 1941/1486/1411 1938/1485/1410 1992/1542/1410
f 1947/1498/1363 1994/1544/1363 1996/1545/1465 1951/1495/1428
f 1951/1495/1423 1996/1545/1466 1995/1546/1420 1945/1492/1420
f 1994/1544/1363 1936/1538/1363 1937/1541/1465 1996/1545/1465
f 1996/1545/1466 1937/1541/1466 1935/1543/1410 1995/1546/1420
f 1953/1547/1363 1997/1548/1467 1999/1549/1468 1954/1550/1469
f 1954/1550/1470 1999/1549/1471 1998/1551/1472 1952/1552/1473
f 1997/1548/1467 1947/1498/1363 1950/1497/1430 1999/1549/1468
f 1999/1549/1471 1950/1497/1425 1946/1496/1424 1998/1551/1472
f 1929/1482/1402 2000/1553/1474 2002/1554/1475 1933/1483/1403
f 1933/1483/1409 2002/1554/1476 2001/1555/1410 1930/1484/1406
f 2000/1553/1474 1946/1496/1424 1948/1493/1427 2002/1554/1475
f 2002/1554/1476 1948/1493/1421 1945/1492/1420 2001/1555/1410
f 1957/1505/1363 2003/1556/1363 2005/1557/1477 1961/1502/1438
f 1961/1502/1434 2005/1557/1478 2004/1558/1479 1955/1499/1431
f 2003/1556/1363 1953/1547/1363 1954/1550/1469 2005/1557/1477
f 2005/1557/1478 1954/1550/1470 1952/1552/1473 2004/1558/1479
f 1956/1503/1376 2006/1559/1376 2008/1560/1480 1960/1504/1435
f 1960/1504/1440 2008/1560/1481 2007/1561/1363 1957/1505/1363
f 2006/1559/1376 1962/1506/1376 1968/1509/1442 2008/1560/1480
f 2008/1560/1481 1968/1509/1444 1964/1512/1363 2007/1561/1363
f 1955/1499/1431 2009/1562/1482 2011/1563/1483 1958/1500/1432
f 1958/1500/1437 2011/1563/1484 2010/1564/1376 1956/1503/1376
f 2009/1562/1482 1969/1513/1447 1975/1516/1450 2011/1563/1483
f 2011/1563/1484 1975/1516/1455 1971/1519/1454 2010/1564/1376
f 1902/1461/1376 2012/1565/1376 2014/1566/1485 1906/1462/1377
f 1906/1462/1380 2014/1566/1486 2013/1567/1362 1903/1463/1362
f 2012/1565/1376 1971/1519/1454 1974/1518/1457 2014/1566/1485
f 2014/1566/1486 1974/1518/1451 1970/1517/1362 2013/1567/1362
f 1923/1568/1362 2015/1569/1362 2017/1570/1487 1924/1571/1488
f 1924/1571/1489 2017/1570/1490 2016/1572/1491 1922/1573/1492
f 2015/1569/1362 1970/1517/1362 1972/1514/1453 2017/1570/1487
f 2017/1570/1490 1972/1514/1448 1969/1513/1447 2016/1572/1491
f 1909/1468/1363 2018/1574/1363 2020/1575/1493 1913/1469/1383
f 1913/1469/1387 2020/1575/1494 2019/1576/1371 1910/1470/1386
f 2018/1574/1363 1964/1512/1363 1967/1511/1446 2020/1575/1493
f 2020/1575/1494 1967/1511/1443 1963/1510/1371 2019/1576/1371
f 1962/1506/1376 2021/1577/1495 2023/1578/1373 1965/1507/1373
f 1965/1507/1373 2023/1578/1373 2022/1579/1496 1963/1510/1371
f 2021/1577/1495 1902/1461/1376 1904/1458/1373 2023/1578/1373
f 2023/1578/1373 1904/1458/1373 1901/1457/1371 2022/1579/1496
f 1908/1464/1367 2024/1580/1367 2026/1581/1497 1911/1465/1381
f 1911/1465/1385 2026/1581/1498 2025/1582/1499 1909/1468/1363
f 2024/1580/1367 1940/1491/1367 1943/1490/1419 2026/1581/1497
f 2026/1581/1498 1943/1490/1414 1939/1489/1363 2025/1582/1499
f 1940/1491/1367 2027/1583/1500 2029/1584/1501 1944/1488/1417
f 1944/1488/1413 2029/1584/1502 2028/1585/1503 1938/1485/1410
f 2027/1583/1500 1915/1471/1367 1921/1474/1390 2029/1584/1501
f 2029/1584/1502 1921/1474/1395 1917/1477/1394 2028/1585/1503
f 1928/1478/1398 2030/1586/1362 2032/1587/1504 1931/1479/1399
f 1931/1479/1405 2032/1587/1505 2031/1588/1506 1929/1482/1402
f 2030/1586/1362 1923/1568/1362 1924/1571/1488 2032/1587/1504
f 2032/1587/1505 1924/1571/1489 1922/1573/1492 2031/1588/1506
f 1880/1589/1371 1977/1522/1371 1896/1456/1371 1980/1525/1371
f 1982/1526/1367 1881/1590/1367 1979/1523/1367 1895/1454/1367
f 1869/1433/1362 1882/1432/1362 1983/1528/1362 1894/1450/1362
f 1894/1450/1362 1976/1520/1362 1879/1428/1362 1869/1427/1362
f 2022/1579/1371 1901/1457/1371 1977/1522/1371 1880/1589/1371
f 1903/1463/1362 1872/1429/1362 1879/1428/1362 1976/1520/1362
f 2013/1567/1362 1884/1436/1362 1872/1437/1362 1903/1463/1362
f 1902/1461/1376 2021/1577/1376 1892/1591/1376 2012/1565/1376
f 1881/1590/1367 2024/1580/1367 1908/1464/1367 1979/1523/1367
f 2019/1576/1371 1880/1589/1371 1980/1525/1371 1910/1470/1371
f 1887/1441/1363 1878/1440/1363 1909/1468/1363 2025/1582/1363
f 1909/1468/1363 1878/1449/1363 1893/1448/1363 2018/1574/1363
f 1882/1432/1362 1986/1533/1362 1916/1475/1362 1983/1528/1362
f 1917/1477/1410 1985/1530/1410 1885/1592/1410 2028/1585/1410
f 1915/1471/1367 2027/1583/1367 1881/1590/1367 1982/1526/1367
f 2015/1569/1362 1923/1568/1362 1870/1434/1362 1884/1436/1362
f 2031/1588/1506 1922/1573/1507 1876/1593/1508 1889/1594/1509
f 1922/1573/1507 2016/1572/1510 1891/1595/1511 1876/1593/1508
f 1923/1568/1362 2030/1586/1362 1883/1435/1362 1870/1434/1362
f 1883/1435/1362 1989/1537/1362 1925/1534/1362 1871/1431/1362
f 1871/1431/1362 1925/1534/1362 1986/1533/1362 1882/1432/1362
f 1926/1529/1410 1988/1535/1410 1886/1596/1410 1873/1597/1410
f 1985/1530/1410 1926/1529/1410 1873/1597/1410 1885/1592/1410
f 1988/1535/1410 1930/1484/1410 2001/1555/1410 1886/1596/1410
f 1929/1482/1512 2031/1588/1506 1889/1594/1509 2000/1553/1474
f 2030/1586/1362 1928/1478/1362 1989/1537/1362 1883/1435/1362
f 1873/1597/1410 1886/1596/1410 1995/1546/1410 1935/1543/1410
f 1936/1538/1363 1874/1438/1363 1887/1441/1363 1991/1539/1363
f 1885/1592/1410 1873/1597/1410 1935/1543/1410 1992/1542/1410
f 1994/1544/1363 1888/1442/1363 1874/1438/1363 1936/1538/1363
f 1991/1539/1363 1887/1441/1363 2025/1582/1363 1939/1489/1363
f 2027/1583/1367 1940/1491/1367 2024/1580/1367 1881/1590/1367
f 2028/1585/1410 1885/1592/1410 1992/1542/1410 1938/1485/1410
f 1947/1498/1363 1997/1548/1363 1888/1442/1363 1994/1544/1363
f 2000/1553/1474 1889/1594/1509 1998/1551/1513 1946/1496/1424
f 1886/1596/1410 2001/1555/1410 1945/1492/1410 1995/1546/1410
f 1889/1594/1509 1876/1593/1508 1952/1552/1473 1998/1551/1513
f 1997/1548/1363 1953/1547/1363 1875/1443/1363 1888/1442/1363
f 2003/1556/1363 1890/1444/1363 1875/1443/1363 1953/1547/1363
f 1876/1593/1508 1891/1595/1511 2004/1558/1479 1952/1552/1473
f 1891/1595/1511 2009/1562/1514 1955/1499/1431 2004/1558/1479
f 1957/1505/1363 2007/1561/1363 1890/1444/1363 2003/1556/1363
f 1892/1591/1376 2006/1559/1376 1956/1503/1376 2010/1564/1376
f 2021/1577/1376 1962/1506/1376 2006/1559/1376 1892/1591/1376
f 1964/1512/1363 2018/1574/1363 1893/1448/1363 1877/1447/1363
f 1963/1510/1371 2022/1579/1371 1880/1589/1371 2019/1576/1371
f 2007/1561/1363 1964/1512/1363 1877/1445/1363 1890/1444/1363
f 2012/1565/1376 1892/1591/1376 2010/1564/1376 1971/1519/1376
f 1970/1517/1362 2015/1569/1362 1884/1436/1362 2013/1567/1362
f 2016/1572/1510 1969/1513/1447 2009/1562/1514 1891/1595/1511
